program_officer,primary_ic,total_grants,last_fy,top_standing_study_sections,top_special_emphasis_panels,activity_codes
Timothy A Gondre-Lewis,NIAID,606,2026,"AITC (161, 27%); MID (13, 2%); CMIA (10, 2%); MID-B (10, 2%); MABS (7, 1%)","ZRG1-F07B (140, 23%); ZRG1-F07C (32, 5%); ZRG1-IIDA (29, 5%); ZAI1-VSR (14, 2%); ZRG1-F07A (14, 2%)",F31 (141); F30 (74); K08 (71); T32 (57); R01 (44); DP2 (39)
Jenny Lily Kim,NINDS,374,2026,"NST-4 (39, 10%); NST-2 (25, 7%)","ZRG1-F03A (99, 26%); ZRG1-F02B (43, 11%); ZRG1-F01A (40, 11%); ZRG1-F03B (33, 9%); ZRG1-F03C (30, 8%)",F31 (295); F32 (79)
Rachel Sare,NIA,287,2026,"AGCD-1 (15, 5%); CDIN (15, 5%); BNRS (12, 4%); CNN (11, 4%); MESH (9, 3%)","ZRG1-F03C (47, 16%); ZRG1-F03A (34, 12%); ZRG1-F01A (23, 8%); ZRG1-F03B (18, 6%); ZRG1-F01B (7, 2%)",R01 (92); F31 (80); F30 (58); R21 (20); K99 (12); RF1 (5)
Mark W Damico,NCI,286,2026,"NCI-F (66, 23%); NCI-I (3, 1%)","ZRG1-F09B (40, 14%); ZCA1-SRB (39, 14%); ZRG1-F09A (35, 12%); ZCA1-RTRB (32, 11%); ZCA1-PCRB (20, 7%)",K00 (105); F30 (98); T32 (48); K12 (29); R38 (3); K38 (3)
Zuoyu Xu,NIAID,283,2026,"DDR (22, 8%); DMPA (16, 6%); AIRT (12, 4%); CSB (8, 3%); MID (7, 2%)","ZRG1-DCAI (45, 16%); ZRG1-F07A (13, 5%); ZRG1-MCST (10, 4%); ZRG1-DDR (8, 3%); ZRG1-F04A (7, 2%)",R01 (116); R21 (59); F31 (19); R44 (19); R43 (12); R03 (8)
Arthur Castle,NIDDK,278,2026,"DDK-B (69, 25%); DDK-E (45, 16%); SMEP (9, 3%); DDK-D (7, 3%); HSDO (7, 3%)","ZDK1-GRB (79, 28%); ZRG1-EMS (16, 6%); ZRG1-F06B (15, 5%); ZRG1-PSE (3, 1%); ZRG1-KUDS (2, 1%)",F31 (75); T32 (55); R01 (41); F30 (38); F32 (31); T35 (19)
Joyce Chin-Chin Ng Stamm,NIGMS,268,2026,"TWD-B (27, 10%); TWD-D (20, 7%); MRAD (16, 6%); TWD-C (14, 5%); TWD-A (13, 5%)","ZRG1-F05 (41, 15%); ZGM1-TWD (20, 7%); ZRG1-F08 (17, 6%); ZRG1-CB (16, 6%); ZRG1-F04 (13, 5%)",T32 (68); F31 (52); R35 (44); F32 (38); R01 (26); R25 (25)
Zuzana Justinova,NIGMS,268,2026,"MRAD (27, 10%); MRAC (15, 6%); SAT (15, 6%); BBM (14, 5%); MRAE (12, 4%)","ZRG1-CB (42, 16%); ZRG1-MBBC (23, 9%); ZRG1-MCST (23, 9%); ZRG1-CDB (19, 7%); ZRG1-BBBT (11, 4%)",R35 (162); R01 (42); R43 (24); R44 (18); R41 (8); K08 (7)
Lauren Elizabeth Ullrich,NINDS,264,2026,"NST-3 (69, 26%); NST-2 (38, 14%); NST-1 (2, 1%)","ZNS1-SRB (91, 34%); ZRG1-CN (20, 8%); ZMH1-ERB (16, 6%); ZRG1-ICN (10, 4%); ZRG1-AN (9, 3%)",K99 (86); F99 (60); K00 (38); T32 (32); K01 (25); R25 (16)
Marguerite Matthews,NINDS,260,2026,,"ZRG1-F03A (62, 24%); ZNS1-SRB (52, 20%); ZRG1-F02B (35, 13%); ZRG1-F01A (34, 13%); ZRG1-F03B (20, 8%)",F31 (168); R25 (58); F30 (27); OT2 (4); S10 (2); FM1 (1)
Kavon Paul Rezaizadeh,NINDS,257,2026,"NST-1 (159, 62%); ICSC (1, 0%)","ZNS1-SRB (59, 23%); ZRG1-CN (16, 6%); ZRG1-NV (6, 2%); ZRG1-CTH (3, 1%); ZRG1-NINC (2, 1%)",K23 (116); K08 (108); UE5 (26); T32 (4); K02 (3)
Nancy L Ernst,NIAID,254,2026,"PCMB (30, 12%); BV (17, 7%); BACP (13, 5%); MID-B (12, 5%); IMII (9, 4%)","ZRG1-F07A (21, 8%); ZRG1-IIDA (13, 5%); ZRG1-IIDB (8, 3%); ZRG1-IDIA (7, 3%); ZRG1-MGG (6, 2%)",R01 (93); R21 (78); F31 (15); F32 (9); R03 (9); K08 (7)
Jeremy Colin McIntyre,NIGMS,252,2026,"TWD-C (37, 15%); TWD-D (31, 12%); TWD-A (28, 11%)","ZRG1-F05 (33, 13%); ZGM1-TWD (31, 12%); ZRG1-F08 (16, 6%); ZGM1-RCB (16, 6%); ZRG1-F04B (12, 5%)",T32 (98); F31 (64); K99 (32); T34 (19); F30 (18); R16 (18)
Jaclyn Rebecca Schurman,NIDCD,251,2026,"CDRC (2, 1%); AUD (2, 1%); HIBP (1, 0%); RPPH (1, 0%); IMII (1, 0%)","ZDC1-SRB (213, 85%); ZRG1-F02B (5, 2%); ZRG1-BP (5, 2%); ZRG1-F01B (4, 2%); ZRG1-CN (4, 2%)",F31 (115); F32 (46); T32 (26); F30 (24); R25 (24); R01 (8)
Neeraj Agarwal,NEI,249,2026,"PED1 (2, 1%); PED2 (2, 1%)","ZEY1-VSN (103, 41%); ZRG1-F03B (42, 17%); ZRG1-F05 (36, 14%); ZRG1-F02B (23, 9%); ZRG1-F03A (12, 5%)",F31 (69); K08 (41); K99 (38); F32 (28); F30 (28); K23 (25)
Chien-Chung Chao,NIGMS,247,2026,"MRAD (52, 21%); SAT (44, 18%); MRAC (20, 8%); CIDH (4, 2%); CSRS (4, 2%)","ZRG1-CB (34, 14%); ZRG1-CDB (20, 8%); ZRG1-MCST (9, 4%); ZRG1-MRAD (8, 3%); ZRG1 (7, 3%)",R35 (147); R01 (54); K23 (12); K08 (12); R33 (7); R15 (5)
Dona Love,NIAID,244,2026,"PTHE (61, 25%); HCAC (15, 6%); IHD (11, 5%); AIRT (10, 4%); GVE (9, 4%)","ZRG1-F07C (23, 9%); ZRG1-IIDA (13, 5%); ZRG1-IDM (8, 3%); ZAI1-AWA (5, 2%); ZRG1-IDIA (4, 2%)",R01 (107); R21 (62); F31 (16); F32 (6); DP2 (5); F30 (5)
Yansong Bian,NCI,244,2026,"NCI-J (158, 65%); NCI-F (4, 2%); NCI-I (2, 1%)","ZRG1-F09C (52, 21%); ZRG1-CTH (17, 7%); ZRG1-CCHI (4, 2%); ZCA1-RTRB (1, 0%); ZRG1-F10C (1, 0%)",K08 (186); F30 (53); K12 (5)
Deirdre A Joy,NIAID,241,2026,"PTHE (69, 29%); DDR (13, 5%); EDIT (10, 4%); GVE (6, 2%); MSFC (6, 2%)","ZRG1-IIDA (21, 9%); ZRG1-F07B (18, 7%); ZRG1-DCAI (14, 6%); ZRG1-IDM (10, 4%); ZRG1-AIDC (8, 3%)",R01 (122); R21 (51); F31 (9); R44 (8); DP2 (7); R03 (6)
Ashley Fortress,NEI,237,2026,"BDE (25, 11%); PED2 (12, 5%); PED1 (6, 3%); DPVS (4, 2%); NDPR (4, 2%)","ZEY1-VSN (67, 28%); ZRG1-F02B (46, 19%); ZRG1-ICN (9, 4%); ZRG1-NV (9, 4%); ZRG1-F03B (9, 4%)",R01 (74); F31 (35); T32 (33); K99 (23); F32 (16); F30 (15)
Edgardo Falcon-Morales,NIDA,229,2026,"NIDA-K (5, 2%); ARM (3, 1%); CPDD (2, 1%); NIDA-S-K (1, 0%); LHB (1, 0%)","ZRG1-F02A (102, 45%); ZRG1-F03B (32, 14%); ZRG1-F02B (20, 9%); ZDA1-SKM (9, 4%); ZRG1-F01B (8, 3%)",F31 (132); F32 (32); F30 (31); T32 (25); K01 (3); K23 (2)
Han Nguyen,NIGMS,226,2026,"BDMA (17, 8%); MRAA (16, 7%); MRAE (11, 5%); MRAB (10, 4%); MSFA (10, 4%)","ZRG1-MCST (26, 12%); ZRG1-MBBC (23, 10%); ZRG1-CB (22, 10%); ZRG1-MGG (19, 8%); ZGM1-BBCB (17, 8%)",R35 (128); R01 (69); R44 (9); R43 (5); R24 (5); R21 (4)
Hana M Odeh,NCI,226,2026,,"ZRG1-F09B (87, 38%); ZCA1-RTRB (29, 13%); ZRG1-F05 (25, 11%); ZRG1-F08 (15, 7%); ZRG1-F09A (14, 6%)",F31 (116); F30 (46); F32 (25); F99 (24); K00 (15)
Jiong Yang,NIGMS,224,2026,"MRAB (46, 21%); MRAE (35, 16%); CSB (31, 14%); SBCA (21, 9%); SBCB (14, 6%)","ZRG1-CB (45, 20%); ZRG1-MBBC (26, 12%); ZRG1-BCMB (25, 11%); ZRG1 (14, 6%); ZGM1 (1, 0%)",R35 (153); R01 (49); R15 (19); R16 (1); R00 (1); DP2 (1)
Sergey Radaev,NCI,219,2026,"NCI-J (83, 38%); NCI-F (24, 11%); NCI-I (1, 0%); ICSC (1, 0%)","ZCA1-RTRB (67, 31%); ZRG1-CDPT (27, 12%); ZRG1-RPHB (3, 1%); ZRG1-RCCS (3, 1%); ZRG1-CCHI (3, 1%)",K08 (85); K99 (75); K01 (30); R25 (29)
Annie X Y Mo,NIAID,218,2026,"DDR (23, 11%); AIRT (17, 8%); DMPA (15, 7%); VMD (11, 5%); VID (9, 4%)","ZRG1-DCAI (38, 17%); ZRG1-AIDC (20, 9%); ZRG1-F07B (9, 4%); ZAI1-AMC (5, 2%); ZRG1-IIDA (5, 2%)",R01 (105); R21 (50); U01 (9); R44 (9); F31 (7); R41 (5)
Corinne A Boulanger-Espeut,NCI,218,2026,"NCI-F (57, 26%); NCI-J (44, 20%); NCI-I (21, 10%); ICSC (1, 0%)","ZRG1-F10C (13, 6%); ZRG1-BTC (12, 6%); ZRG1-F16 (11, 5%); ZRG1-CDPT (11, 5%); ZRG1-F04B (9, 4%)",T32 (69); F31 (60); K08 (54); K99 (35)
Svetlana Kotliarova,NINDS,218,2026,"CNBT (61, 28%); MCT1 (11, 5%); DT (9, 4%); MCTB (6, 3%); ATA (6, 3%)","ZRG1-BTC (8, 4%); ZRG1-CN (7, 3%); ZNS1-SRB (6, 3%); ZRG1-OTC (4, 2%); ZRG1-MCTC (3, 1%)",R01 (174); R21 (20); R03 (6); R35 (5); R16 (4); K08 (2)
Mark Ray Chavez,NIMH,217,2026,"APDA (52, 24%); NPAS (28, 13%); ALP (10, 5%); MESH (5, 2%); NMBH (3, 1%)","ZMH1-ERB (72, 33%); ZRG1-BP (13, 6%); ZRG1-CN (10, 5%); ZRG1-HSS (3, 1%); ZRG1-BBBP (3, 1%)",K23 (77); T32 (36); K01 (33); R25 (17); R01 (13); K99 (10)
Shahida Baqar,NIAID,215,2026,"BHI (20, 9%); BV (16, 7%); HIBP (16, 7%); BACP (15, 7%); PCMB (11, 5%)","ZRG1-F07A (13, 6%); ZRG1-IIDB (9, 4%); ZRG1-IDIA (7, 3%); ZRG1-IMII (5, 2%); ZAI1-AWA (5, 2%)",R01 (117); R21 (46); F31 (9); F32 (7); R03 (5); F30 (5)
Mechelle Mayleben Lewis,NIGMS,207,2026,"MRAB (26, 13%); MRAC (18, 9%); MRAE (15, 7%); MIST (8, 4%); MRAD (8, 4%)","ZRG1-CB (30, 14%); ZRG1-MBBC (20, 10%); ZRG1-CDB (17, 8%); ZRG1-MCST (7, 3%); ZRG1-F04 (4, 2%)",R35 (135); R01 (57); F32 (9); R15 (4); DP2 (2)
Jill A Morris,NINDS,206,2026,"DBD (30, 15%); NOMD (18, 9%); TAG (15, 7%); CMBG (11, 5%); MNG (6, 3%)","ZRG1-CDB (28, 14%); ZNS1-SRB (10, 5%); ZRG1-MGG (6, 3%); ZRG1-BN (5, 2%); ZRG1-CN (4, 2%)",R01 (120); R21 (26); UG3 (14); UH3 (12); R03 (6); R35 (5)
Ronald Adkins,NIGMS,203,2026,"MRAA (55, 27%); MRAF (32, 16%); GVE (18, 9%); GCAT (1, 0%); MRAD (1, 0%)","ZRG1-CB (43, 21%); ZRG1-MGG (32, 16%); ZRG1-GGG (16, 8%); ZRG1 (5, 2%); ZRG1-MRAF (4, 2%)",R35 (166); R01 (28); R15 (3); R00 (2); R16 (2); DP2 (1)
Alexandra M Ainsztein,NIGMS,202,2026,"MRAC (37, 18%); MRAD (26, 13%); CSF1 (17, 8%); MSFC (14, 7%); MRAB (10, 5%)","ZRG1-CB (42, 21%); ZRG1-CDB (24, 12%); ZRG1-MBBC (9, 4%); ZRG1 (7, 3%); ZRG1-BCMB (3, 1%)",R35 (129); R01 (63); R15 (6); R00 (2); R16 (1); RM1 (1)
William Patrick Daley,NINDS,202,2026,"HCCS (20, 10%); BINP (18, 9%); CNBT (18, 9%); CMND (14, 7%); ANIE (7, 3%)","ZNS1-SRB (16, 8%); ZRG1-MDCN (13, 6%); ZRG1-CN (12, 6%); ZRG1-BN (11, 5%); ZMH1-ERB (5, 2%)",R01 (137); R21 (24); R35 (8); RF1 (7); R56 (4); K00 (3)
Kathryn K Stein,NICHD,200,2026,"CHHD-C (30, 15%); DEV2 (23, 12%); DEV1 (10, 5%); PN (6, 3%); SBDD (5, 2%)","ZRG1-F05 (32, 16%); ZRG1-F08 (14, 7%); ZRG1-F03A (10, 5%); ZHD1-DSR (7, 4%); ZRG1-MGG (4, 2%)",R01 (59); F31 (34); R21 (20); R13 (17); R03 (14); F30 (14)
Thomas Artis Boddie,NIDDK,200,2026,"DDK-F (61, 30%); DDK-E (12, 6%); DDK-G (3, 2%); DDK-C (2, 1%); DDK-B (1, 0%)","ZDK1-GRB (77, 38%); ZRG1-F12A (16, 8%); ZRG1-F12C (10, 5%); ZRG1-F06B (6, 3%); ZRG1-KUDS (3, 2%)",F31 (127); F30 (36); F32 (29); R25 (8)
Tong Li,NIA,197,2026,"CMND (40, 20%); CDIN (24, 12%); MSFB (16, 8%); MNG (6, 3%); CMBG (5, 3%)","ZRG1-AN (23, 12%); ZAG1-ZIJ (11, 6%); ZRG1-MDCN (10, 5%); ZRG1-BDCN (8, 4%); ZAG1-SRC (4, 2%)",R01 (131); R21 (39); RF1 (5); R03 (4); R00 (3); U24 (3)
Marcel Salive,NIA,195,2026,"AGCD-3 (13, 7%); NIA-C (11, 6%); HSQE (7, 4%); AIMR (7, 4%); HSOD (6, 3%)","ZAG1-ZIJ (46, 24%); ZRG1-HSS (20, 10%); ZRG1-CCHI (5, 3%); ZRG1-HDM (3, 2%); ZHL1-CSR (3, 2%)",R01 (71); R03 (16); K24 (12); K01 (12); K23 (11); K76 (10)
Susan E Lim,NCI,195,2026,"NCI-F (95, 49%); NCI-J (67, 34%)","ZRG1-BTC (15, 8%); ZCA1-RTRB (12, 6%); ZRG1-CTH (12, 6%); ZRG1-SCIL (2, 1%); ZRG1-MSOS (1, 1%)",T32 (115); K08 (80)
Amanda Dibattista,NIA,194,2026,"CDIN (13, 7%); CMBG (11, 6%); CMND (10, 5%); CMAD (6, 3%); NOMD (6, 3%)","ZAG1-ZIJ (48, 25%); ZRG1-AN (15, 8%); ZRG1-CB (13, 7%); ZRG1-MDCN (13, 7%); ZRG1-BDCN (6, 3%)",R01 (120); R21 (31); RF1 (16); R33 (8); R03 (3); R56 (3)
Lataisia Cherie Jones,NIGMS,194,2026,"TWD-A (23, 12%); TWD-B (18, 9%); TWD-D (1, 1%); TWD-C (1, 1%)","ZGM1-TWD (33, 17%); ZRG1-CB (31, 16%); ZRG1-F04A (21, 11%); ZRG1-CDB (16, 8%); ZRG1-F04 (14, 7%)",F32 (59); R25 (54); T32 (45); K99 (36)
Christine Maric-Bilkan,NIDDK,193,2026,"DDK-G (40, 21%); PBKD (32, 17%); DDK-D (20, 10%); KMBD (6, 3%); IVPP (3, 2%)","ZDK1-GRB (43, 22%); ZDK1-SRC (14, 7%); ZRG1-KUDS (13, 7%); ZRG1-F12B (8, 4%); ZRG1-DKUS (6, 3%)",R01 (62); F31 (32); R25 (27); F30 (23); F32 (20); TL1 (18)
Lisa A Opanashuk,NIA,193,2026,"CMBG (37, 19%); CDIN (13, 7%); AGCD-1 (8, 4%); CNN (7, 4%); CMND (7, 4%)","ZRG1-AN (31, 16%); ZAG1-ZIJ (18, 9%); ZRG1-MDCN (9, 5%); ZRG1-BDCN (8, 4%); ZRG1-IVBH (5, 3%)",R01 (129); R21 (23); K99 (10); R03 (8); RF1 (7); P01 (4)
Kevin Czaplinski,NIGMS,192,2026,"MRAA (35, 18%); MRAF (15, 8%); MG (13, 7%); MRAC (13, 7%); MGB (8, 4%)","ZRG1-CB (44, 23%); ZRG1-MGG (26, 14%); ZRG1 (9, 5%); ZRG1-CDB (5, 3%); ZRG1-MBBC (5, 3%)",R35 (135); R01 (48); R15 (6); DP2 (2); DP1 (1)
Charles Ashley Barnes,NIGMS,189,2026,"EBIT (31, 16%); MRAB (16, 8%); ISD (7, 4%); MRAE (6, 3%); MSFB (3, 2%)","ZRG1-MCST (48, 25%); ZRG1-CB (14, 7%); ZRG1-BBBT (14, 7%); ZRG1-MBBC (12, 6%); ZRG1-BST (6, 3%)",R35 (82); R01 (62); R44 (10); R43 (8); R21 (6); R41 (5)
Chelsea Marie Haakenson,NIA,189,2026,"AGCD-2 (17, 9%); AGCD-3 (13, 7%); NIA-N (12, 6%); AGCD-4 (9, 5%); NIA-B (4, 2%)","ZAG1-ZIJ (45, 24%); ZRG1-AN (14, 7%); ZRG1-F03A (9, 5%); ZRG1-F03C (8, 4%); ZRG1-F03B (5, 3%)",K01 (34); F32 (21); R01 (21); K00 (17); T32 (13); K08 (13)
Alvin Tien-Wei Yeh,NIGMS,188,2026,"CMT (16, 9%); ISD (11, 6%); MRAB (11, 6%); GCAT (11, 6%); EBIT (9, 5%)","ZRG1-MCST (34, 18%); ZRG1-CB (17, 9%); ZRG1-BBBT (14, 7%); ZRG1-MBBC (13, 7%); ZRG1-MGG (6, 3%)",R01 (74); R35 (67); R21 (16); R44 (9); R43 (8); DP2 (7)
Charles H Washabaugh,NIAMS,188,2026,"AMS (36, 19%); MRS (30, 16%); AMSC (23, 12%); SBSR (7, 4%); MTE (7, 4%)","ZRG1-MSOS (12, 6%); ZRG1-F10B (5, 3%); ZAR1-SP (4, 2%); ZRG1-CCHI (4, 2%); ZRG1-SCIL (4, 2%)",R01 (91); K23 (19); R21 (18); R13 (10); R34 (9); K01 (7)
Coryse St Hillaire-Clarke,NIA,188,2026,"ASG (12, 6%); CDIN (8, 4%); AUD (7, 4%); MFSR (5, 3%); MRS (5, 3%)","ZAG1-ZIJ (29, 15%); ZRG1-NV (9, 5%); ZRG1-AN (8, 4%); ZRG1-PSE (6, 3%); ZRG1-BDCN (5, 3%)",R01 (101); R21 (24); K00 (8); RF1 (6); R03 (5); K01 (5)
Holly Lynn Storkel,NIDCD,188,2026,"LCOM (84, 45%); CDRC (28, 15%); MFSR (18, 10%); CPDD (6, 3%); NMBH (1, 1%)","ZRG1-BP (23, 12%); ZDC1-SRB (11, 6%); ZRG1-BBBP (7, 4%); ZRG1-IVBH (2, 1%); ZRG1-IFCN (1, 1%)",R01 (117); R21 (52); R13 (7); R15 (4); P50 (2); R03 (2)
Martha C Flanders,NEI,188,2026,"NBVP (82, 44%); SPC (16, 9%); LMDN (3, 2%); HCMF (3, 2%); NTRC (3, 2%)","ZRG1-ICN (19, 10%); ZEY1-VSN (16, 9%); ZRG1-IFCN (13, 7%); ZRG1-BN (6, 3%); ZRG1-NV (4, 2%)",R01 (144); R21 (36); DP2 (4); DP1 (1); R15 (1); R00 (1)
Anne Gershenson,NIGMS,187,2026,"MRAB (37, 20%); MRAE (15, 8%); MSFA (14, 7%); MSFD (9, 5%); MSFB (8, 4%)","ZRG1-CB (24, 13%); ZRG1-MBBC (21, 11%); ZRG1-MCST (16, 9%); ZRG1-BCMB (11, 6%); ZRG1 (6, 3%)",R35 (113); R01 (43); R43 (7); R15 (6); R24 (4); R44 (4)
Michael Sakalian,NIGMS,187,2026,"MRAB (26, 14%); MRAE (16, 9%); MSFB (13, 7%); MRAF (10, 5%); MSFC (8, 4%)","ZRG1-CB (25, 13%); ZRG1-MGG (17, 9%); ZRG1-MBBC (14, 7%); ZRG1-BCMB (8, 4%); ZRG1-MCST (6, 3%)",R35 (117); R01 (44); R15 (9); R44 (8); R24 (3); DP2 (2)
Yogesh Prabhakar Wairkar,NIGMS,187,2026,"MRAA (24, 13%); MRAC (14, 7%); MRAF (11, 6%); MG (8, 4%); MRAD (8, 4%)","ZRG1-CB (24, 13%); ZRG1-MGG (21, 11%); ZRG1-MBBC (10, 5%); ZRG1-CDB (5, 3%); ZRG1-BCMB (3, 2%)",R35 (114); R01 (65); R15 (3); DP2 (3); RM1 (1); R00 (1)
Baishali Maskeri,NIGMS,186,2026,"MRAA (22, 12%); MRAC (20, 11%); CSRS (15, 8%); MRAD (13, 7%); MRAF (8, 4%)","ZRG1-CB (42, 23%); ZRG1-MGG (12, 6%); ZRG1-CDB (9, 5%); ZRG1 (8, 4%); ZRG1-GGG (6, 3%)",R35 (126); R01 (52); R15 (4); DP2 (2); R24 (1); RM1 (1)
Terez Shea-Donohue,NIDDK,186,2026,"DNPD (61, 33%); DHMI (22, 12%); GMPB (5, 3%); NCF (2, 1%); NMHD (2, 1%)","ZDK1-GRB (33, 18%); ZRG1-DKUS (20, 11%); ZRG1-KUDS (18, 10%); ZRG1-DNPD (9, 5%); ZDK1 (6, 3%)",R01 (161); U01 (14); R15 (2); U24 (2); R25 (2); DP1 (2)
Charles Kwaku Ansong,NIGMS,185,2026,"MRAD (20, 11%); MSFA (17, 9%); MRAB (14, 8%); MRAE (11, 6%); MRAC (8, 4%)","ZRG1-CB (37, 20%); ZRG1-MBBC (16, 9%); ZRG1-CDB (14, 8%); ZRG1 (8, 4%); ZRG1-CVRS (4, 2%)",R35 (122); R01 (46); R15 (10); DP2 (5); R24 (1); P41 (1)
Lesley Conrad Dupuy,NIAID,185,2026,"VDT (21, 11%); VIRA (18, 10%); MCV (15, 8%); VIRB (13, 7%); VPI (11, 6%)","ZRG1-F07C (13, 7%); ZRG1-DCAI (9, 5%); ZAI1-FDS (8, 4%); ZRG1-IDIA (6, 3%); ZRG1-VDT (4, 2%)",R01 (81); R21 (48); F30 (7); R03 (7); F31 (6); U19 (5)
Melissa Parisi,NICHD,185,2026,"CPDD (29, 16%); CHHD-H (10, 5%); DBD (9, 5%); GHD (6, 3%); TAG (4, 2%)","ZHD1-DSR (12, 6%); ZRG1-F03A (8, 4%); ZRG1-BP (7, 4%); ZRG1-BBBP (6, 3%); ZRG1-F01A (5, 3%)",R01 (80); R21 (26); F31 (14); P50 (12); K23 (10); F30 (8)
Michael Minnicozzi,NIAID,185,2026,"LCMI (12, 6%); SAT (7, 4%); IMHA (4, 2%); IHD (3, 2%); CRD (3, 2%)","ZRG1-DCAI (37, 20%); ZRG1-IIDB (10, 5%); ZRG1-MCST (9, 5%); ZRG1-RCCS (8, 4%); ZRG1-IMHA (8, 4%)",R01 (56); R44 (35); R43 (25); R21 (24); R41 (17); U01 (9)
Linda Macarthur,NIGMS,184,2026,"MRAA (26, 14%); MRAF (19, 10%); MG (14, 8%); GVE (7, 4%); CSF1 (6, 3%)","ZRG1-CB (40, 22%); ZRG1-MGG (23, 12%); ZRG1-CDB (9, 5%); ZRG1 (4, 2%); ZRG1-CVRS (3, 2%)",R35 (118); R01 (55); R15 (6); DP2 (3); DP1 (1); R16 (1)
Marie Deborahgaynelle Harton,NIGMS,184,2026,"MRAB (30, 16%); MRAE (25, 14%); TWD-D (13, 7%); TWD-C (8, 4%); SBCB (5, 3%)","ZRG1-CB (16, 9%); ZRG1-MCST (16, 9%); ZGM1-TWD (13, 7%); ZRG1-MBBC (12, 7%); ZRG1-BCMB (11, 6%)",R35 (102); R01 (27); T34 (21); R15 (17); K99 (13); T32 (2)
Monika Aggarwal,OD,184,2026,"STOD (8, 4%)","ZRG1-CDB (63, 34%); ZRG1-ISB (42, 23%); ZRG1-MBBC (36, 20%); ZRG1-MCST (32, 17%); ZRG1-KUDS (2, 1%)",S10 (173); C06 (8); R24 (2); R41 (1)
Yu Lin,NIDA,184,2026,"NIDA-K (31, 17%); HCCS (6, 3%); NMB (4, 2%); PMDA (3, 2%); HVCD (2, 1%)","ZRG1-F02A (26, 14%); ZDA1-SKM (13, 7%); ZDA1-SXM (11, 6%); ZDA1-HXO (8, 4%); ZRG1-F02B (7, 4%)",R01 (36); K99 (34); R00 (34); F30 (29); F32 (12); K01 (10)
George Ann McKie,NEI,183,2026,"PED1 (50, 27%); PED2 (41, 22%); BDE (20, 11%); GDD (2, 1%); IBV (2, 1%)","ZRG1-NV (23, 13%); ZRG1-BDCN (19, 10%); ZRG1-ETTN (8, 4%); ZEY1-VSN (4, 2%); ZRG1-IBV (3, 2%)",R01 (142); R21 (33); U24 (4); R56 (2); U01 (1); R15 (1)
Miljan Simonovic,NIGMS,183,2026,"MRAE (29, 16%); MRAB (26, 14%); MSFA (22, 12%); SBCB (5, 3%); CBP (5, 3%)","ZRG1-CB (30, 16%); ZRG1-MBBC (20, 11%); ZRG1-BCMB (16, 9%); ZRG1 (10, 5%); ZRG1-MCST (5, 3%)",R35 (114); R01 (53); DP2 (6); R15 (3); R21 (3); F32 (3)
Cindy Roy,NIDDK,182,2026,"BBHV (42, 23%); HTBT (33, 18%); DDK-D (29, 16%); MCH (10, 5%); NMHD (7, 4%)","ZDK1-GRB (21, 12%); ZRG1-IVBH (10, 5%); ZRG1-VH (4, 2%); ZRG1-EMS (2, 1%); ZRG1-CDB (1, 1%)",R01 (106); R56 (12); K01 (12); K08 (9); R03 (8); K99 (5)
Guoqin Yu,NIGMS,182,2026,"MRAF (18, 10%); MRAA (14, 8%); BDMA (6, 3%); MABS (6, 3%); GCAT (5, 3%)","ZRG1-CB (29, 16%); ZRG1-MCST (23, 13%); ZRG1-MGG (14, 8%); ZGM1-BBCB (12, 7%); ZRG1-GGG (11, 6%)",R35 (118); R01 (41); R44 (9); R24 (6); R43 (4); DP2 (2)
Shakira M Nelson,NIGMS,182,2026,"TWD-A (35, 19%); TWD-B (17, 9%); TWD-C (16, 9%); TWD-D (13, 7%); MRAC (6, 3%)","ZGM1-TWD (52, 29%); ZRG1-MGG (13, 7%); ZRG1-MBBC (12, 7%); ZRG1-CDB (6, 3%); ZRG1-CB (5, 3%)",T32 (54); K99 (45); R01 (24); R35 (20); T34 (19); K12 (12)
Jamie Danielle Driscoll,NIMH,181,2026,"NC (24, 13%); LMDN (9, 5%); SYN (9, 5%); NDPR (9, 5%); PMDA (7, 4%)","ZMH1-ERB (16, 9%); ZRG1-MDCN (15, 8%); ZRG1-BN (10, 6%); ZRG1-F03A (8, 4%); ZNS1-SRB (7, 4%)",R01 (77); R21 (19); F31 (10); K00 (9); F30 (9); K99 (7)
Kelly Hudspeth,NIAID,181,2026,"LCMI (26, 14%); DHMI (21, 12%); IHD (8, 4%); CMIB (8, 4%); III (7, 4%)","ZAI1-SB (7, 4%); ZRG1-IDIB (6, 3%); ZRG1-RCCS (5, 3%); ZRG1-F10A (4, 2%); ZRG1-DKUS (4, 2%)",R01 (124); R21 (22); U01 (8); K08 (6); F31 (5); R37 (5)
Michelle Rueffer Bond,NIGMS,181,2026,"MRAB (27, 15%); MRAE (19, 10%); MSFA (13, 7%); SBCA (11, 6%); SBCB (8, 4%)","ZRG1-MBBC (21, 12%); ZRG1-CB (18, 10%); ZRG1-BCMB (14, 8%); ZRG1 (7, 4%); ZRG1-MCST (7, 4%)",R35 (102); R01 (61); R21 (6); R15 (5); RM1 (2); R24 (2)
Tracy L Rankin,NIDDK,181,2026,"DDK-D (98, 54%); KUFD (9, 5%); DDK-G (4, 2%); DDK(M1)-1-D (3, 2%); PBKD (3, 2%)","ZDK1-GRB (29, 16%); ZRG1-F12B (14, 8%); ZRG1-T12B (8, 4%); ZRG1-KUDS (3, 2%); ZRG1-DKUS (2, 1%)",K08 (54); K01 (45); R03 (26); R01 (14); K23 (11); U01 (7)
Houmam H Araj,NEI,180,2026,"BDE (32, 18%); NBVP (17, 9%); PED2 (8, 4%); BVS (7, 4%); PED1 (4, 2%)","ZEY1-VSN (32, 18%); ZES1-LWJ (16, 9%); ZRG1-KUDS (9, 5%); ZRG1-BDCN (7, 4%); ZRG1-CB (5, 3%)",R01 (104); R13 (28); R21 (26); U01 (10); R56 (4); R15 (3)
Melissa Lynn Wells,NIGMS,180,2026,"MRAC (55, 31%); DEV2 (17, 9%); MRAA (12, 7%); MRAF (10, 6%); DEV1 (5, 3%)","ZRG1-CB (23, 13%); ZRG1-CDB (20, 11%); ZRG1-MCST (12, 7%); ZRG1-MGG (12, 7%); ZRG1-GGG (4, 2%)",R35 (127); R01 (29); R44 (9); R15 (6); R41 (3); R43 (2)
Dimitrios Nikolaos Vatakis,NIGMS,179,2026,"MRAA (39, 22%); MRAF (17, 9%); MG (14, 8%); MRAC (12, 7%); MGB (7, 4%)","ZRG1-CB (25, 14%); ZRG1-MGG (20, 11%); ZRG1-CDB (7, 4%); ZRG1 (7, 4%); ZRG1-MRAF (6, 3%)",R35 (115); R01 (54); R15 (8); R13 (1); DP2 (1)
Eun-Chung Park,NIAID,179,2026,"VIRA (14, 8%); VDT (13, 7%); MCV (12, 7%); HCAC (11, 6%); VPI (11, 6%)","ZRG1-F07C (18, 10%); ZAI1-LR (7, 4%); ZRG1-IDM (6, 3%); ZRG1-IDIA (5, 3%); ZRG1-VDT (5, 3%)",R01 (84); R21 (40); F31 (15); F30 (4); R15 (4); R37 (4)
Kadir Aslan,NIGMS,179,2026,"MRAB (23, 13%); MRAE (16, 9%); MSFA (15, 8%); CSB (11, 6%); EBIT (7, 4%)","ZRG1-MBBC (32, 18%); ZRG1-MCST (22, 12%); ZRG1-BCMB (18, 10%); ZRG1-CB (16, 9%); ZRG1-BBBT (4, 2%)",R35 (88); R01 (33); R44 (17); R43 (15); R15 (14); R21 (8)
Susan Taymans,NICHD,179,2026,"CMIR (35, 20%); ICER (27, 15%); CHHD-R (10, 6%); CHHD-C (4, 2%); DEV1 (3, 2%)","ZRG1-EMS (21, 12%); ZRG1-F06 (20, 11%); ZRG1-F05 (11, 6%); ZHD1-DSR (8, 4%); ZRG1-EMNR (7, 4%)",R01 (78); F31 (34); R21 (20); R13 (9); T32 (7); F30 (6)
Adriana Costero-Saint Denis,NIAID,178,2026,"TVZ (59, 33%); VB (42, 24%); MID (5, 3%); GVE (5, 3%); NIC (4, 2%)","ZRG1-DCAI (22, 12%); ZRG1-IDM (8, 4%); ZRG1-AIDC (4, 2%); ZRG1-MCST (3, 2%); ZRG1-F07B (3, 2%)",R01 (80); R21 (50); R03 (8); F31 (7); R15 (6); R44 (3)
Merav Sabri,NIDCD,178,2026,"NIC (95, 53%); CSS (15, 8%); CDRC (8, 4%); MNG (5, 3%); NDPR (4, 2%)","ZRG1-ICN (12, 7%); ZRG1-IFCN (9, 5%); ZNS1-SRB (5, 3%); ZRG1-BN (3, 2%); ZRG1-MDCN (2, 1%)",R01 (140); R21 (25); R61 (4); R13 (3); R00 (2); U01 (2)
Suzanne L Forry,NCI,178,2026,"MCT2 (16, 9%); MCT1 (16, 9%); MCTB (13, 7%); MCTC (13, 7%); DMPC (11, 6%)","ZRG1-BST (14, 8%); ZCA1-SRB (13, 7%); ZCA1-TCRB (8, 4%); ZRG1-MCTC (6, 3%); ZRG1-CTH (5, 3%)",R01 (132); R21 (12); R37 (11); R00 (4); U01 (4); R50 (4)
Erin Emily Gray,NIA,176,2026,"MNG (19, 11%); CDIN (10, 6%); CMND (9, 5%); EITN (7, 4%); CNN (6, 3%)","ZRG1-AN (28, 16%); ZAG1-ZIJ (27, 15%); ZRG1-MDCN (10, 6%); ZRG1-BDCN (7, 4%); ZRG1-NV (5, 3%)",R01 (95); R21 (33); RF1 (8); K99 (7); R03 (6); R61 (6)
Tamara L McNealy,NIDCR,176,2026,"ODCS (85, 48%); DSR (9, 5%); HCAC (7, 4%); CPSS (2, 1%); VDT (2, 1%)","ZRG1-MSOS (20, 11%); ZRG1-MOSS (16, 9%); ZDE1-TO (3, 2%); ZRG1-DCAI (3, 2%); ZRG1 (3, 2%)",R01 (96); R21 (44); R03 (17); R56 (9); R43 (3); R15 (1)
Clayton C Huntley,NIAID,175,2026,"BHI (13, 7%); BV (12, 7%); PCMB (10, 6%); BACP (10, 6%); AIRT (9, 5%)","ZRG1-F07A (15, 9%); ZRG1-IIDB (6, 3%); ZRG1-IDM (5, 3%); ZRG1-DCAI (5, 3%); ZRG1-F07B (3, 2%)",R01 (86); R21 (34); F31 (13); F30 (6); K08 (5); R03 (4)
Karen Mary Neilson,NHLBI,175,2026,"NITM(OA) (11, 6%); MTI (MA) (8, 5%); MCBS(JA) (7, 4%); MPOR(OA) (7, 4%); MPOR(MA) (7, 4%)","ZRG1-F10C (42, 24%); ZHL1-CSR (21, 12%); ZRG1-F10A (15, 9%); ZRG1-IVBH (13, 7%); ZRG1-RCCS (4, 2%)",F31 (61); K99 (27); K23 (25); T32 (18); K08 (17); F32 (12)
Marisol Espinoza-Pintucci,NHLBI,175,2026,"NITM(OA) (15, 9%); NITM(JA) (8, 5%); LCMI (6, 3%); MCBS(JA) (5, 3%); NITM (OA) (5, 3%)","ZRG1-F10A (41, 23%); ZHL1-CSR (18, 10%); ZRG1-IVBH (9, 5%); ZRG1-RCCS (7, 4%); ZRG1-F07C (6, 3%)",F31 (37); T32 (31); F32 (21); R01 (19); K08 (14); K99 (14)
Ashlee Victoria Van'T Veer,NIMH,174,2026,"GHD (6, 3%); NMB (5, 3%); LMDN (4, 2%); PMDA (2, 1%); NMBH (2, 1%)","ZMH1-ERB (60, 34%); ZRG1-F01B (19, 11%); ZNS1-SRB (15, 9%); ZRG1-F02A (14, 8%); ZRG1-F03A (10, 6%)",F32 (40); F31 (27); K99 (26); K08 (19); T32 (18); F30 (15)
Chi-Wing Chow,NIGMS,173,2026,"MRAA (39, 23%); MRAF (14, 8%); MSFC (8, 5%); MG (8, 5%); MRAC (7, 4%)","ZRG1-CB (30, 17%); ZRG1-MGG (21, 12%); ZRG1 (8, 5%); ZRG1-CDB (5, 3%); ZRG1-BCMB (4, 2%)",R35 (122); R01 (42); R15 (5); DP2 (3); R16 (1)
Michael K Reddy,NIGMS,173,2026,"MRAA (43, 25%); MRAF (15, 9%); MG (14, 8%); MGA (8, 5%); PCMB (6, 3%)","ZRG1-CB (30, 17%); ZRG1-MGG (16, 9%); ZRG1 (5, 3%); ZRG1-MRAF (3, 2%); ZRG1-BCMB (3, 2%)",R35 (118); R01 (50); R24 (2); R16 (1); RM1 (1); R15 (1)
Molly V Wagster,NIA,173,2026,"CNN (11, 6%); LMDN (11, 6%); ASG (10, 6%); CDBA (9, 5%); HCMF (7, 4%)","ZAG1-ZIJ (15, 9%); ZRG1-F01B (11, 6%); ZRG1-BBBP (9, 5%); ZRG1-AN (9, 5%); ZRG1-F01A (6, 3%)",R01 (84); F31 (17); R21 (10); RF1 (9); F32 (7); K23 (6)
William A Tyler,NINDS,170,2026,"CMBG (38, 22%); NDPR (25, 15%); NC (8, 5%); MNG (7, 4%); SYN (5, 3%)","ZNS1-SRB (17, 10%); ZRG1-BN (10, 6%); ZRG1-MDCN (8, 5%); ZRG1-F03A (6, 4%); ZRG1-SCIL (3, 2%)",R01 (97); R21 (28); R35 (12); F31 (8); R13 (8); R15 (7)
Yuan Luo,NIA,170,2026,"CNN (12, 7%); AGCD-2 (11, 6%); AGCD-1 (10, 6%); NIA-N (5, 3%); NIA -T (5, 3%)","ZAG1-ZIJ (30, 18%); ZRG1-NV (11, 6%); ZRG1-AN (7, 4%); ZRG1-BDCN (5, 3%); ZRG1-F15 (3, 2%)",R01 (38); R25 (15); T32 (14); K01 (13); K23 (12); R21 (10)
Andre W Phillips,NIGMS,169,2026,"MRAC (23, 14%); MRAD (16, 9%); CSF1 (11, 7%); MRAB (7, 4%); MBPP (6, 4%)","ZRG1-CB (27, 16%); ZRG1-CDB (27, 16%); ZRG1-MGG (8, 5%); ZRG1 (7, 4%); ZRG1-MBBC (6, 4%)",R35 (113); R01 (47); R15 (8); DP2 (1)
Anu Puri,NCI,169,2026,,"ZRG1-F09C (65, 38%); ZRG1-F09B (52, 31%); ZRG1-F09A (24, 14%); ZRG1-F16 (9, 5%); ZRG1-F18 (8, 5%)",F31 (86); F30 (83)
Jeffrey S Rice,NIAID,169,2026,"HAI (41, 24%); MAI (19, 11%); GHD (10, 6%); ACTS (6, 4%); CMIA (3, 2%)","ZRG1-IIDB (28, 17%); ZRG1-DCAI (4, 2%); ZRG1-IIDA (3, 2%); ZRG1-MSOS (3, 2%); ZAI1-SB (3, 2%)",R01 (97); R21 (46); P01 (7); R56 (5); R03 (4); U01 (4)
Rodolfo M Alarcon,NIAID,169,2026,"MCV (16, 9%); VIRA (12, 7%); VIRB (11, 7%); VDT (10, 6%); VMD (6, 4%)","ZRG1-F07C (13, 8%); ZAI1-FDS (10, 6%); ZRG1-IDIA (8, 5%); ZRG1-IDM (5, 3%); ZRG1-IIDA (4, 2%)",R01 (88); R21 (44); F31 (8); F30 (4); R03 (4); F32 (4)
Paul John Barrett,NIA,168,2026,"NOMD (43, 26%); CMND (17, 10%); AGCD-1 (12, 7%); CMAD (9, 5%); CDIN (9, 5%)","ZRG1-AN (15, 9%); ZAG1-ZIJ (13, 8%); ZRG1-MDCN (7, 4%); ZRG1-BN (7, 4%); ZRG1-MCST (2, 1%)",R01 (85); R21 (31); RF1 (12); K99 (9); R03 (9); R00 (6)
Isaah S Vincent,NIAMS,167,2026,"AMS (6, 4%)","ZRG1-F10B (67, 40%); ZAR1-FY (34, 20%); ZRG1-MSOS (17, 10%); ZRG1-F05 (14, 8%); ZAR1-SP (10, 6%)",F31 (67); T32 (57); F32 (18); K99 (18); F30 (6); S10 (1)
Guillermo Arreaza-Rubin,NIDDK,166,2026,"DDK-B (17, 10%); HSDO (10, 6%); BMBI (8, 5%); CIDO (6, 4%); HAI (5, 3%)","ZDK1-GRB (34, 20%); ZRG1-EMS (26, 16%); ZRG1-BBBT (5, 3%); ZRG1-DCAI (4, 2%); ZRG1-EMNR (4, 2%)",R01 (78); R44 (20); U01 (17); K23 (12); R43 (10); R03 (5)
John T Pesce,NIAID,166,2026,"PTHE (36, 22%); IHD (32, 19%); IMII (4, 2%); EDIT (4, 2%); MID-B (3, 2%)","ZRG1-F07B (17, 10%); ZRG1-IIDA (10, 6%); ZRG1-DCAI (9, 5%); ZRG1-F07C (4, 2%); ZRG1-IDIA (4, 2%)",R01 (79); R21 (41); F31 (16); F32 (8); R03 (4); K23 (3)
Laurie Elizabeth Stepanek,NIGMS,166,2026,"TWD-D (26, 16%); TWD-C (18, 11%); MRAC (12, 7%); TWD-B (11, 7%); TWD-A (5, 3%)","ZRG1-CB (19, 11%); ZRG1-F04B (14, 8%); ZRG1-F05 (8, 5%); ZRG1-F04 (7, 4%); ZRG1-F04A (7, 4%)",R35 (47); F32 (35); R25 (27); T32 (16); T34 (15); R01 (11)
Lisa Neuhold,NEI,165,2026,"BDE (66, 40%); PED1 (21, 13%); BVS (15, 9%); PED2 (10, 6%); DPVS (4, 2%)","ZRG1-CDB (12, 7%); ZRG1-NV (8, 5%); ZRG1-ETTN (6, 4%); ZRG1-CB (4, 2%); ZEY1-VSN (3, 2%)",R01 (140); R21 (22); U24 (1); K99 (1); U01 (1)
Rita K Miller,NIGMS,165,2026,"MRAC (49, 30%); CSF1 (14, 8%); NCSD (14, 8%); MRAA (9, 5%); MRAD (6, 4%)","ZRG1-CB (32, 19%); ZRG1-CDB (24, 15%); ZRG1 (6, 4%); ZRG1-MGG (5, 3%); ZRG1-MBBC (3, 2%)",R35 (105); R01 (49); R15 (7); DP2 (2); R00 (1); R16 (1)
Daofen Chen,NINDS,164,2026,"SMN (38, 23%); MFSR (17, 10%); NST-2 (10, 6%); SMI (8, 5%); LMDN (7, 4%)","ZNS1-SRB (15, 9%); ZRG1-F02B (9, 5%); ZRG1-IFCN (7, 4%); ZRG1-F01A (3, 2%); ZRG1-BP (3, 2%)",R01 (106); F31 (11); R13 (9); R00 (8); R35 (6); R21 (5)
Francesca Bosetti,NINDS,164,2026,"BINP (50, 30%); ANIE (27, 16%); NOMD (17, 10%); CMBG (5, 3%); IVPP (4, 2%)","ZNS1-SRB (5, 3%); ZRG1-BDCN (4, 2%); ZRG1-MDCN (4, 2%); ZRG1-F01A (3, 2%); ZRG1-CN (3, 2%)",R01 (132); R21 (14); F31 (4); R03 (3); R37 (3); R13 (2)
David E Saslowsky,NIDDK,163,2026,"DDK-C (119, 73%); DDK(M1)-1-C (5, 3%); DDK-F (4, 2%); DDK-B (3, 2%); POMD (1, 1%)","ZDK1-GRB (7, 4%); ZRG1-KUDS (5, 3%); ZRG1-F12A (5, 3%); ZRG1-T12A (3, 2%); ZRG1-F12C (2, 1%)",K08 (51); K01 (38); R03 (27); K23 (19); K99 (18); R25 (6)
Brad Cooke,NIDDK,162,2026,"POMD (60, 37%); BNRS (16, 10%); DDK-B (12, 7%); IPOD (8, 5%); NMB (6, 4%)","ZRG1-EMS (17, 10%); ZRG1-ICN (8, 5%); ZDK1-GRB (3, 2%); ZRG1-MBBC (2, 1%); ZRG1-EMNR (2, 1%)",R01 (115); K01 (9); K99 (8); R44 (7); R56 (4); R43 (4)
Chantel Faysan Fuqua,NIDCR,162,2026,"DSR (107, 66%)","ZDE1-JC (18, 11%); ZRG1-F10B (7, 4%); ZRG1-F05 (5, 3%); ZDE1-JFR (4, 2%); ZDE1-NB (3, 2%)",F31 (93); F30 (39); K23 (13); T90 (4); F32 (3); R90 (3)
Emmanuel Franck Mongodin,NHLBI,161,2026,"LCMI (19, 12%); SAT (12, 7%); LIRR (10, 6%); HCCS (9, 6%); LII (7, 4%)","ZHL1-CSR (20, 12%); ZRG1-RCCS (10, 6%); ZRG1-IIDB (8, 5%); ZRG1-CVRS (4, 2%); ZRG1-ISB (2, 1%)",R01 (118); U01 (8); R61 (5); R35 (5); K23 (4); R44 (3)
Brooke Allison Bozick,NIAID,160,2026,"PRID (9, 6%); MID (7, 4%); VDT (7, 4%); MCV (6, 4%); MABS (5, 3%)","ZRG1-F07C (10, 6%); ZAI1-MSA (6, 4%); ZRG1-IIDB (5, 3%); ZRG1-VDT (5, 3%); ZRG1-PSE (5, 3%)",R01 (65); R21 (36); F31 (11); K23 (9); U01 (9); P01 (5)
Nataliya Gordiyenko,NEI,160,2026,"PED1 (54, 34%); PED2 (51, 32%); DPVS (18, 11%); BDE (3, 2%); BVS (2, 1%)","ZRG1-BDCN (13, 8%); ZRG1-NV (6, 4%); ZRG1-CDB (2, 1%); ZRG1-ETTN (2, 1%); ZRG1-MCST (1, 1%)",R01 (140); R21 (16); R56 (3); U01 (1)
Robert D Riddle,NINDS,160,2026,"NCF (29, 18%); MNG (22, 14%); DBD (11, 7%); NDPR (9, 6%); NST-2 (6, 4%)","ZNS1-SRB (12, 8%); ZRG1-BN (9, 6%); ZRG1-F03A (7, 4%); ZRG1-CN (4, 2%); ZRG1-IVBH (4, 2%)",R01 (92); R21 (19); F31 (9); R35 (6); R00 (6); R03 (5)
Austin Jyan-Yu Yang,NIA,159,2026,"CMND (29, 18%); MSFB (19, 12%); NOMD (8, 5%); AGCD-1 (7, 4%); EBIT (7, 4%)","ZAG1-ZIJ (22, 14%); ZRG1-AN (14, 9%); ZRG1-MDCN (9, 6%); ZRG1-BDCN (4, 3%); ZRG1-BCMB (2, 1%)",R01 (117); R21 (22); K99 (8); U24 (3); R56 (3); R03 (2)
Ryan Ranallo,NIAID,159,2026,"MID-B (11, 7%); BACP (8, 5%); IMII (7, 4%); PCMB (5, 3%); EDIT (5, 3%)","ZRG1-F07A (22, 14%); ZRG1-DCAI (11, 7%); ZRG1-IIDA (6, 4%); ZRG1-MGG (4, 3%); ZRG1-IIDB (4, 3%)",R01 (65); R21 (25); F31 (19); K23 (7); R16 (4); U19 (4)
Sonia B Jakowlew,NCI,158,2026,"NCI-F (14, 9%); NCI-I (11, 7%); NCI-J (5, 3%); NCI(B)-I (3, 2%)","ZRG1-F09C (66, 42%); ZCA1-RTRB (35, 22%); ZRG1-CDPT (7, 4%); ZRG1-F09A (6, 4%); ZRG1-BTC (6, 4%)",F31 (49); K22 (39); F32 (27); K99 (19); R25 (17); K25 (7)
Mariam Eljanne,NCI,157,2026,"NCI-F (41, 26%)","ZCA1-RPRB (33, 21%); ZCA1-RTRB (31, 20%); ZCA1-PCRB (17, 11%); ZRG1-BTC (12, 8%); ZRG1-F09A (9, 6%)",R25 (56); K00 (48); F99 (34); F32 (14); UE5 (5)
Xiaoli Zhao,NIGMS,157,2025,"MRAD (30, 19%); SAT (26, 17%); MRAC (13, 8%); CDMA (3, 2%); CIDH (2, 1%)","ZRG1-CB (41, 26%); ZRG1 (9, 6%); ZRG1-CDB (6, 4%); ZRG1-MRAD (6, 4%); ZRG1-BCMB (5, 3%)",R35 (111); R01 (18); R21 (9); R33 (9); K08 (7); K23 (2)
Rajeev Gautam,NIAID,156,2026,"MCV (11, 7%); VPI (10, 6%); VIRB (8, 5%); VID (8, 5%); VMD (7, 4%)","ZRG1-F07C (17, 11%); ZRG1-DCAI (6, 4%); ZAI1-FDS (4, 3%); ZAI1-LG (4, 3%); ZRG1-IIDB (4, 3%)",R01 (80); R21 (22); F31 (9); U19 (7); F32 (7); F30 (5)
Aaron Michael Joffe,NIAID,155,2026,"III (19, 12%); VID (12, 8%); CMIB (8, 5%); IHD (8, 5%); IIB (7, 5%)","ZRG1-IIDA (20, 13%); ZRG1-DCAI (12, 8%); ZAI1-MMF (7, 5%); ZRG1-IDIA (2, 1%); ZRG1-BST (1, 1%)",R01 (90); R21 (38); R03 (9); U01 (8); R37 (3); P01 (3)
Dwayne Lunsford,NIDDK,155,2026,"DHMI (25, 16%); GMPB (8, 5%); NMHD (5, 3%); DDK-C (2, 1%); DNPD (2, 1%)","ZRG1-KUDS (44, 28%); ZRG1-DKUS (15, 10%); ZDK1-GRB (8, 5%); ZRG1-MCST (6, 4%); ZRG1-CCHI (4, 3%)",R01 (67); R44 (42); R43 (19); R41 (9); R42 (6); SB1 (5)
Leslie Carol Osborne,NINDS,155,2026,"SMN (27, 17%); LMDN (11, 7%); NST-2 (6, 4%); SMI (5, 3%); SPC (4, 3%)","ZNS1-SRB (19, 12%); ZRG1-BN (16, 10%); ZRG1-IFCN (5, 3%); ZRG1-ICN (3, 2%); ZRG1-MDCN (3, 2%)",R01 (101); R21 (11); R13 (8); R35 (7); F31 (4); R00 (4)
Marc Rigas,NIGMS,155,2026,"MRAC (16, 10%); MRAD (8, 5%); MRAA (8, 5%); CSF1 (6, 4%); DEV2 (4, 3%)","ZRG1-CB (22, 14%); ZRG1-CDB (16, 10%); ZRG1-EMS (10, 6%); ZRG1-MGG (8, 5%); ZRG1-MBBC (4, 3%)",R35 (84); R01 (40); R44 (8); R43 (8); F32 (6); R42 (3)
Sailaja Koduri,NIGMS,155,2026,"TCB (12, 8%); MRAB (10, 6%); XNDA (9, 6%); CCB (7, 5%); MRAE (6, 4%)","ZRG1-CB (20, 13%); ZRG1-MBBC (14, 9%); ZRG1-MCST (9, 6%); ZRG1-BCMB (4, 3%); ZCA1-SRB (4, 3%)",R35 (75); R01 (65); U01 (4); R00 (3); R21 (2); P01 (2)
Veronica Taylor,NIGMS,154,2026,"MRAB (31, 20%); BBM (14, 9%); MSFB (9, 6%); MRAE (9, 6%); MSFC (8, 5%)","ZRG1-CB (18, 12%); ZRG1-MCST (16, 10%); ZRG1-BCMB (13, 8%); ZRG1-MBBC (12, 8%); ZGM1-BBCB (5, 3%)",R35 (75); R01 (44); R44 (10); R24 (4); R43 (4); RM1 (4)
Christian Rene Gomez,NHLBI,153,2026,"LIRR (35, 23%); MCBS(JA) (8, 5%); PIRR (5, 3%); CLTR(MA) (4, 3%); LCMI (3, 2%)","ZHL1-CSR (28, 18%); ZRG1-RCCS (22, 14%); ZRG1-F10A (15, 10%); ZRG1-IVBH (2, 1%); ZRG1-CVRS (1, 1%)",R01 (73); K08 (15); R35 (10); F31 (9); K23 (7); U01 (5)
Linda Louise Bambrick,NINDS,153,2026,"CNNT (60, 39%); BNVT (16, 10%); NDPR (7, 5%); ANIE (6, 4%); CMBG (5, 3%)","ZNS1-SRB (9, 6%); ZRG1-CN (6, 4%); ZRG1-BDCN (3, 2%); ZRG1-NV (3, 2%); ZRG1-F03B (2, 1%)",R01 (107); R21 (17); R03 (5); R00 (5); R35 (4); R13 (4)
Alessandra C Rovescalli,NIA,152,2026,"CNN (32, 21%); EITN (16, 11%); AGCD-1 (15, 10%); CNTN (8, 5%); AGCD-2 (5, 3%)","ZRG1-F01A (9, 6%); ZRG1-BDCN (8, 5%); ZRG1-AN (8, 5%); ZRG1-NV (7, 5%); ZAG1-ZIJ (4, 3%)",R01 (84); K99 (11); K01 (10); R21 (8); R00 (7); F30 (6)
Crystal Anne Lee,NINDS,152,2026,"MNG (21, 14%); DBD (18, 12%); NCF (17, 11%); CMBG (12, 8%); SMEP (6, 4%)","ZNS1-SRB (6, 4%); ZRG1-MDCN (4, 3%); ZRG1-CN (4, 3%); ZRG1-MGG (3, 2%); ZGM1-RCB (2, 1%)",R01 (102); R21 (26); R15 (5); R35 (3); R00 (3); R56 (3)
Lyndon Joseph,NIA,152,2026,"ASG (8, 5%); NAME (7, 5%); AIMR (7, 5%); MRS (6, 4%); AGCD-3 (5, 3%)","ZAG1-ZIJ (33, 22%); ZRG1-MSOS (15, 10%); ZRG1-CCHI (6, 4%); ZRG1-F10B (5, 3%); ZRG1-BP (5, 3%)",R01 (45); R44 (16); T35 (12); R03 (12); R21 (10); K01 (6)
Louis J Vuga,NHLBI,151,2026,"LIRR (19, 13%); RIBT (9, 6%); CRD (7, 5%); PIRR (7, 5%); MPOR(OA) (4, 3%)","ZRG1-RCCS (24, 16%); ZHL1-CSR (16, 11%); ZRG1-F10A (8, 5%); ZRG1-CVRS (4, 3%); ZRG1-EPH (3, 2%)",R01 (83); K23 (9); K08 (7); F31 (5); R21 (5); R44 (5)
Jeffrey O Spector,OD,150,2026,"STOD (6, 4%)","ZRG1-CDB (43, 29%); ZRG1-KUDS (34, 23%); ZRG1-MCST (33, 22%); ZRG1-ISB (18, 12%); ZRG1-MBBC (14, 9%)",S10 (110); S15 (34); C06 (6)
Vicky R Whittemore,NINDS,150,2026,"CNNT (25, 17%); ANIE (20, 13%); DBD (11, 7%); NST-1 (6, 4%); BIND (5, 3%)","ZRG1-CFS (12, 8%); ZNS1-SRB (9, 6%); ZRG1-NV (5, 3%); ZRG1-MGG (4, 3%); ZRG1-CN (3, 2%)",R01 (95); R21 (17); R56 (6); K23 (4); R00 (3); U24 (3)
Giuseppe Pintucci,NIAMS,149,2026,"SBSR (68, 46%); SBDD (19, 13%); AMS (14, 9%); MTE (8, 5%); MRS (5, 3%)","ZRG1-MSOS (8, 5%); ZRG1-MOSS (6, 4%); ZRG1-F10B (5, 3%); ZRG1-SCIL (2, 1%); ZRG1 (1, 1%)",R01 (104); R21 (20); R13 (6); F31 (4); K01 (4); R56 (3)
Damali Martin,NIA,148,2026,"AGCD-2 (14, 9%); AGCD-1 (9, 6%); AIMR (8, 5%); AGCD-4 (6, 4%); CNN (6, 4%)","ZAG1-ZIJ (28, 19%); ZRG1-F18 (10, 7%); ZRG1-EPH (10, 7%); ZRG1-AN (8, 5%); ZRG1-F08 (4, 3%)",R01 (36); K01 (19); F31 (17); K99 (9); K23 (9); U19 (5)
Geetha Parthasarathy Bansal,FIC,148,2026,"HIBI (17, 11%); PPAH (8, 5%); ICP1 (8, 5%); HCCS (8, 5%); HCAC (1, 1%)","ZRG1-DCAI (41, 28%); ZRG1-ICP (23, 16%); ZRG1-AARR (23, 16%); ZRG1-OTC1 (10, 7%); ZRG1-CCHI (10, 7%)",D43 (57); K43 (28); R01 (27); R21 (19); G11 (6); D71 (5)
Olivier Blondel,NIDDK,148,2026,"BMDM (40, 27%); CSME (14, 9%); DDK-B (10, 7%); POMD (8, 5%); MCE (4, 3%)","ZDK1-GRB (20, 14%); ZRG1-EMS (19, 13%); ZRG1-CB (9, 6%); ZRG1-EMNR (2, 1%); ZRG1-BBBT (2, 1%)",R01 (100); R03 (14); U01 (9); K08 (5); R56 (5); DP1 (4)
Yi-Ping Fu,NIA,148,2026,"CMAD (30, 20%); AGCD-4 (6, 4%); ASG (5, 3%); GVE (3, 2%); CSF1 (3, 2%)","ZAG1-ZIJ (18, 12%); ZRG1-F05 (10, 7%); ZRG1-BN (8, 5%); ZRG1-CDB (7, 5%); ZRG1-F06 (4, 3%)",R01 (66); R21 (24); F31 (10); R13 (7); R56 (6); F30 (6)
Lisa Marie Kopf,NIDCD,146,2026,"MFSR (70, 48%); CDRC (20, 14%); LCOM (7, 5%); AUD (3, 2%); BTSS (2, 1%)","ZRG1-BBBP (11, 8%); ZRG1-BP (10, 7%); ZDC1-SRB (6, 4%); ZRG1-ICN (4, 3%); ZRG1-BBBT (2, 1%)",R01 (102); R21 (27); R13 (6); R56 (3); R15 (2); P50 (2)
Ravi C Balijepalli,NHLBI,146,2026,"MPPB (47, 32%); TDPS (21, 14%); MPPA (19, 13%); ESTA (7, 5%); BBM (5, 3%)","ZRG1-CVRS (9, 6%); ZHL1-CSR (6, 4%); ZRG1-TDPS (5, 3%); ZRG1-RCCS (5, 3%); ZRG1-ISB (1, 1%)",R01 (130); R35 (5); P01 (2); R44 (2); R21 (2); R03 (2)
Ursula Utz,NINDS,145,2026,"CNBT (39, 27%); CMBG (15, 10%); EITN (14, 10%); BINP (4, 3%); NST-2 (3, 2%)","ZNS1-SRB (14, 10%); ZRG1-CN (5, 3%); ZRG1-BN (3, 2%); ZRG1-MDCN (2, 1%); ZRG1-SBIB (2, 1%)",R01 (98); R21 (15); R35 (6); R03 (5); R00 (4); R13 (3)
Elizabeth Newman,NIA,144,2026,"BINP (14, 10%); CDIN (13, 9%); CNN (7, 5%); ASG (6, 4%); ITN (5, 3%)","ZRG1-AN (26, 18%); ZAG1-ZIJ (13, 9%); ZRG1-MDCN (12, 8%); ZRG1-BN (10, 7%); ZRG1-BDCN (6, 4%)",R01 (96); R21 (23); RF1 (11); R03 (5); K99 (5); R00 (2)
Miriam Leenders,NINDS,143,2026,"CNNT (24, 17%); NC (13, 9%); CMBG (11, 8%); NST-2 (7, 5%); NDPR (5, 3%)","ZNS1-SRB (18, 13%); ZRG1-MDCN (7, 5%); ZRG1-BN (4, 3%); ZRG1-SCIL (4, 3%); ZRG1-F03A (3, 2%)",R01 (81); R21 (15); R35 (9); R13 (7); F31 (6); R00 (6)
Moriah Jovita Castleman,NIAID,143,2026,"CMIB (35, 24%); CMIA (16, 11%); AI (15, 10%); MSI (13, 9%); IHD (5, 3%)","ZRG1-IIDA (10, 7%); ZAI1-SB (7, 5%); ZAI1-AM (6, 4%); ZRG1-IDIA (5, 3%); ZRG1-IMM (3, 2%)",R01 (92); R21 (35); U01 (6); R03 (4); DP2 (2); DP1 (1)
Moushumi Paul,NIGMS,143,2026,"TWD-B (27, 19%); TWD-D (20, 14%); TWD-C (20, 14%); SAT (5, 3%); TWD-A (5, 3%)","ZGM1-TWD (29, 20%); ZRG1-CB (17, 12%); ZRG1-CDB (8, 6%); ZRG1-MBBC (8, 6%); ZRG1-MGG (4, 3%)",T32 (50); R25 (47); T34 (31); K08 (7); R01 (5); K23 (2)
Roya Kalantari,NHLBI,143,2026,"MPOR(OA) (17, 12%); MPOR(MA) (10, 7%); NITM(OA) (10, 7%); NITM(JA) (8, 6%); MCBS(JA) (7, 5%)","ZRG1-F10A (20, 14%); ZHL1-CSR (16, 11%); ZRG1-IVBH (15, 10%); ZRG1-F16 (4, 3%); ZRG1-F05 (2, 1%)",K23 (37); T32 (25); K08 (15); F32 (13); F31 (10); K99 (10)
Anita H Undale,NIAMS,142,2026,"AMS (36, 25%); ACTS (20, 14%); SCTS (11, 8%); AMSC (8, 6%); CONC (6, 4%)","ZRG1-MSOS (13, 9%); ZRG1-MOSS (9, 6%); ZRG1-F10B (4, 3%); ZRG1-IVBH (3, 2%); ZRG1-IDIB (2, 1%)",R01 (69); K08 (17); K23 (14); R21 (7); F31 (4); K99 (3)
Marjorie Jean Lindhurst,NIAMS,142,2026,"SMEP (70, 49%); AMS (17, 12%); MRS (3, 2%); CSF1 (2, 1%); SAT (2, 1%)","ZRG1-MSOS (17, 12%); ZRG1-MOSS (8, 6%); ZRG1-F10B (3, 2%); ZRG1-MGG (2, 1%); ZRG1-SCIL (2, 1%)",R01 (93); R21 (19); R13 (6); K01 (3); K08 (3); K99 (3)
Travis John Kent,NICHD,142,2026,"CMIR (45, 32%); CHHD-R (10, 7%); GVE (3, 2%); DEV1 (2, 1%); DEV2 (2, 1%)","ZRG1-EMS (27, 19%); ZRG1-F06 (12, 8%); ZHD1-DSR (8, 6%); ZRG1-F05 (7, 5%); ZRG1-F06A (4, 3%)",R01 (67); F31 (19); R61 (12); R21 (9); P50 (6); K99 (6)
Yewon Cheon,NHLBI,142,2026,"MCBS(MA) (12, 8%); MCBS(JA) (8, 6%); NITM(JA) (6, 4%); MCBS(OA) (5, 4%); MTI(JA) (5, 4%)","ZRG1-F10A (45, 32%); ZRG1-F10C (23, 16%); ZRG1-IVBH (9, 6%); ZRG1-F05 (3, 2%); ZHL1-CSR (2, 1%)",F31 (47); K08 (32); F30 (21); K99 (15); K23 (9); T32 (8)
Amy Poremba,NIDCD,141,2026,"AUD (67, 48%); CDRC (17, 12%); SMN (8, 6%); LCOM (4, 3%); SMI (2, 1%)","ZRG1-ICN (12, 9%); ZRG1-IFCN (8, 6%); ZDC1-SRB (5, 4%); ZRG1-BN (5, 4%); ZRG1-ISB (3, 2%)",R01 (108); R21 (22); R00 (4); R13 (4); R56 (2); R15 (1)
Emily Foran Carifi,NINDS,141,2026,"SMEP (38, 27%); TAG (12, 9%); CNNT (8, 6%); CDIN (7, 5%); CMND (6, 4%)","ZRG1-CN (8, 6%); ZRG1-MCST (7, 5%); ZRG1-MOSS (6, 4%); ZRG1-MSOS (3, 2%); ZRG1-BN (3, 2%)",R01 (94); R21 (20); U01 (6); P50 (4); R03 (4); K01 (2)
Kelly Anne King,NIDCD,141,2026,"AUD (31, 22%); CDRC (27, 19%); LCOM (14, 10%); SMN (4, 3%); HSQE (3, 2%)","ZDC1-SRB (17, 12%); ZRG1-ICN (17, 12%); ZRG1-CCHI (2, 1%); ZRG1-ETTN (2, 1%); ZRG1-IFCN (2, 1%)",R01 (83); R21 (34); R13 (7); R33 (6); U01 (5); R56 (2)
Mahua Mukhopadhyay,NICHD,141,2026,"DEV2 (30, 21%); CHHD-C (19, 13%); DEV1 (13, 9%); SBDD (3, 2%); ICI (2, 1%)","ZRG1-F05 (32, 23%); ZHD1-DSR (14, 10%); ZRG1-CDB (11, 8%); ZRG1-F10B (3, 2%); ZRG1-BCMB (2, 1%)",R01 (51); F31 (27); K99 (11); R13 (10); R21 (8); T32 (6)
Xincheng Zheng,NIAMS,140,2026,"SBSR (30, 21%); MTE (14, 10%); MRS (11, 8%); AMS (10, 7%); AIMR (9, 6%)","ZRG1-MSOS (10, 7%); ZRG1-F10B (3, 2%); ZRG1-BBBT (2, 1%); ZRG1-HSS (2, 1%); ZRG1-NV (1, 1%)",R01 (87); R21 (26); F31 (6); K23 (4); K01 (3); K24 (3)
Charles Baker Wright,NEI,139,2026,"BDE (62, 45%); NTRC (13, 9%); NBVP (9, 6%); NDPR (7, 5%); PED1 (6, 4%)","ZRG1-CDB (5, 4%); ZRG1-NV (3, 2%); ZRG1-CB (2, 1%); ZRG1-IFCN (2, 1%); ZRG1-MDCN (2, 1%)",R01 (125); R21 (9); R15 (2); K99 (1); R00 (1); R16 (1)
Courtney Rose Pinard,NIMH,139,2026,,"ZRG1-F02A (40, 29%); ZRG1-F01B (33, 24%); ZRG1-F02B (24, 17%); ZRG1-F03A (14, 10%); ZRG1-F03B (14, 10%)",F31 (82); F30 (30); F32 (23); R36 (4)
Michael Edward Lindquist,NIAID,137,2026,"MCV (21, 15%); VPI (17, 12%); VDT (13, 9%); VIRA (6, 4%); MSFC (5, 4%)","ZRG1-F07C (9, 7%); ZAI1-FDS (5, 4%); ZRG1-IDIA (4, 3%); ZRG1-DCAI (3, 2%); ZRG1-VDT (3, 2%)",R01 (68); R21 (38); F31 (7); R03 (5); R15 (3); F30 (2)
Michael K Schmidt,NCI,137,2026,"NCI-I (52, 38%)","ZCA1-RTRB (33, 24%); ZRG1-CDPT (23, 17%); ZRG1-F09A (22, 16%); ZRG1-BTC (5, 4%); ZRG1-CTH (2, 1%)",K99 (76); K22 (39); F31 (22)
Holly Marie Moore,NIDA,136,2026,"BRLE (30, 22%); NMB (17, 12%); PDRP (4, 3%); DBD (4, 3%); PMDA (3, 2%)","ZDA1-CEM (12, 9%); ZDA1-SXC (12, 9%); ZRG1-ICN (6, 4%); ZRG1-BP (4, 3%); ZDA1-LXF (4, 3%)",R01 (72); R34 (19); R21 (17); R03 (5); U01 (5); R15 (4)
Jianhua Xu,NIGMS,136,2026,"MRAC (26, 19%); MRAD (9, 7%); CSF1 (9, 7%); CSRS (8, 6%); MBPP (4, 3%)","ZRG1-CB (33, 24%); ZRG1-CDB (12, 9%); ZRG1 (7, 5%); ZRG1-MBBC (7, 5%); ZRG1-F08 (3, 2%)",R35 (82); R01 (44); F32 (6); R15 (3); DP2 (1)
John V Ilekis,NICHD,136,2026,"PN (49, 36%); CHHD-B (10, 7%); IRAP (3, 2%); GHD (3, 2%); DBD (2, 1%)","ZRG1-EMS (9, 7%); ZRG1-F06 (8, 6%); ZRG1-EMNR (6, 4%); ZHD1-DSR (5, 4%); ZRG1-PSE (3, 2%)",R01 (72); R21 (23); F31 (8); R13 (5); K99 (4); F30 (4)
Malgorzata Klauzinska,NCI,136,2026,"CAMP (17, 12%); CG (12, 9%); MONC (12, 9%); BCO (9, 7%); GRIC (8, 6%)","ZCA1-SRB (7, 5%); ZRG1-BTC (5, 4%); ZCA1-GRB (5, 4%); ZRG1-IVBH (5, 4%); ZRG1-OBT (4, 3%)",R01 (98); R37 (11); R35 (8); R00 (7); U01 (5); R21 (4)
Lillian S Kuo,NCI,135,2026,"CII (23, 17%); TME (11, 8%); THI (11, 8%); TTT (10, 7%); BCIB (7, 5%)","ZRG1-OTC (11, 8%); ZRG1-BTC (7, 5%); ZCA1-RTRB (6, 4%); ZRG1-OTC1 (3, 2%); ZCA1-SRB (3, 2%)",R01 (104); R21 (8); R37 (7); UG3 (4); R00 (4); U01 (2)
Thaddeus Schug,NIEHS,135,2026,"EDD (21, 16%); SIEE (17, 13%); CMIR (7, 5%); ICER (6, 4%); KNOD (5, 4%)","ZES1-LWJ (14, 10%); ZRG1-F06 (8, 6%); ZRG1-DKUS (5, 4%); ZES1-VSM (4, 3%); ZES1-MGE (4, 3%)",R01 (75); R21 (11); F31 (7); R35 (6); F30 (5); R03 (5)
Tony Douglas Gover,NEI,135,2026,"PED2 (7, 5%); PED1 (7, 5%); BDE (2, 1%); BMBI (2, 1%); IBV (2, 1%)","ZEY1-VSN (50, 37%); ZRG1-NV (35, 26%); ZRG1-ETTN (16, 12%); ZRG1-BBBT (4, 3%); ZRG1-HSS (3, 2%)",R01 (56); P30 (41); R43 (10); R44 (10); R21 (6); R24 (3)
Yang Shi,NHLBI,135,2026,"MPPB (27, 20%); MPPA (18, 13%); TDPS (11, 8%); CDD (7, 5%); BBHV (6, 4%)","ZRG1-RCCS (8, 6%); ZRG1-TDPS (7, 5%); ZHL1-CSR (7, 5%); ZRG1-IVBH (3, 2%); ZRG1-CVRS (2, 1%)",R01 (117); R35 (3); R13 (2); R44 (2); R21 (2); R42 (2)
Hongman Song,NEI,134,2026,"PED2 (43, 32%); PED1 (31, 23%); BDE (11, 8%); DPVS (4, 3%); BVS (2, 1%)","ZRG1-BDCN (10, 7%); ZRG1-NV (9, 7%); ZEY1-VSN (4, 3%); ZRG1-ETTN (3, 2%); ZRG1-MGG (3, 2%)",R01 (111); R21 (21); K99 (1); R56 (1)
Miguel Ossandon,NCI,134,2026,"MCDC (10, 7%); CBSS (7, 5%); ISD (5, 4%); BDMA (5, 4%); MABS (4, 3%)","ZCA1-TCRB (27, 20%); ZCA1-SRB (11, 8%); ZRG1-SBIB (8, 6%); ZRG1-IMST (4, 3%); ZRG1-BBBT (4, 3%)",R01 (62); R21 (21); R37 (11); R33 (10); U01 (6); R00 (6)
Oleg Barski,NIGMS,134,2026,"MRAB (19, 14%); MRAE (14, 10%); MSFA (13, 10%); MRAC (7, 5%); CSF1 (5, 4%)","ZRG1-CB (28, 21%); ZRG1-MBBC (11, 8%); ZRG1-CDB (7, 5%); ZRG1 (5, 4%); ZRG1-BCMB (4, 3%)",R35 (85); R01 (41); R15 (4); R00 (1); RM1 (1); R24 (1)
Amelie Gubitz,NINDS,133,2026,"CMND (37, 28%); CDIN (14, 11%); NOMD (10, 8%); CNN (7, 5%); CNTN (7, 5%)","ZRG1-AN (7, 5%); ZNS1-SRB (6, 5%); ZRG1-MDCN (5, 4%); ZRG1-BST (4, 3%); ZRG1-BN (3, 2%)",R01 (85); R21 (19); RF1 (7); R35 (4); R00 (3); R03 (3)
Morgan O'Hayre,NCI,133,2026,"MCT1 (13, 10%); MCTC (13, 10%); MCTB (11, 8%); MCTA (9, 7%); MCT2 (7, 5%)","ZCA1-SRB (8, 6%); ZRG1-CTH (8, 6%); ZCA1-TCRB (5, 4%); ZCA1-RTRB (5, 4%); ZRG1-OTC1 (4, 3%)",R01 (91); R21 (27); R37 (5); R00 (3); OT2 (3); R03 (2)
Nancy Freeman,NIDCD,133,2026,"AUD (75, 56%); BNVT (5, 4%); CDRC (5, 4%); DMPB (2, 2%); NAME (2, 2%)","ZRG1-ICN (11, 8%); ZRG1-IFCN (10, 8%); ZDC1-SRB (5, 4%); ZRG1-ETTN (2, 2%); ZDC1 (2, 2%)",R01 (109); R21 (19); U01 (4); U24 (1)
Delany Torres,NIA,132,2026,"AGCD-1 (25, 19%); AGCD-4 (3, 2%); NIA-S (1, 1%); AGCD-3 (1, 1%)","ZAG1-ZIJ (57, 43%); ZRG1-F16 (12, 9%); ZRG1-F18 (10, 8%); ZRG1-CN (7, 5%); ZRG1-F01B (5, 4%)",F31 (27); T32 (26); R25 (24); K99 (19); R00 (12); K00 (7)
Jessica Faupel-Badger,NIGMS,132,2026,"CSRS (2, 2%); TWD-C (2, 2%); MSFA (2, 2%); MRAA (2, 2%); MRAD (2, 2%)","ZRG1-CB (47, 36%); ZGM1-RCB (26, 20%); ZRG1-CDB (15, 11%); ZRG1-IMST (8, 6%); ZRG1-SCIL (7, 5%)",R25 (57); R16 (23); R44 (17); R35 (12); P20 (8); R01 (6)
Olga A Tjurmina,NHLBI,132,2026,"MPPB (32, 24%); MPPA (24, 18%); TDPS (9, 7%); BBHV (8, 6%); CCHF (5, 4%)","ZRG1-RCCS (7, 5%); ZRG1-CDD (7, 5%); ZRG1-TDPS (6, 5%); ZHL1-CSR (5, 4%); ZRG1-CCHF (2, 2%)",R01 (119); R21 (3); R13 (2); R15 (2); R35 (1); R00 (1)
Stefania Senger,NIDDK,132,2026,"DNPD (34, 26%); DHMI (30, 23%); DEV1 (5, 4%); DEV2 (5, 4%); GMPB (4, 3%)","ZRG1-DNPD (10, 8%); ZRG1-DKUS (9, 7%); ZRG1-KUDS (9, 7%); ZDK1-GRB (2, 2%); ZRG1-EMNR (2, 2%)",R01 (125); R00 (3); R56 (2); RC2 (1); DP2 (1)
Yan Z Wang,NIAMS,132,2026,"AMS (26, 20%); III (11, 8%); IIB (7, 5%); SAT (5, 4%); AMSC (4, 3%)","ZAR1-KM (7, 5%); ZRG1-IIDA (6, 5%); ZRG1-IIDB (4, 3%); ZRG1-EPH (3, 2%); ZRG1-DCAI (2, 2%)",R01 (70); K23 (20); R21 (14); K24 (6); UC2 (5); K01 (3)
Zhongzhen Nie,NIGMS,132,2026,"MRAB (20, 15%); BBM (18, 14%); MRAE (14, 11%); MRAC (8, 6%); MRAD (8, 6%)","ZRG1-CB (23, 17%); ZRG1-MBBC (13, 10%); ZRG1 (8, 6%); ZRG1-BCMB (6, 5%); ZRG1-CDB (6, 5%)",R35 (95); R01 (34); R15 (2); R21 (1)
Bishow B Adhikari,NHLBI,131,2026,"MPPA (42, 32%); MPPB (24, 18%); TDPS (10, 8%); BBHV (8, 6%); MIM (4, 3%)","ZRG1-RCCS (6, 5%); ZHL1-CSR (4, 3%); ZRG1-CVRS (3, 2%); ZRG1-IVBH (2, 2%); ZRG1-TDPS (2, 2%)",R01 (118); R56 (2); R35 (2); R13 (2); R44 (1); U54 (1)
George Kwabena Essien Umanah,NINDS,131,2026,"BBM (22, 17%); CNNT (7, 5%); BPNS (7, 5%); NC (6, 5%); DBD (4, 3%)","ZNS1-SRB (17, 13%); ZRG1-MBBC (4, 3%); ZRG1-BN (4, 3%); ZRG1-NINC (4, 3%); ZRG1-MDCN (3, 2%)",R01 (79); R21 (10); R35 (9); R13 (8); R37 (7); R03 (5)
John S Satterlee,NIDA,131,2026,"MCNP (12, 9%); PMDA (7, 5%); NMB (6, 5%); MNPS (3, 2%); MNG (2, 2%)","ZDA1-YXF (12, 9%); ZDA1-IXR (12, 9%); ZDA1-SXC (10, 8%); ZDA1-CEM (10, 8%); ZRG1-ETTN (6, 5%)",R01 (63); U01 (18); R21 (14); DP1 (12); R33 (9); U54 (4)
Maja Maric,NIA,131,2026,"HCCS (17, 13%); CNBT (10, 8%); CDIN (8, 6%); CMBG (3, 2%); CMND (3, 2%)","ZAG1-ZIJ (24, 18%); ZRG1-AN (23, 18%); ZRG1-BDCN (8, 6%); ZRG1-MDCN (3, 2%); ZAG1-SRC (1, 1%)",R01 (78); R21 (24); RF1 (9); R61 (7); R03 (2); R13 (2)
Paula F Flicker,NIGMS,131,2026,"MRAB (15, 11%); MSFC (10, 8%); MRAE (7, 5%); EBIT (4, 3%); MRAC (3, 2%)","ZGM1-BBCB (20, 15%); ZRG1-MBBC (19, 15%); ZRG1-MCST (13, 10%); ZRG1-BCMB (11, 8%); ZRG1-CB (9, 7%)",R35 (54); R01 (48); R43 (6); R21 (6); U24 (3); R41 (3)
Ronna Popkin,NICHD,131,2026,"SSPB (18, 14%); SSPA (12, 9%); CHHD-W (11, 8%); SPIP (7, 5%); CIHB (5, 4%)","ZRG1-HSS (13, 10%); ZRG1-CCHI (8, 6%); ZRG1-F16 (7, 5%); ZRG1-F18 (5, 4%); ZRG1-SCIL (2, 2%)",R01 (71); R21 (13); F31 (12); K23 (7); R03 (6); R33 (4)
Xiling Yin,NINDS,131,2026,"BINP (28, 21%); ANIE (14, 11%); CDIN (5, 4%); BIND (4, 3%); CMBG (3, 2%)","ZNS1-SRB (16, 12%); ZRG1-BN (7, 5%); ZRG1-CN (7, 5%); ZRG1-AN (5, 4%); ZRG1-MDCN (4, 3%)",R01 (88); RF1 (21); R21 (10); R37 (2); R33 (1); K00 (1)
Adam Lawrence Heuberger,NIGMS,130,2026,"TWD-A (28, 22%); TWD-B (16, 12%)","ZRG1-F04A (23, 18%); ZRG1-F05 (15, 12%); ZRG1-F04 (15, 12%); ZRG1-F08 (12, 9%); ZRG1-F04B (9, 7%)",F32 (85); T32 (45)
Edwin C Clayton,NEI,130,2025,"NBVP (5, 4%); SPC (1, 1%); SYN (1, 1%); MNG (1, 1%); BDE (1, 1%)","ZEY1-VSN (53, 41%); ZRG1-F02B (42, 32%); ZNS1-SRB (7, 5%); ZRG1-F03A (4, 3%); ZRG1-BN (3, 2%)",T32 (29); F31 (25); R01 (17); F32 (15); F30 (12); K99 (10)
Gang Dong,NIAID,130,2026,"LCMI (13, 10%); CRD (6, 5%); LII (6, 5%); III (4, 3%); ACTS (3, 2%)","ZRG1-IIDB (13, 10%); ZAI1-PT (11, 8%); ZRG1-IDIB (9, 7%); ZAI1-KJK (8, 6%); ZRG1-IIDA (7, 5%)",R01 (51); U01 (30); R21 (27); U19 (12); R03 (4); UM1 (3)
John Williams,NIA,130,2026,"SBSR (21, 16%); SBDD (14, 11%); CMAD (8, 6%); MTE (7, 5%); PBKD (5, 4%)","ZAG1-ZIJ (16, 12%); ZRG1-F10B (7, 5%); ZRG1-MOSS (4, 3%); ZRG1-MSOS (4, 3%); ZAG1 (2, 2%)",R01 (74); R21 (19); F30 (9); P01 (4); R03 (4); F31 (3)
Nahida Abdo Chakhtoura,NICHD,130,2026,"CHHD-A (5, 4%); PN (5, 4%); RPPH (4, 3%); CMGC (3, 2%); CHHD-M (3, 2%)","ZHD1-DSR (61, 47%); ZRG1-CTH (4, 3%); ZRG1-HSS (3, 2%); ZRG1-EMNR (3, 2%); ZRG1 (2, 2%)",UG1 (51); R01 (41); U24 (7); R21 (6); K23 (5); U01 (5)
Thomas Y Cho,NIGMS,130,2026,"MRAB (27, 21%); MSFB (15, 12%); MRAE (10, 8%); MSFC (4, 3%); MSFA (4, 3%)","ZRG1-MBBC (17, 13%); ZRG1-CB (14, 11%); ZRG1-MCST (13, 10%); ZRG1-BCMB (10, 8%); ZRG1 (4, 3%)",R35 (74); R01 (28); R15 (10); R43 (5); R44 (5); P30 (3)
Diane M Lawrence,NIAID,129,2026,"HVCD (49, 38%); HIVD (18, 14%); HCCS (4, 3%); AIDS (2, 2%); HCAC (1, 1%)","ZAI1-KSW (8, 6%); ZRG1-F17A (8, 6%); ZAI1-JBS (6, 5%); ZAI1-JP (5, 4%); ZRG1-IIDB (5, 4%)",R01 (53); R21 (28); R61 (8); R56 (8); R33 (6); F31 (5)
Sara Lin,NHLBI,129,2026,"LIRR (36, 28%); PIRR (12, 9%); RIBT (8, 6%); PVP (5, 4%); MCBS(JA) (3, 2%)","ZHL1-CSR (16, 12%); ZRG1-RCCS (10, 8%); ZRG1-CVRS (7, 5%); ZRG1-F10A (4, 3%); ZRG1-F05 (3, 2%)",R01 (90); U01 (8); K08 (5); R21 (5); R35 (5); F31 (5)
Shireen Akhavan Sarraf,NINDS,129,2026,"CMND (22, 17%); NOMD (19, 15%); CDIN (7, 5%); MSFB (5, 4%); CNN (5, 4%)","ZNS1-SRB (9, 7%); ZRG1-AN (5, 4%); ZRG1-F03A (4, 3%); ZRG1-MDCN (4, 3%); ZRG1-BBBT (3, 2%)",R01 (73); R21 (14); RF1 (13); F31 (5); R13 (5); R03 (4)
Yasuko Furumoto,NIAID,129,2026,"DHMI (37, 29%); IHD (8, 6%); CMIB (6, 5%); III (6, 5%); CMIA (4, 3%)","ZRG1-KUDS (11, 9%); ZRG1-IDIB (6, 5%); ZRG1-IIDA (5, 4%); ZRG1-DKUS (3, 2%); ZRG1-DCAI (2, 2%)",R01 (82); R21 (31); R37 (5); R03 (5); DP2 (2); U19 (1)
Alexis Diane Bakos,NIA,128,2026,"AGCD-3 (15, 12%); NIA-C (8, 6%); ASG (4, 3%); ICSC (4, 3%); AGCD-4 (4, 3%)","ZAG1-ZIJ (35, 27%); ZRG1-HSS (14, 11%); ZRG1-CCHI (4, 3%); ZRG1-F16 (3, 2%); ZMD1-JT (2, 2%)",R01 (23); K23 (19); K76 (14); K24 (10); R03 (9); R21 (9)
Alison Q Yao,NIA,128,2026,"MNG (17, 13%); GHD (7, 5%); CNN (6, 5%); BMRD (3, 2%); CMND (3, 2%)","ZAG1-ZIJ (43, 34%); ZRG1-AN (18, 14%); ZRG1-MCST (5, 4%); ZRG1-HSS (2, 2%); ZRG1-BDCN (2, 2%)",R01 (76); U01 (19); R21 (12); R03 (5); RF1 (4); R50 (3)
Margaret A Morris Fears,NIAID,128,2026,"HAI (14, 11%); MAI (11, 9%); CMIB (8, 6%); TAG (5, 4%); MSI (5, 4%)","ZAI1-SB (11, 9%); ZRG1-IMM (9, 7%); ZRG1-KUDS (7, 5%); ZRG1-IIDB (5, 4%); ZRG1-IDIB (4, 3%)",R01 (58); R21 (32); U01 (15); P01 (6); R24 (5); R56 (4)
Marrah Elizabeth Lachowicz-Scroggins,NHLBI,128,2026,"LCMI (12, 9%); GDD (4, 3%); RIBT (4, 3%); DBTD (3, 2%); MPOR(JA) (3, 2%)","ZRG1-RCCS (15, 12%); ZHL1-CSR (13, 10%); ZRG1-BBBT (7, 5%); ZRG1-F08 (3, 2%); ZRG1-F10A (3, 2%)",R01 (58); K23 (13); U24 (6); F31 (6); R21 (4); K08 (4)
Max Guo,NIA,128,2026,"CMAD (41, 32%); AGCD-4 (8, 6%); MG (5, 4%); CSF1 (5, 4%); ASG (3, 2%)","ZAG1-ZIJ (12, 9%); ZRG1-CDB (10, 8%); ZRG1-F05 (7, 5%); ZRG1-BN (4, 3%); ZRG1-IVBH (2, 2%)",R01 (66); R21 (23); R13 (9); F31 (8); R03 (3); RF1 (3)
Mireia Guerau,NIAID,128,2026,"CNBT (20, 16%); HAI (17, 13%); MAI (11, 9%); CMIB (7, 5%); BMBI (5, 4%)","ZRG1-IIDB (10, 8%); ZAI1-JTS (5, 4%); ZAI1-PT (4, 3%); ZRG1-BDCN (3, 2%); ZRG1-CN (3, 2%)",R01 (67); R21 (38); U01 (5); U19 (5); R56 (3); UM1 (3)
Monica Christine Serra,NIA,128,2026,"ASG (12, 9%); AGCD-2 (5, 4%); NAME (5, 4%); LCBH (5, 4%); CCHS (4, 3%)","ZAG1-ZIJ (34, 27%); ZRG1-HSS (6, 5%); ZRG1-CCHI (4, 3%); ZRG1-AN (3, 2%); ZAG1 (2, 2%)",R01 (44); P30 (15); R21 (13); R03 (11); K23 (7); K01 (6)
Sujata Bardhan,NICHD,128,2026,"TAG (15, 12%); CHHD-C (7, 5%); CPDD (6, 5%); CHHD-H (5, 4%); MFSR (5, 4%)","ZRG1-IVBH (16, 12%); ZRG1-F03A (4, 3%); ZRG1-VH (4, 3%); ZRG1-F16 (3, 2%); ZRG1-BP (3, 2%)",R01 (47); R21 (26); F31 (9); R13 (6); F30 (6); U01 (5)
Adele Elizabeth Doperalski,NINDS,127,2026,"DBD (23, 18%); BINP (13, 10%); CNNT (12, 9%); SMN (10, 8%); MFSR (9, 7%)","ZNS1-SRB (3, 2%); ZRG1-MDCN (3, 2%); ZRG1-BN (3, 2%); ZRG1-CN (2, 2%); ZRG1-IFCN (1, 1%)",R01 (97); R21 (14); R00 (4); R56 (3); K01 (1); F32 (1)
Anita Jean Bechtholt,NIMH,127,2026,"CPDD (33, 26%); PDRP (10, 8%); MESH (7, 6%); NPAS (4, 3%); BGES (3, 2%)","ZMH1-ERB (33, 26%); ZRG1-BP (13, 10%); ZRG1-SCIL (4, 3%); ZNS1-SRB (3, 2%); ZRG1-BBBP (3, 2%)",K23 (53); K01 (25); T32 (14); K99 (13); K00 (4); R25 (4)
Doe Wondwossen Kumsa,NINDS,127,2026,"BNVT (35, 28%); BTEN (10, 8%); EITN (6, 5%); IPCA (4, 3%); ISD (4, 3%)","ZRG1-NV (11, 9%); ZRG1-NINC (6, 5%); ZRG1-ETTN (5, 4%); ZNS1-SRB (3, 2%); ZRG1-F03B (2, 2%)",R01 (89); R21 (14); F31 (3); R15 (3); R56 (3); DP1 (2)
Layla E Esposito,NICHD,127,2026,"PDRP (36, 28%); CHHD-M (9, 7%); LCBH (7, 6%); HCMF (4, 3%); CHHD-H (4, 3%)","ZRG1-F16 (17, 13%); ZRG1-RPHB (6, 5%); ZRG1-BBBP (6, 5%); ZHD1-DSR (4, 3%); ZDK1-GRB (4, 3%)",R01 (70); F31 (13); R21 (13); K99 (9); F32 (9); K23 (4)
Neelakanta Ravindranath,NICHD,127,2026,"CMIR (20, 16%); DEV2 (14, 11%); CHHD-R (9, 7%); ICER (6, 5%); PN (6, 5%)","ZRG1-F05 (10, 8%); ZRG1-F06 (10, 8%); ZRG1-EMS (6, 5%); ZRG1-CDB (4, 3%); ZRG1-F08 (3, 2%)",R01 (68); F31 (20); R21 (10); R13 (9); F32 (8); K99 (4)
Ruibai Luo,NCI,127,2026,"CCB (14, 11%); TCB (11, 9%); BCO (8, 6%); CAMP (8, 6%); MONC (7, 6%)","ZCA1-PCRB (15, 12%); ZRG1-SCIL (12, 9%); ZCA1-SRB (4, 3%); ZRG1-BTC (4, 3%); ZCA1-TCRB (3, 2%)",R01 (72); R13 (27); R15 (6); R00 (5); R35 (5); R03 (4)
Carolina Salvador Morales,NIGMS,125,2026,"ISD (9, 7%); CMT (6, 5%); EBIT (5, 4%); MRAB (5, 4%); NANO (3, 2%)","ZRG1-MCST (35, 28%); ZRG1-CB (20, 16%); ZRG1-MBBC (10, 8%); ZRG1-BCMB (6, 5%); ZRG1-BBBT (4, 3%)",R35 (63); R01 (34); R44 (10); R21 (7); DP2 (5); R43 (2)
Mohammed S Aiyegbo,NIGMS,125,2026,"TWD-B (36, 29%); TWD-A (33, 26%); TWD-D (7, 6%); TWD-C (5, 4%)","ZGM1-TWD (19, 15%); ZRG1-MBBC (18, 14%); ZRG1-MGG (9, 7%); ZRG1-CDB (6, 5%); ZRG1-MCST (3, 2%)",T32 (88); K99 (26); T34 (10); UE5 (1)
Peggy Wang,NIGMS,125,2026,"BDMA (15, 12%); BMRD (9, 7%); MRAA (8, 6%); MABS (7, 6%); MRAC (5, 4%)","ZRG1-CB (21, 17%); ZGM1-BBCB (16, 13%); ZRG1-GGG (7, 6%); ZRG1-BBBT (5, 4%); ZRG1-BST (4, 3%)",R35 (62); R01 (58); R24 (3); R21 (1); P41 (1)
Roger Miller,NIDCD,125,2026,"AUD (23, 18%); CDRC (7, 6%); BNVT (3, 2%); BTEN (3, 2%); LCOM (3, 2%)","ZRG1-NV (30, 24%); ZDC1-SRB (14, 11%); ZRG1-ICN (10, 8%); ZRG1-ETTN (5, 4%); ZRG1-BP (5, 4%)",R01 (49); R44 (20); R43 (19); R41 (11); R21 (5); U01 (5)
Alberto L Rivera-Rentas,NIDCD,124,2025,"CDRC (61, 49%)","ZDC1-SRB (54, 44%); ZGM1-TWD (4, 3%); ZDC1 (2, 2%); ZRG1-IFCN (2, 2%); ZMH1-ERB (2, 2%)",K23 (25); R25 (24); T32 (22); K99 (19); K08 (12); K01 (9)
Alexey Belkin,NIAMS,123,2026,"ACTS (38, 31%); AMS (10, 8%); SCTS (9, 7%); MTE (8, 7%); DEV2 (5, 4%)","ZRG1-MSOS (11, 9%); ZRG1-F10B (8, 7%); ZRG1-MOSS (7, 6%); ZRG1-F05 (2, 2%); ZRG1-SCIL (2, 2%)",R01 (81); R21 (8); F31 (7); R13 (7); K08 (4); F32 (2)
Durga Prasanna Mohapatra,NINDS,123,2026,"NPI (31, 25%); DMPB (7, 6%); SPS (4, 3%); NST-2 (4, 3%); DDNS (4, 3%)","ZNS1-SRB (13, 11%); ZRG1-IFCN (9, 7%); ZRG1-ICN (9, 7%); ZRG1-F02B (4, 3%); ZRG1-F03B (3, 2%)",R01 (63); R21 (13); RF1 (12); F31 (9); R35 (5); U19 (4)
Nancy Vazquez-Maldonado,NIAID,123,2026,"III (20, 16%); IHD (10, 8%); BMBI (6, 5%); IIB (6, 5%); CMIB (5, 4%)","ZRG1-IIDA (10, 8%); ZRG1-IIDB (7, 6%); ZRG1-IDIA (3, 2%); ZRG1-MGG (3, 2%); ZRG1-IMM (2, 2%)",R01 (73); R21 (37); R03 (6); R37 (3); P01 (2); DP2 (2)
Desiree Lynn Salazar,NIGMS,122,2026,"MRAC (46, 38%); DEV2 (15, 12%); DEV1 (5, 4%); CMIR (4, 3%); MRAA (3, 2%)","ZRG1-CB (24, 20%); ZRG1-CDB (23, 19%); ZRG1-MGG (7, 6%); ZRG1 (3, 2%); ZRG1-CVRS (1, 1%)",R35 (90); R01 (27); R15 (4); DP2 (1)
Malla R Rao,NIAID,122,2026,"CRFS (15, 12%); PRID (14, 11%); EDIT (11, 9%); MID-B (4, 3%); TVZ (3, 2%)","ZAI1-CAB (11, 9%); ZAI1-EC (8, 7%); ZRG1-PSE (6, 5%); ZRG1-DCAI (5, 4%); ZRG1-F07B (3, 2%)",R01 (53); U01 (20); R21 (19); U19 (11); F31 (5); K01 (4)
Nadine Bowden,NIAID,122,2026,"TVZ (9, 7%); BHI (9, 7%); BACP (8, 7%); BV (7, 6%); PCMB (7, 6%)","ZRG1-DCAI (16, 13%); ZAI1-FDS (12, 10%); ZAI1-MFH (7, 6%); ZRG1-F07A (7, 6%); ZRG1-IIDA (5, 4%)",R01 (64); R21 (27); R61 (7); F32 (3); R44 (3); R41 (3)
Brett Miller,NICHD,121,2026,"LCOM (14, 12%); CHHD-H (11, 9%); HCMF (5, 4%); CPDD (5, 4%); BNRS (4, 3%)","ZHD1-DSR (12, 10%); ZRG1-BP (10, 8%); ZRG1-F02A (6, 5%); ZRG1-F01B (6, 5%); ZRG1-BBBP (5, 4%)",R01 (65); F32 (10); F31 (8); T32 (7); R21 (6); K99 (5)
C Brian Bai,NHLBI,121,2026,"BBHV (32, 26%); HTBT (23, 19%); MCH (9, 7%); DEV2 (3, 2%); III (2, 2%)","ZHL1-CSR (13, 11%); ZRG1-F10C (12, 10%); ZRG1-VH (3, 2%); ZRG1-IVBH (2, 2%); ZRG1-SCIL (2, 2%)",R01 (83); F31 (9); R35 (8); R13 (6); F30 (3); F32 (2)
David Joseph Gutekunst,NIBIB,121,2026,"CDMA (1, 1%); EITA (1, 1%)","ZEB1-OSR (83, 69%); ZRG1-SCIL (18, 15%); ZRG1-F10C (6, 5%); ZRG1-F05 (6, 5%); ZRG1-MBBC (5, 4%)",R13 (53); R25 (30); T32 (16); F32 (8); UG3 (4); F31 (4)
Hibah Omar Awwad,NINDS,121,2026,"BINP (60, 50%); ANIE (12, 10%); CDIN (3, 2%); NOMD (3, 2%); NST-2 (3, 2%)","ZNS1-SRB (4, 3%); ZRG1-BDCN (4, 3%); ZRG1-CN (4, 3%); ZRG1-AN (3, 2%); ZRG1-MDCN (2, 2%)",R01 (82); R21 (12); R56 (4); RF1 (4); R00 (3); R03 (3)
Luci Roberts,NIA,121,2026,"ASG (27, 22%); SAT (6, 5%); AGCD-1 (4, 3%); BNRS (4, 3%); AGCD-3 (4, 3%)","ZAG1-ZIJ (11, 9%); ZRG1-AN (9, 7%); ZRG1-NV (6, 5%); ZRG1-EMNR (3, 2%); ZRG1-F01B (2, 2%)",R01 (62); R21 (17); K23 (9); R03 (4); R33 (3); R42 (3)
Tawanna Meadows,NHLBI,121,2026,,"ZRG1-F10A (38, 31%); ZRG1-F10C (31, 26%); ZHL1-CSR (24, 20%); ZRG1-F05 (9, 7%); ZRG1-F15 (6, 5%)",F30 (53); F31 (25); F32 (17); T35 (14); R25 (12)
Aynur Unalp-Arida,NIDDK,120,2026,"DNPD (19, 16%); KEDD (5, 4%); HSDO (4, 3%); ICSC (4, 3%); ODHS (4, 3%)","ZDK1-GRB (32, 27%); ZRG1-HSS (6, 5%); ZRG1-DKUS (2, 2%); ZRG1-DNPD (2, 2%); ZRG1-KUDS (2, 2%)",R01 (87); U01 (32); UH3 (1)
Paek-Gyu Lee,NEI,120,2026,"BNVT (4, 3%); PED2 (2, 2%); DPVS (1, 1%); ITD (1, 1%); IGIS (1, 1%)","ZRG1-NV (71, 59%); ZRG1-ETTN (16, 13%); ZRG1-IBV (7, 6%); ZEY1-VSN (5, 4%); ZRG1-ISB (3, 2%)",R01 (34); R44 (32); R43 (22); R21 (13); R41 (8); R42 (4)
Eric Michael Johnson,NCI,119,2026,"CMT (7, 6%); BMBI (6, 5%); MABS (4, 3%); MSFB (4, 3%); TEHM (4, 3%)","ZCA1-SRB (22, 18%); ZCA1-TCRB (15, 13%); ZRG1-MCST (4, 3%); ZRG1-BTC (4, 3%); ZRG1-BBBT (3, 3%)",R01 (57); R50 (17); U01 (15); R21 (7); R61 (6); R03 (4)
Joseph Kofi Agyin,NCI,119,2026,"DMP (26, 22%); DMPC (18, 15%); DT (10, 8%); MCT1 (4, 3%); MCTC (4, 3%)","ZCA1-SRB (10, 8%); ZRG1-CTH (5, 4%); ZCA1-RTRB (4, 3%); ZRG1-CDPT (3, 3%); ZRG1-SBIB (2, 2%)",R01 (91); R21 (14); R15 (5); R37 (3); UM1 (2); R00 (2)
Susana Mendez,NIAID,119,2026,"MID (20, 17%); MID-B (10, 8%); AITC (4, 3%); AIDS (3, 3%); HCAC (2, 2%)","ZRG1-F07A (24, 20%); ZAI1-LG (7, 6%); ZRG1-F07B (4, 3%); ZRG1-IIDB (4, 3%); ZRG1-F04 (3, 3%)",F31 (21); R01 (13); K08 (12); K01 (11); F30 (11); F32 (9)
Weiwei Chen,NCI,119,2026,"DMP (11, 9%); DT (11, 9%); MCTC (11, 9%); MCT1 (9, 8%); MCTA (7, 6%)","ZCA1-SRB (15, 13%); ZRG1-CTH (4, 3%); ZRG1-MCTC (3, 3%); ZCA1-TCRB (2, 2%); ZRG1-BDCN (1, 1%)",R01 (86); R21 (16); R37 (6); R03 (6); R35 (2); R15 (2)
Yali Fu,NCI,119,2026,"DMP (13, 11%); NANO (10, 8%); ATA (7, 6%); DT (6, 5%); DMPC (6, 5%)","ZCA1-SRB (7, 6%); ZCA1-RPRB (6, 5%); ZRG1-IMST (6, 5%); ZRG1-MCST (6, 5%); ZCA1-TCRB (4, 3%)",R01 (94); R21 (13); R35 (3); P01 (2); R37 (2); R50 (1)
Katrina Jane Serrano,NIDDK,118,2026,"DDK-C (11, 9%); DDK-B (3, 3%); BMDM (2, 2%); POMD (2, 2%); IGIS (1, 1%)","ZDK1-GRB (74, 63%); ZRG1-DKUS (5, 4%); ZRG1-KUDS (5, 4%); ZDK1 (4, 3%); ZRG1-EMS (3, 3%)",T32 (43); R21 (21); P30 (18); K23 (14); R25 (6); UE5 (5)
Michael C Humble,NIEHS,118,2026,"EDD (16, 14%); SIEE (10, 8%); CE (6, 5%); RTB (4, 3%); MG (2, 2%)","ZES1-LKB (23, 19%); ZES1-BWD (12, 10%); ZES1-LWJ (9, 8%); ZRG1-MGG (5, 4%); ZRG1-F08 (4, 3%)",R01 (40); R25 (28); R21 (16); R35 (5); R13 (4); K99 (4)
Peter Koch,NIAMS,118,2026,"ACTS (29, 25%); AMS (19, 16%); SCTS (10, 8%); DEV2 (6, 5%); NPI (4, 3%)","ZRG1-MOSS (11, 9%); ZRG1-MSOS (11, 9%); ZRG1-KUDS (5, 4%); ZRG1-MDCN (4, 3%); ZRG1-SCIL (2, 2%)",R01 (59); R21 (12); R13 (12); R34 (8); K01 (4); F31 (3)
Voula Osganian,NIDDK,118,2026,"DDK-C (39, 33%); HSDO (13, 11%); LCBH (10, 8%); CMGC (5, 4%); PRDP (4, 3%)","ZDK1-GRB (6, 5%); ZRG1-CCHI (6, 5%); ZRG1-HDM (3, 3%); ZRG1-RPHB (1, 1%); ZRG1-F12A (1, 1%)",R01 (61); K23 (33); R03 (13); K01 (8); U24 (1); U2C (1)
Cheri Wiggs,NEI,117,2026,"HCMF (26, 22%); NBVP (15, 13%); PED2 (13, 11%); CP (6, 5%); BDE (2, 2%)","ZRG1-NV (12, 10%); ZRG1-ETTN (10, 9%); ZEY1-VSN (8, 7%); ZRG1-BBBP (6, 5%); ZRG1-ICN (3, 3%)",R01 (94); R21 (11); R61 (8); R16 (1); R33 (1); R56 (1)
Hariharan Subramanian,NIAID,117,2026,"IMHA (13, 11%); LCMI (9, 8%); III (4, 3%); CMIB (2, 2%); LCBH (2, 2%)","ZRG1-IMHA (15, 13%); ZRG1-IDIB (13, 11%); ZRG1-IMM (11, 9%); ZRG1-IIDB (8, 7%); ZRG1-IIDA (5, 4%)",R01 (71); R21 (23); R56 (6); UG3 (4); U19 (2); R37 (2)
Mercy R Prabhudas,NIAID,117,2026,"PN (12, 10%); CMIB (12, 10%); IHD (10, 9%); AI (7, 6%); CMIA (6, 5%)","ZAI1-HSC (7, 6%); ZAI1-VSR (5, 4%); ZAI1-KGH (4, 3%); ZRG1-IIDA (4, 3%); ZRG1-EMNR (3, 3%)",R01 (62); R21 (25); U01 (12); P01 (5); U19 (4); DP2 (3)
Sundaresan Venkatachalam,NCI,117,2026,"DT (11, 9%); MCT1 (10, 9%); MCT2 (7, 6%); ATA (6, 5%); DMP (4, 3%)","ZCA1-SRB (24, 21%); ZRG1-CTH (6, 5%); ZRG1-OTC (5, 4%); ZRG1-MCT2 (4, 3%); ZRG1-OTC1 (4, 3%)",R01 (74); R21 (30); R37 (4); R00 (3); R03 (2); U24 (1)
Daniel Robert Gossett,NIDDK,116,2026,"EITA (5, 4%); KUFD (5, 4%); PBKD (4, 3%); CTIS (3, 3%); ITD (3, 3%)","ZRG1-KUDS (40, 34%); ZDK1-GRB (15, 13%); ZRG1-ISB (7, 6%); ZRG1-DKUS (6, 5%); ZRG1-HSS (2, 2%)",R44 (33); R01 (32); R43 (24); R41 (10); R21 (7); UC2 (5)
Kentner L Singleton,NIAID,116,2026,"III (28, 24%); CMIA (11, 9%); MSFC (6, 5%); SAT (6, 5%); CSRS (3, 3%)","ZRG1-IIDA (8, 7%); ZAI1-SB (8, 7%); ZRG1-IDIA (6, 5%); ZAI1-LAR (2, 2%); ZRG1-IIDB (2, 2%)",R01 (66); R21 (33); P01 (4); R03 (4); R24 (3); R37 (2)
Nicole Redmond,NHLBI,116,2026,"MPOR(OA) (13, 11%); MPOR(MA) (13, 11%); MPOR(JA) (10, 9%); MPOR (MA) (4, 3%); MPOR-G(MA) (4, 3%)","ZHL1-CSR (23, 20%); ZRG1-F16 (4, 3%); ZRG1-F18 (3, 3%); ZRG1-HDM (2, 2%); ZRG1-IVBH (2, 2%)",K23 (35); R01 (31); K01 (8); K24 (7); R25 (6); R03 (4)
Ashley Rose Cornell,NIMH,115,2026,"CPDD (5, 4%); NPAS (2, 2%); PDRP (2, 2%); SPIP (1, 1%); LHB (1, 1%)","ZRG1-F16 (37, 32%); ZRG1-F01A (25, 22%); ZRG1-F02A (13, 11%); ZMH1-ERB (10, 9%); ZRG1-F18 (8, 7%)",F31 (60); F32 (15); R01 (15); F30 (10); R36 (6); R21 (2)
Kimberly A Gray,NIEHS,115,2026,"NAME (7, 6%); SEDH (6, 5%); BGES (5, 4%); NAL (5, 4%); NMBH (4, 3%)","ZES1-LKB (34, 30%); ZES1-LWJ (12, 10%); ZRG1-PSE (4, 3%); ZES1-BWD (4, 3%); ZRG1-F18 (4, 3%)",R01 (45); R24 (23); U24 (17); P2C (6); R21 (6); F31 (6)
Priscilla Joy Novak,NIA,115,2026,"ODHS (13, 11%); NIA-S (9, 8%); SSPA (5, 4%); HHD (4, 3%); SSPB (3, 3%)","ZRG1-HSS (31, 27%); ZAG1-ZIJ (26, 23%); ZRG1-HDM (4, 3%); ZRG1-SCIL (4, 3%); ZAG1 (2, 2%)",R01 (55); R56 (7); K01 (7); K24 (6); RF1 (5); P30 (5)
Srikanth Ranganathan,NINDS,115,2026,"CMND (20, 17%); NOMD (13, 11%); CDIN (9, 8%); NDPR (6, 5%); MNG (5, 4%)","ZNS1-SRB (15, 13%); ZRG1-AN (5, 4%); ZRG1-BN (4, 3%); ZRG1-F03A (2, 2%); ZRG1-MGG (2, 2%)",R01 (60); R21 (22); R35 (8); F31 (4); R00 (3); R15 (3)
Kathleen Ruth Borgmann,NIDA,114,2026,"HCCS (15, 13%); MCNP (5, 4%); HVCD (4, 4%); GHD (1, 1%); HIBI (1, 1%)","ZRG1-IIDB (15, 13%); ZDA1-GXM (10, 9%); ZDA1-SXC (10, 9%); ZDA1-SKP (9, 8%); ZDA1-TXT (7, 6%)",R01 (62); R21 (13); DP1 (11); R33 (8); R61 (6); R03 (4)
Roy L Sutliff,NHLBI,114,2026,"RIBT (19, 17%); PVP (8, 7%); MCBS(JA) (7, 6%); MPOR(JA) (5, 4%); HCCS (4, 4%)","ZHL1-CSR (10, 9%); ZRG1-RCCS (10, 9%); ZRG1-F10A (9, 8%); ZRG1-CVRS (6, 5%); ZRG1-IVBH (3, 3%)",R01 (50); K08 (16); K23 (9); F31 (9); F32 (4); R43 (3)
Andrea Keane-Myers,NIGMS,113,2026,"MRAF (14, 12%); MRAA (13, 12%); PCMB (3, 3%); TWD-A (2, 2%); MRAE (2, 2%)","ZRG1-MGG (25, 22%); ZRG1-CB (18, 16%); ZRG1-GGG (10, 9%); ZRG1-CDB (10, 9%); ZRG1 (6, 5%)",R35 (94); R01 (12); DP2 (3); T32 (2); RM1 (1); R15 (1)
Bonnie L Burgess-Beusse,NIDDK,113,2026,"HBPP (61, 54%); NMHD (8, 7%); CSME (4, 4%); XNDA (4, 4%); TAG (2, 2%)","ZRG1-DKUS (7, 6%); ZRG1-KUDS (6, 5%); ZRG1-CB (2, 2%); ZRG1-EMNR (1, 1%); ZDK1-GRB (1, 1%)",R01 (110); R56 (1); R00 (1); DP1 (1)
Hanyu Liang,NIDDK,113,2026,"POMD (15, 13%); CSME (14, 12%); NMHD (12, 11%); HSDO (8, 7%); DDK-B (7, 6%)","ZDK1-GRB (21, 19%); ZRG1-EMNR (6, 5%); ZRG1-KUDS (1, 1%); ZRG1-INMP (1, 1%); ZRG1-EMS (1, 1%)",R01 (78); U01 (12); R13 (9); R56 (5); K01 (3); K23 (2)
Jonathan Hollander,NIEHS,113,2026,"NAL (40, 35%); EDD (7, 6%); SIEE (5, 4%); NOMD (2, 2%); BGES (1, 1%)","ZES1-LWJ (10, 9%); ZES1-VSM (7, 6%); ZRG1-KUDS (6, 5%); ZRG1-F03C (4, 4%); ZRG1-IFCN (3, 3%)",R01 (60); R21 (16); F31 (12); R15 (4); R35 (4); K99 (4)
Karen Kate David,NINDS,113,2026,,"ZRG1-IFCN (56, 50%); ZRG1-ICN (39, 35%); ZNS1-SRB (18, 16%); ZNS1 (2, 2%)",R01 (79); R34 (16); U19 (11); U01 (6); K99 (1)
Timothy M Lavaute,NINDS,113,2026,"NCF (26, 23%); NDPR (10, 9%); BNVT (5, 4%); NC (4, 4%); SYN (4, 4%)","ZNS1-SRB (19, 17%); ZRG1-MGG (5, 4%); ZRG1 (5, 4%); ZRG1-F03A (4, 4%); ZRG1-BN (3, 3%)",R01 (72); R35 (10); U19 (5); F31 (4); R13 (4); R21 (3)
Yin Liu,NCI,113,2026,"CIC (15, 13%); CII (12, 11%); TIR (9, 8%); TTT (8, 7%); NCI-I (5, 4%)","ZRG1-BTC (8, 7%); ZCA1-SRB (4, 4%); ZRG1-OTC (4, 4%); ZCA1-RPRB (3, 3%); ZRG1-TIR (3, 3%)",R01 (73); R37 (10); R00 (8); R21 (6); U01 (5); R35 (5)
Zhong Chen,NIDCR,113,2026,"TIO (8, 7%); MCTA (6, 5%); ODCS (5, 4%); CG (5, 4%); MCDC (5, 4%)","ZRG1-OTC (6, 5%); ZRG1-CDPT (5, 4%); ZDE1-AC (3, 3%); ZDE1-TO (3, 3%); ZRG1-BBBT (2, 2%)",R01 (74); R21 (17); R03 (8); U01 (5); R56 (4); R35 (2)
Chao Jiang,NIAID,112,2026,"CMIA (20, 18%); CMIB (17, 15%); AI (9, 8%); IHD (7, 6%); TTT (5, 4%)","ZAI1-AM (9, 8%); ZRG1-IDIA (4, 4%); ZRG1-IIDB (3, 3%); ZRG1-IIDA (2, 2%); ZCA1-RTRB (1, 1%)",R01 (69); R21 (22); U19 (9); R56 (4); R37 (2); R03 (2)
Kristy Nicks,NIAMS,112,2026,"SBDD (34, 30%); SBSR (25, 22%); AMS (10, 9%); GHD (5, 4%); MTE (5, 4%)","ZRG1-MSOS (8, 7%); ZRG1-SCIL (3, 3%); ZAR1-FY (1, 1%); ZAR1-MEP (1, 1%); ZRG1-F10B (1, 1%)",R01 (86); R21 (9); R13 (7); K08 (3); K01 (2); R56 (2)
Michelle Marie Arnold,NIAID,112,2026,"IHD (10, 9%); VMD (7, 6%); CMIA (6, 5%); MID (6, 5%); VIRB (5, 4%)","ZRG1-F07C (12, 11%); ZRG1-IIDA (4, 4%); ZAI1-MFH (3, 3%); ZRG1-IDIA (3, 3%); ZAI1-AWA (3, 3%)",R01 (59); R21 (15); K08 (7); F31 (7); F30 (5); U01 (4)
Monica Zamisch,NCI,112,2026,"CIC (19, 17%); CII (14, 12%); TIR (8, 7%); BCIB (8, 7%); TTT (5, 4%)","ZRG1-OTC (18, 16%); ZCA1-RTRB (15, 13%); ZCA1 (4, 4%); ZRG1-TIR (4, 4%); ZRG1-BTC (3, 3%)",R01 (69); R37 (14); U01 (10); R21 (7); U54 (5); R35 (2)
Severn Borden Churn,NINDS,112,2026,"CNNT (16, 14%); NC (9, 8%); ANIE (7, 6%); SYN (7, 6%); NST-2 (4, 4%)","ZNS1-SRB (11, 10%); ZRG1-CN (5, 4%); ZRG1-MDCN (4, 4%); ZRG1-BDCN (4, 4%); ZRG1-BN (3, 3%)",R01 (63); R21 (15); R35 (7); R37 (4); R00 (3); F31 (3)
Siddharth Kaup Shenoy,NHLBI,112,2026,"CIDH (6, 5%); LIRR (6, 5%); RIBT (4, 4%); ISD (4, 4%); CTIS (4, 4%)","ZRG1-RCCS (14, 12%); ZHL1-CSR (14, 12%); ZRG1-ISB (8, 7%); ZRG1-IVBH (6, 5%); ZRG1-CVRS (4, 4%)",R01 (55); R43 (12); R44 (10); R33 (5); R21 (5); R42 (3)
Suman Mukhopadhyay,NIAID,112,2026,"BHI (16, 14%); TVZ (12, 11%); PCMB (8, 7%); BV (7, 6%); HIBP (6, 5%)","ZRG1-F07A (8, 7%); ZAI1-FDS (8, 7%); ZRG1-IIDB (7, 6%); ZRG1-DCAI (6, 5%); ZRG1-IIDA (4, 4%)",R01 (47); R21 (33); R61 (7); F32 (4); F31 (3); R03 (3)
Zane Martin,NIA,112,2026,,"ZRG1-AN (70, 62%); ZRG1-NV (14, 12%); ZAG1-ZIJ (14, 12%); ZRG1-ETTN (7, 6%); ZRG1-MBBC (3, 3%)",R44 (41); R43 (33); R41 (26); R42 (6); SB1 (2); R25 (2)
Leah Rebecca Vincent,NIAID,111,2026,"BV (16, 14%); PCMB (12, 11%); BHI (12, 11%); BACP (8, 7%); HIBP (6, 5%)","ZRG1-F07A (9, 8%); ZAI1-MN (7, 6%); ZRG1-IIDA (5, 5%); ZRG1-IIDB (3, 3%); ZRG1-IDIA (3, 3%)",R21 (41); R01 (36); R03 (5); F32 (5); F31 (5); R37 (4)
Virginia Charlotte Salo,NICHD,111,2026,"LCOM (20, 18%); CHHD-H (9, 8%); PDRP (7, 6%); HCMF (4, 4%); EITN (3, 3%)","ZRG1-BP (12, 11%); ZRG1-F01B (9, 8%); ZRG1-F16 (5, 5%); ZHD1-DSR (4, 4%); ZRG1-BBBP (4, 4%)",R01 (52); R21 (15); F31 (12); F32 (6); R13 (5); K99 (4)
Anju Singh,NCI,110,2026,"TIR (10, 9%); CII (10, 9%); TIO (7, 6%); CIC (7, 6%); CONC (3, 3%)","ZCA1-SRB (16, 15%); ZCA1-SRC (8, 7%); ZRG1-OTC (7, 6%); ZRG1-CDPT (5, 5%); ZRG1-IMST (5, 5%)",R01 (62); R21 (17); R37 (11); OT2 (8); R35 (3); U01 (2)
Conrad M Mallia,NIAID,110,2026,"CMIA (11, 10%); IHD (10, 9%); AI (9, 8%); CMIB (8, 7%); MSI (5, 5%)","ZAI1-JTS (7, 6%); ZRG1-IIDA (5, 5%); ZRG1-IMM (4, 4%); ZRG1-IDIA (4, 4%); ZRG1-IDIB (3, 3%)",R01 (70); R21 (21); U01 (7); P01 (4); R03 (4); DP2 (2)
Ilana Grace Goldberg,NHLBI,110,2026,"HTBT (28, 25%); BBHV (3, 3%); TTT (3, 3%); BTSS (3, 3%); CHD (2, 2%)","ZHL1-CSR (12, 11%); ZRG1-F10C (9, 8%); ZRG1-IVBH (7, 6%); ZRG1-VH (4, 4%); ZRG1-F05 (3, 3%)",R01 (56); F31 (10); R44 (8); K08 (5); R21 (5); R35 (4)
Richard Thomas Robinson,NIAID,110,2026,"PCMB (20, 18%); HIBP (12, 11%); BHI (8, 7%); BV (6, 5%); BACP (5, 5%)","ZRG1-IIDB (9, 8%); ZRG1-IIDA (8, 7%); ZAI1-LK (3, 3%); ZRG1-CVRS (2, 2%); ZAI1-LG (1, 1%)",R01 (58); R21 (35); P01 (5); U19 (3); R03 (2); R56 (2)
Janet Cyr,NIDCD,109,2026,"AUD (58, 53%); CDRC (12, 11%); CMBG (1, 1%); NOMD (1, 1%); DBD (1, 1%)","ZDC1-SRB (14, 13%); ZRG1-IFCN (10, 9%); ZRG1-ICN (7, 6%); ZRG1-SCIL (3, 3%); ZDC1 (2, 2%)",R01 (65); R13 (16); R21 (15); U24 (5); R56 (3); U01 (1)
Preethi Chander,NIDCR,109,2026,"ODCS (61, 56%); HCAC (2, 2%); DSR (2, 2%); DEV1 (1, 1%); IRAP (1, 1%)","ZRG1-MSOS (10, 9%); ZRG1-MOSS (8, 7%); ZDE1-JC (6, 6%); ZDE1-AC (4, 4%); ZDE1-YM (4, 4%)",R01 (73); R21 (19); R03 (6); R56 (5); R37 (1); R35 (1)
Qi Duan,NIBIB,109,2026,"EITA (12, 11%); EITN (11, 10%); ITD (11, 10%); BDMA (6, 6%); IGIS (4, 4%)","ZRG1-MCST (11, 10%); ZRG1-BBBT (5, 5%); ZRG1-HSS (4, 4%); ZRG1-ISB (4, 4%); ZRG1-NV (4, 4%)",R01 (67); R21 (16); R03 (13); U24 (3); R50 (3); P41 (2)
Seung Kyoon Woo,NHLBI,109,2026,"MPOR(MA) (10, 9%); MTI (MA) (8, 7%); MTI(JA) (7, 6%); NITM(JA) (6, 6%); MPOR(JA) (6, 6%)","ZRG1-F10A (12, 11%); ZRG1-F10C (12, 11%); ZRG1-F05 (7, 6%); ZRG1-IVBH (5, 5%); ZHL1-CSR (4, 4%)",F31 (32); K23 (27); K99 (21); T32 (11); K08 (11); F32 (6)
Yael Mandelblat-Cerf,NIMH,109,2026,"PMDA (19, 17%); NMB (9, 8%); GHD (8, 7%); DMPB (7, 6%); LMDN (6, 6%)","ZMH1-ERB (7, 6%); ZRG1-BN (7, 6%); ZRG1-CN (3, 3%); ZRG1-ICN (2, 2%); ZRG1-OBT (1, 1%)",R01 (80); R21 (13); RF1 (9); R56 (3); UF1 (1); R37 (1)
Inka I Sastalla,NIAID,108,2026,"MID-B (34, 31%); MID (33, 31%); EDIT (6, 6%); EBIT (3, 3%); BDMA (3, 3%)","ZRG1-IIDA (6, 6%); ZRG1-T07A (4, 4%); ZAI1-MFH (3, 3%); ZAI1-VSR (2, 2%); ZRG1-BBBT (2, 2%)",T32 (65); R01 (15); R21 (7); T35 (3); U19 (3); F31 (3)
Katrina Shueh Wen Loh,NIDDK,108,2026,"DDK-C (23, 21%); HBPP (13, 12%); DHMI (8, 7%); NMHD (6, 6%); CTIS (4, 4%)","ZRG1-KUDS (6, 6%); ZDK1-GRB (4, 4%); ZRG1-T12C (4, 4%); ZRG1-F12C (4, 4%); ZRG1-T12A (3, 3%)",R01 (61); K23 (17); K08 (16); R03 (6); K01 (5); DP1 (1)
Kevin E Chan,NIDDK,108,2026,"PBKD (34, 31%); KUFD (11, 10%); KNOD (5, 5%); SBDD (4, 4%); HSQE (4, 4%)","ZDK1-GRB (15, 14%); ZRG1-KUDS (4, 4%); ZRG1-HSS (3, 3%); ZRG1-SEIR (2, 2%); ZRG1-DKUS (2, 2%)",R01 (91); U01 (15); R00 (1); R56 (1)
Meenu Mishra Upadhyay,NIAID,108,2026,"PCMB (8, 7%); HIBP (7, 6%); BACP (6, 6%); BV (6, 6%); IMII (4, 4%)","ZRG1-F07A (12, 11%); ZRG1-DCAI (5, 5%); ZRG1-IIDA (3, 3%); ZRG1-IDIA (2, 2%); ZRG1-IDM (2, 2%)",R01 (43); R21 (27); F31 (12); F32 (5); R56 (4); R16 (2)
Thomas Greenwell,NINDS,108,2026,"NPI (42, 39%); SPS (10, 9%); NST-1 (3, 3%); CNNT (3, 3%); MNPS (2, 2%)","ZNS1-SRB (7, 6%); ZRG1-F02B (4, 4%); ZRG1-IFCN (4, 4%); ZRG1-ICN (4, 4%); ZTR1-DPI (3, 3%)",R01 (69); R21 (12); K00 (5); F31 (4); DP2 (4); R37 (2)
Albert J Hwa,NIDDK,107,2026,"BMDM (41, 38%); CSME (22, 21%); DDK-B (10, 9%); CADO (6, 6%); MCE (2, 2%)","ZRG1-EMNR (9, 8%); ZRG1-EMS (6, 6%); ZDK1-GRB (3, 3%); ZRG1-CADO (1, 1%); ZRG1-BST (1, 1%)",R01 (87); K01 (6); K99 (3); R56 (3); R03 (3); RC2 (2)
Julie Dyall,NIAID,107,2026,"VPI (9, 8%); VIRB (7, 7%); ISD (5, 5%); EDIT (5, 5%); DMPA (4, 4%)","ZRG1-DCAI (13, 12%); ZAI1-SAS (8, 7%); ZRG1-AIDC (5, 5%); ZRG1-IDM (4, 4%); ZAI1-DF (4, 4%)",R01 (52); R21 (23); R44 (7); R56 (3); R41 (3); F31 (3)
Shoba Thirumangalathu,NIDCR,107,2026,"DSR (63, 59%); DSR(01) (5, 5%)","ZRG1-MSOS (10, 9%); ZDE1-JC (7, 7%); ZDE1-YM (4, 4%); ZDE1-NB (4, 4%); ZRG1-CDB (2, 2%)",K99 (40); K08 (29); F32 (14); K01 (12); K12 (3); D43 (2)
Chamelli Jhappan,NCI,106,2026,"MONC (11, 10%); CG (9, 8%); CAMP (8, 8%); BCO (6, 6%); THI (5, 5%)","ZRG1-CB (12, 11%); ZRG1-OBT (4, 4%); ZCA1-RPRB (2, 2%); ZRG1-OTC1 (2, 2%); ZCA1-SRB (2, 2%)",R01 (74); UH3 (11); R37 (9); R35 (4); R00 (2); R21 (2)
Lingamanaidu V Ravichandran,NIEHS,106,2026,"EDD (14, 13%); DBDT (6, 6%); SIEE (3, 3%); NAL (3, 3%); SEDH (1, 1%)","ZRG1-MCST (24, 23%); ZES1-LWJ (10, 9%); ZRG1-SCIL (6, 6%); ZRG1-BBBT (3, 3%); ZRG1-KUDS (3, 3%)",R44 (24); R43 (21); R01 (17); R21 (14); R41 (6); R15 (5)
Maryam X Ghaleh,NINDS,106,2026,"EITN (17, 16%); HCMF (9, 8%); ITN (7, 7%); AIMR (6, 6%); NST-2 (6, 6%)","ZRG1-BDCN (3, 3%); ZAG1-ZIJ (2, 2%); ZRG1-PSE (2, 2%); ZRG1-IFCN (2, 2%); ZRG1-BP (2, 2%)",R01 (88); R00 (6); R21 (5); R13 (2); R03 (1); U01 (1)
Susannah M A Kamath,NIMH,106,2026,"HIBI (22, 21%); PPAH (14, 13%); SERV (2, 2%); EMHI (1, 1%)","ZMH1-ERB (26, 25%); ZRG1-F17B (15, 14%); ZRG1-RPHB (7, 7%); ZRG1-SCIL (6, 6%); ZRG1-F16 (3, 3%)",R01 (31); R25 (17); F31 (16); T32 (12); K01 (6); R21 (6)
Zhang-Zhi Hu,NCI,106,2026,"CIC (10, 9%); CII (5, 5%); NCI-I (4, 4%); TIR (4, 4%); DT (2, 2%)","ZCA1-SRB (19, 18%); ZCA1-RTRB (13, 12%); ZRG1-OTC (8, 8%); ZRG1-CDPT (5, 5%); ZRG1-IMST (4, 4%)",R01 (51); R21 (29); R37 (10); R00 (5); UG3 (3); U01 (3)
Elizabeth Lee Read-Connole,NCI,105,2026,"HCAC (27, 26%); CE (7, 7%); VIRA (4, 4%); VPI (4, 4%); HBPP (3, 3%)","ZCA1-RPRB (16, 15%); ZCA1-SRB (13, 12%); ZCA1-TCRB (6, 6%); ZCA1-GRB (2, 2%); ZRG1-AARR (2, 2%)",R01 (70); U01 (13); R21 (7); P01 (7); R37 (4); R35 (3)
Fatou Jallow,NCI,105,2026,"SIHH (4, 4%); HPC (2, 2%); LCBH (1, 1%); DIRH (1, 1%)","ZRG1-F09A (50, 48%); ZRG1-F09C (42, 40%); ZRG1-F07B (3, 3%); ZRG1-HSS (1, 1%); ZCA1-PCRB (1, 1%)",F31 (52); F30 (43); R01 (7); R21 (2); R13 (1)
Grace S Ault,NCI,105,2026,"TPM (27, 26%); TEHM (22, 21%); TCB (6, 6%); TME (6, 6%); THI (5, 5%)","ZRG1-BTC (4, 4%); ZCA1-RPRB (2, 2%); ZCA1-SRB (2, 2%); ZRG1-OBT (2, 2%); ZRG1 (1, 1%)",R01 (89); R37 (5); R00 (4); P01 (2); R56 (2); R21 (1)
Purevdorj Baljinnyam Olkhanud,NCI,105,2026,"CONC (37, 35%); DT (7, 7%); CNBT (4, 4%); CIC (3, 3%); CII (2, 2%)","ZCA1-SRB (11, 10%); ZCA1-GRB (8, 8%); ZCA1-RPRB (5, 5%); ZRG1-SBIB (2, 2%); ZRG1-CTH (2, 2%)",R01 (71); U01 (13); R21 (8); P01 (4); R37 (3); R03 (3)
Wanping Xu,NCI,105,2026,"CSRS (7, 7%); MONC (7, 7%); TCB (7, 7%); NCI-I (5, 5%); MCT2 (5, 5%)","ZCA1-SRB (7, 7%); ZCA1-GRB (4, 4%); ZCA1-RTRB (4, 4%); ZCA1-RPRB (3, 3%); ZRG1-CDPT (3, 3%)",R01 (73); U01 (8); R00 (7); R35 (7); R37 (3); P01 (3)
Andras Orosz,NIA,104,2026,"CMAD (26, 25%); AGCD-4 (6, 6%); AGCD-1 (5, 5%); CSF1 (3, 3%); CSRS (2, 2%)","ZRG1-CB (12, 12%); ZRG1-F05 (9, 9%); ZRG1 (6, 6%); ZRG1-IMST (5, 5%); ZAG1-ZIJ (5, 5%)",R01 (38); R21 (14); U54 (13); R13 (8); F31 (6); F32 (6)
John Raphael Fedota,NIDA,104,2026,"ARM (28, 27%); NPAS (19, 18%); BRLE (4, 4%); APDA (3, 3%); MESH (3, 3%)","ZRG1-BP (7, 7%); ZDA1-BSW (4, 4%); ZDA1-SKP (3, 3%); ZRG1-RPHB (3, 3%); ZDA1-IXR (3, 3%)",R01 (65); R21 (9); K01 (8); K23 (5); R61 (4); K08 (4)
Karen Winer,NICHD,104,2026,"CHHD-A (6, 6%); ICER (6, 6%); CSME (4, 4%); CHHD-C (3, 3%); MRS (3, 3%)","ZHD1-DSR (20, 19%); ZRG1-F10B (6, 6%); ZRG1-F06 (5, 5%); ZRG1-SCIL (3, 3%); ZRG1-F18 (2, 2%)",R01 (31); K12 (15); F30 (10); R21 (10); T32 (6); F31 (5)
Stefan Maas,NCI,104,2026,"CAMP (15, 14%); GRIC (15, 14%); CCB (8, 8%); TCB (6, 6%); CG (5, 5%)","ZCA1-SRB (6, 6%); ZCA1-RPRB (5, 5%); ZCA1-GRB (2, 2%); ZCA1-RTRB (2, 2%); ZRG1-BTC (2, 2%)",R01 (70); R21 (11); R35 (7); R37 (4); U01 (4); R00 (3)
Jerry Li,NCI,103,2026,"CG (17, 17%); BDMA (5, 5%); GCAT (3, 3%); GHD (2, 2%); MCDC (2, 2%)","ZCA1-TCRB (34, 33%); ZRG1-BTC (4, 4%); ZCA1-SRB (3, 3%); ZRG1-RCCS (3, 3%); ZCA1-RTRB (2, 2%)",R01 (47); U24 (19); R33 (10); R61 (6); DP2 (6); R21 (5)
Karen A Lacourciere,NIAID,103,2026,"EDIT (20, 19%); PRID (10, 10%); AIRT (6, 6%); CRFS (4, 4%); IRAP (4, 4%)","ZRG1-DCAI (8, 8%); ZAI1-BLG (5, 5%); ZAI1-SAS (3, 3%); ZRG1-AIDC (2, 2%); ZAI1-LR (2, 2%)",R01 (65); R21 (17); R44 (6); U01 (3); R03 (2); P01 (2)
Alec Ritchie,NIAID,102,2026,"VMD (12, 12%); VID (10, 10%); EDIT (7, 7%); EBIT (6, 6%); CRFS (5, 5%)","ZRG1-DCAI (13, 13%); ZRG1-AIDC (5, 5%); ZRG1-MCST (4, 4%); ZRG1-BBBT (3, 3%); ZRG1-KUDS (2, 2%)",R01 (45); R21 (22); R44 (10); R43 (7); SB1 (4); R41 (3)
Aron Marquitz,NIAMS,102,2026,"MTE (56, 55%); SBSR (13, 13%); BMBI (5, 5%); AMS (2, 2%); NANO (2, 2%)","ZRG1-BBBT (4, 4%); ZRG1-MSOS (4, 4%); ZRG1-F10B (2, 2%); ZRG1-MOSS (2, 2%); ZHL1-CSR (1, 1%)",R01 (75); R21 (15); R15 (4); R13 (2); K08 (1); F32 (1)
Frank Evans,NHLBI,102,2026,"BTSS (14, 14%); CCHS (8, 8%); MPPA (7, 7%); TDPS (5, 5%); CTIS (5, 5%)","ZRG1-ISB (8, 8%); ZRG1-RCCS (7, 7%); ZRG1-SBIB (5, 5%); ZRG1-CVRS (4, 4%); ZRG1-IVBH (3, 3%)",R01 (78); R21 (6); R43 (5); R44 (4); R56 (4); R41 (2)
Melissa S Gerald,NIA,102,2026,"AGCD-2 (11, 11%); NRCS (5, 5%); AGCD-3 (5, 5%); NIA-S (5, 5%); CMGC (4, 4%)","ZAG1-ZIJ (28, 27%); ZRG1-HDM (6, 6%); ZRG1-HSS (4, 4%); ZRG1-AN (2, 2%); ZRG1-SCIL (2, 2%)",R01 (37); K01 (13); R33 (11); R21 (6); K24 (6); K23 (4)
Nsini Alease Umoh,NINDS,102,2026,"ANIE (22, 22%); BINP (8, 8%); CNN (6, 6%); BIND (5, 5%); BNVT (4, 4%)","ZNS1-SRB (13, 13%); ZRG1-BDCN (5, 5%); ZRG1-NV (2, 2%); ZRG1-ETTN (2, 2%); ZRG1-AN (1, 1%)",R01 (68); R21 (9); U24 (4); U01 (3); RF1 (3); F31 (2)
Scott Spencer Verbridge,NIDCR,102,2026,"MTE (28, 27%); ODCS (21, 21%); SBDD (11, 11%); SBSR (4, 4%); BTSS (3, 3%)","ZRG1-MSOS (17, 17%); ZRG1-MOSS (4, 4%); ZDE1-YM (4, 4%); ZDE1-SRC (1, 1%); ZRG1-CDB (1, 1%)",R01 (64); R56 (10); R21 (9); R41 (4); R03 (3); R44 (3)
Barbara J Sina,FIC,101,2026,"ICP1 (5, 5%)","ZRG1-DCAI (36, 36%); ZRG1-ICP (15, 15%); ZRG1-IDM (12, 12%); ZRG1-BDCN (9, 9%); ZRG1-SCIL (9, 9%)",D43 (50); R25 (23); K43 (17); K01 (4); U01 (3); UE5 (2)
Li-Shin Huang,NHLBI,101,2026,"NITM(OA) (6, 6%); NITM(JA) (5, 5%); NITM (JA) (2, 2%); MTI(JA) (2, 2%); NITM (OA) (2, 2%)","ZRG1-F10A (31, 31%); ZHL1-CSR (30, 30%); ZRG1-F05 (4, 4%); ZRG1-IVBH (4, 4%); ZRG1-F04B (2, 2%)",F31 (44); T32 (17); R25 (10); R38 (10); K01 (8); K99 (6)
Tiffany Cook,NEI,101,2026,"PED1 (29, 29%); PED2 (24, 24%); DPVS (13, 13%); BDE (6, 6%); GHD (5, 5%)","ZRG1-BDCN (4, 4%); ZRG1-ETTN (4, 4%); ZRG1-NV (4, 4%); ZEY1-VSN (2, 2%); ZRG1-CDB (2, 2%)",R01 (94); R21 (4); U01 (2); R56 (1)
Eric Wayne Brunskill,NIDDK,100,2026,"PBKD (45, 45%); KUFD (20, 20%); DDK-D (3, 3%); BTSS (2, 2%); DBTD (2, 2%)","ZRG1-KUDS (10, 10%); ZRG1-DKUS (3, 3%); ZRG1-IMST (2, 2%); ZDK1-GRB (2, 2%); ZRG1-EMNR (1, 1%)",R01 (84); R21 (5); R00 (3); U54 (2); RC2 (2); R16 (2)
Frank Paul Shewmaker,NINDS,100,2026,"CMND (27, 27%); MSFB (6, 6%); NOMD (5, 5%); CDIN (4, 4%); NST-1 (2, 2%)","ZNS1-SRB (11, 11%); ZRG1-AN (10, 10%); ZRG1-BDCN (7, 7%); ZRG1-MDCN (5, 5%); ZRG1-NV (2, 2%)",R01 (54); RF1 (11); R21 (9); R13 (4); R56 (4); U54 (3)
Jason Wan,NIDCR,100,2026,"ODCS (26, 26%); SBSR (13, 13%); SBDD (12, 12%); DSR (7, 7%); MTE (6, 6%)","ZRG1-MSOS (17, 17%); ZDE1-AC (4, 4%); ZDE1-JC (3, 3%); ZRG1-MOSS (3, 3%); ZDE1-TO (2, 2%)",R01 (56); R03 (14); R21 (8); R56 (8); R13 (3); R43 (3)
Julia Jiaqi Oreilly,NIDCD,100,2026,"LCOM (51, 51%); CDRC (17, 17%); CPDD (6, 6%); MFSR (3, 3%); SPIP (1, 1%)","ZRG1-BP (10, 10%); ZDC1-SRB (7, 7%); ZRG1-BBBP (2, 2%); ZRG1-IVBH (1, 1%); ZRG1-CN (1, 1%)",R01 (59); R21 (31); R56 (3); R13 (3); R03 (2); U01 (1)
Leia Kaye Novak,NIAID,100,2026,"HVCD (43, 43%); HIVD (16, 16%); HCCS (3, 3%); AIDS (2, 2%); CMIB (1, 1%)","ZRG1-F17A (5, 5%); ZAI1-JP (5, 5%); ZRG1-AARR (4, 4%); ZRG1-IIDB (4, 4%); ZAI1-JBS (4, 4%)",R01 (53); R21 (11); R56 (7); P01 (6); F31 (5); UM1 (4)
Melissa Riddle,NIA,100,2026,"CMGC (9, 9%); NIA-S (7, 7%); SPIP (7, 7%); AGCD-2 (6, 6%); AGCD-3 (5, 5%)","ZAG1-ZIJ (20, 20%); ZRG1-CCHI (10, 10%); ZRG1-HSS (4, 4%); ZRG1-SCIL (3, 3%); ZRG1-BBBP (2, 2%)",R01 (43); K23 (12); K01 (10); RF1 (6); P30 (5); R21 (4)
Narasimhan Danthi,NHLBI,100,2026,"CTIS (11, 11%); IGIS (10, 10%); EITA (7, 7%); BTSS (5, 5%); TDPS (5, 5%)","ZHL1-CSR (13, 13%); ZRG1-ISB (7, 7%); ZRG1-IVBH (6, 6%); ZRG1-BBBT (3, 3%); ZRG1-SBIB (3, 3%)",R01 (69); R35 (5); R43 (5); R44 (4); R33 (4); R61 (4)
Renee P Wong,NHLBI,100,2026,"MPPB (24, 24%); MPPA (19, 19%); MIM (11, 11%); TDPS (5, 5%); HLBP (3, 3%)","ZHL1-CSR (10, 10%); ZRG1-TDPS (5, 5%); ZRG1-CVRS (2, 2%); ZRG1-MIM (2, 2%); ZRG1-CCHF (2, 2%)",R01 (87); R35 (5); P01 (3); U24 (1); UG3 (1); U01 (1)
Robert Freeman,NIAAA,100,2026,"AA-2 (14, 14%); PPAH (9, 9%); HIBI (9, 9%); IPTA (7, 7%); ARM (4, 4%)","ZAA1-DD (16, 16%); ZRG1-CCHI (6, 6%); ZAA1-GG (4, 4%); ZRG1-RPHB (3, 3%); ZRG1-BP (3, 3%)",R01 (52); R34 (9); R21 (8); K01 (7); K08 (4); F31 (3)
Sudhir B Kondapaka,NCI,100,2026,"DT (11, 11%); ATA (9, 9%); MCTB (9, 9%); MCT1 (9, 9%); MCT2 (8, 8%)","ZCA1-SRB (12, 12%); ZRG1-OTC1 (2, 2%); ZRG1-MSOS (1, 1%); ZRG1-BST (1, 1%); ZRG1-DMPC (1, 1%)",R01 (82); R21 (8); R37 (3); U54 (2); R00 (2); R35 (2)
Connie L Sommers,NCI,99,2026,"TIO (6, 6%); CONC (6, 6%); RTB (6, 6%); TIR (4, 4%); CII (4, 4%)","ZCA1-SRB (11, 11%); ZRG1-OTC (8, 8%); ZCA1-TCRB (7, 7%); ZRG1-CDPT (5, 5%); ZCA1-RPRB (4, 4%)",R01 (52); R21 (23); R37 (9); U01 (4); R03 (4); R35 (2)
Eric William Refsland,NIAID,99,2026,"HVCD (28, 28%); AIDS (18, 18%); HIVD (4, 4%); MID-B (1, 1%)","ZRG1-F17A (18, 18%); ZRG1-IIDA (10, 10%); ZRG1-AARR (8, 8%); ZAI1-SA (6, 6%); ZAI1-DNV (5, 5%)",R01 (32); T32 (13); F31 (11); P30 (9); R21 (9); R37 (5)
Katrin Eichelberg,NIAID,99,2026,"BHI (15, 15%); IHD (15, 15%); VID (11, 11%); HIBP (6, 6%); VMD (5, 5%)","ZAI1-NKD (7, 7%); ZRG1-DCAI (5, 5%); ZRG1-IIDA (4, 4%); ZRG1-IDIB (3, 3%); ZAI1-BLG (3, 3%)",R01 (61); R21 (24); R61 (4); R33 (3); DP2 (2); R56 (1)
Qing Lu,NHLBI,99,2026,"LCMI (10, 10%); LIRR (10, 10%); RIBT (4, 4%); MPOR(JA) (3, 3%); CRD (3, 3%)","ZHL1-CSR (13, 13%); ZRG1-RCCS (9, 9%); ZRG1-CVRS (4, 4%); ZRG1-F10A (4, 4%); ZRG1-RPHB (2, 2%)",R01 (54); K23 (8); R21 (6); R03 (5); R35 (4); K01 (4)
Amir E Zeituni,NIAID,98,2026,"BV (11, 11%); BACP (9, 9%); PCMB (7, 7%); BHI (6, 6%); VID (3, 3%)","ZRG1-DCAI (9, 9%); ZRG1-F07A (4, 4%); ZRG1-IDIA (4, 4%); ZRG1-IDM (3, 3%); ZRG1-MGG (3, 3%)",R01 (42); R21 (22); F31 (9); R61 (6); R37 (4); F32 (4)
Christopher V Mullins,NIDDK,98,2026,"KUFD (54, 55%); TAG (1, 1%); MABS (1, 1%); SPS (1, 1%); DMPB (1, 1%)","ZRG1-DKUS (14, 14%); ZRG1-KUDS (11, 11%); ZDK1-GRB (6, 6%); ZRG1-IFCN (2, 2%); ZRG1-IVBH (1, 1%)",R01 (89); U01 (4); R21 (3); R56 (1); U24 (1)
David M Panchision,NIMH,98,2026,"MNG (11, 11%); NMBH (7, 7%); BGES (6, 6%); NCF (4, 4%); PMDA (3, 3%)","ZRG1-MDCN (22, 22%); ZRG1-BN (12, 12%); ZMH1-ERB (6, 6%); ZRG1-NV (1, 1%); ZRG1-IDIB (1, 1%)",R01 (76); R21 (9); RF1 (5); R37 (2); DP2 (2); RM1 (1)
Guofei Zhou,NHLBI,98,2026,"RIBT (13, 13%); SAT (7, 7%); LIRR (7, 7%); HSQE (4, 4%); PVP (4, 4%)","ZHL1-CSR (21, 21%); ZRG1-RCCS (9, 9%); ZRG1-HSS (2, 2%); ZRG1-BBBT (2, 2%); ZRG1-AIDC (1, 1%)",R01 (62); R35 (7); U01 (7); R21 (4); R44 (3); R41 (2)
Katherine Shim,NIDCD,98,2026,,"ZDC1-SRB (53, 54%); ZRG1-F03B (6, 6%); ZRG1-F01B (6, 6%); ZRG1-F02C (5, 5%); ZRG1-F01C (5, 5%)",F31 (82); F30 (16)
Marco Cardone,NCI,98,2026,"TIO (9, 9%); CIC (8, 8%); RTB (5, 5%); CII (4, 4%); TIR (3, 3%)","ZCA1-SRB (13, 13%); ZRG1-TIO (6, 6%); ZRG1-OTC (4, 4%); ZRG1-CDPT (4, 4%); ZCA1-TCRB (3, 3%)",R01 (71); R21 (20); R37 (4); U01 (1); R03 (1); R00 (1)
Mary Katherine Bradford Plimack,NIAID,98,2026,"MCV (9, 9%); VIRB (7, 7%); MSFC (6, 6%); VIRA (6, 6%); MSFA (4, 4%)","ZRG1-F07C (9, 9%); ZRG1-IIDA (4, 4%); ZRG1-VDT (3, 3%); ZAI1-FDS (2, 2%); ZAI1-BLG (2, 2%)",R01 (39); R21 (30); F31 (8); DP2 (3); R03 (3); R00 (2)
Wayne C Wang,NHLBI,98,2026,"MCBS(JA) (5, 5%); MTI(JA) (4, 4%); MTI (OA) (3, 3%); NITM(JA) (3, 3%); MTI(OA) (3, 3%)","ZHL1-CSR (34, 35%); ZRG1-F10A (17, 17%); ZRG1-IVBH (9, 9%); ZRG1-RCCS (2, 2%); ZRG1-F15 (1, 1%)",F32 (23); K01 (13); K99 (11); T32 (11); K08 (11); R25 (8)
Ingrid Cecilia Espinoza Grandon,NHLBI,97,2026,"LIRR (19, 20%); LCMI (9, 9%); LII (7, 7%); RIBT (6, 6%); SAT (6, 6%)","ZHL1-CSR (10, 10%); ZRG1-RCCS (9, 9%); ZRG1-CVRS (5, 5%); ZRG1-HSS (2, 2%); ZRG1-HDM (1, 1%)",R01 (79); R21 (6); U01 (2); SB1 (2); R34 (2); R41 (2)
Keren L Witkin,NCI,97,2026,"CE (11, 11%); CG (10, 10%); RTB (9, 9%); CAMP (5, 5%); BCO (5, 5%)","ZCA1-SRB (9, 9%); ZCA1-SRC (8, 8%); ZCA1-RPRB (6, 6%); ZCA1-GRB (4, 4%); ZRG1-OTC1 (2, 2%)",R01 (67); R35 (9); OT2 (8); P01 (6); R37 (3); U01 (3)
Mei Qin,NICHD,97,2026,"CPDD (11, 11%); DBD (7, 7%); CHHD-H (2, 2%); CHHD-C (2, 2%); MNG (2, 2%)","ZHD1-DSR (24, 25%); ZRG1-F03A (6, 6%); ZRG1-CN (4, 4%); ZRG1-BDCN (3, 3%); ZRG1-BP (3, 3%)",R01 (40); P50 (17); R21 (11); T32 (5); F30 (5); R13 (3)
Olivier Berton,NIDA,97,2026,"NMB (29, 30%); MCNP (11, 11%); MNPS (6, 6%); BRLE (4, 4%); PMDA (3, 3%)","ZMH1-ERB (5, 5%); ZNS1-SRB (4, 4%); ZDA1-TXT (4, 4%); ZDA1-BSW (3, 3%); ZDA1-SKP (2, 2%)",R01 (59); R21 (12); K99 (5); K01 (4); R00 (4); R33 (3)
Padma Maruvada,NIDDK,97,2026,"NMHD (20, 21%); INMP (8, 8%); HSDO (7, 7%); DHMI (4, 4%); KNOD (3, 3%)","ZRG1-BBBT (9, 9%); ZDK1-GRB (5, 5%); ZRG1-KUDS (3, 3%); ZRG1-DNPD (2, 2%); ZRG1-EMS (2, 2%)",R01 (76); U24 (9); R33 (4); DP1 (2); R56 (2); R00 (2)
Rajatava Basu,NIDDK,97,2026,"DDK-B (9, 9%); CSME (9, 9%); BMDM (8, 8%); POMD (6, 6%); HAI (6, 6%)","ZDK1-GRB (11, 11%); ZRG1-EMS (6, 6%); ZRG1-IIDB (3, 3%); ZRG1-IDIB (3, 3%); ZRG1-EMNR (3, 3%)",R01 (77); U2C (4); K01 (4); U01 (3); K99 (2); R03 (2)
Sean Coady,NHLBI,97,2026,"MCBS(JA) (9, 9%); NITM(OA) (8, 8%); MCBS(OA) (7, 7%); MCBS(MA) (6, 6%); CHSB (6, 6%)","ZHL1-CSR (17, 18%); ZRG1-IVBH (4, 4%); ZRG1-HSS (4, 4%); ZRG1-EPH (2, 2%); ZRG1-IDIB (1, 1%)",R01 (32); K01 (29); T32 (11); R25 (7); K23 (5); K24 (4)
Andrew Lee Breeden,NIMH,96,2026,"NMB (21, 22%); BRLE (17, 18%); PMDA (9, 9%); BNRS (8, 8%); HCMF (7, 7%)","ZMH1-ERB (8, 8%); ZRG1-BBBP (5, 5%); ZRG1-OBT (2, 2%); ZRG1-MDCN (2, 2%); ZRG1-IFCN (1, 1%)",R01 (84); R21 (8); RF1 (2); R56 (1); R00 (1)
Coralie Isabelle Poizat,NHLBI,96,2026,"MPPA (24, 25%); MPPB (15, 16%); TDPS (5, 5%); CCHF (4, 4%); BBHV (3, 3%)","ZHL1-CSR (9, 9%); ZRG1-CDD (6, 6%); ZRG1-RCCS (6, 6%); ZRG1-IVBH (4, 4%); ZRG1-TDPS (3, 3%)",R01 (77); R21 (4); R44 (3); R03 (3); R35 (2); R13 (2)
Janet He,NINDS,96,2026,"BNRS (35, 36%); NDPR (10, 10%); NST-2 (5, 5%); NNRS (5, 5%); LMDN (2, 2%)","ZNS1-SRB (10, 10%); ZRG1-ICN (5, 5%); ZRG1-IFCN (3, 3%); ZRG1-SCIL (2, 2%); ZRG1-BDCN (1, 1%)",R01 (59); R21 (11); R35 (5); R00 (5); R13 (5); R03 (2)
Pankaj Qasba,NHLBI,96,2026,"TAG (15, 16%); HTBT (14, 15%); BBHV (8, 8%); GDD (5, 5%); MG (3, 3%)","ZRG1-IVBH (5, 5%); ZRG1-MGG (3, 3%); ZRG1-VH (2, 2%); ZRG1-CVRS (2, 2%); ZRG1-F10C (2, 2%)",R01 (79); F30 (4); R43 (2); R56 (2); R21 (2); DP1 (1)
Sharon A Ross,NICHD,96,2026,"NMHD (12, 12%); CHHD-A (7, 7%); ICER (5, 5%); POMD (4, 4%); PN (3, 3%)","ZRG1-EMNR (7, 7%); ZRG1-EMS (5, 5%); ZHD1-DSR (4, 4%); ZRG1-MCST (3, 3%); ZRG1-CCHI (2, 2%)",R01 (46); R21 (14); K23 (6); UG1 (6); R03 (5); F32 (4)
Zubaida Saifudeen,NIDCR,96,2026,"SBDD (46, 48%); ODCS (6, 6%); DEV2 (5, 5%); DSR (3, 3%); NCF (2, 2%)","ZRG1-MSOS (10, 10%); ZRG1-CDB (3, 3%); ZDE1-GZ (2, 2%); ZRG1-MGG (2, 2%); ZDE1-AC (2, 2%)",R01 (58); R21 (10); R03 (10); R35 (5); R56 (5); R13 (3)
Anna Burkart Sadusky,NIDDK,95,2026,"PBKD (45, 47%); KUFD (1, 1%); IVPP (1, 1%); DDK-D (1, 1%); NANO (1, 1%)","ZDK1-GRB (23, 24%); ZRG1-KUDS (16, 17%); ZRG1-DKUS (5, 5%); ZRG1-EMNR (2, 2%); ZDK1 (1, 1%)",R01 (67); U2C (19); U01 (5); R56 (2); R00 (1); R21 (1)
Daniel L Miller,NINDS,95,2026,"CMND (15, 16%); CDIN (9, 9%); NC (8, 8%); NOMD (8, 8%); MNG (7, 7%)","ZNS1-SRB (5, 5%); ZRG1-MDCN (4, 4%); ZRG1-AN (2, 2%); ZRG1-BN (2, 2%); ZGM1-RCB (1, 1%)",R01 (63); R21 (11); R56 (5); R35 (4); F31 (3); R00 (2)
Jessica Ann Mollick,NIDA,95,2026,"NPAS (15, 16%); ARM (12, 13%); APDA (2, 2%); HCMF (2, 2%); NIDA-K (2, 2%)","ZEB1-OSR (10, 11%); ZDA1-LXF (6, 6%); ZDA1-SRC (4, 4%); ZDA1-SXC (4, 4%); ZRG1-BP (4, 4%)",R01 (55); K01 (9); R25 (5); R90 (4); T90 (4); R21 (4)
Karin Fredriksson Lidman,NHLBI,95,2026,"NITM(OA) (6, 6%); NITM(JA) (5, 5%); MCBS(OA) (4, 4%); MTI (MA) (4, 4%); MCBS(MA) (3, 3%)","ZRG1-F10A (26, 27%); ZRG1-F10C (8, 8%); ZRG1-F05 (6, 6%); ZRG1-IVBH (4, 4%); ZHL1-CSR (3, 3%)",F31 (38); T32 (13); K08 (11); F32 (11); K99 (9); K23 (8)
Shreaya Chakroborty,NIA,95,2026,"CDIN (4, 4%); DMPB (4, 4%); AGCD-4 (3, 3%); DDNS (3, 3%); INN (3, 3%)","ZAG1-ZIJ (22, 23%); ZRG1-AN (15, 16%); ZRG1-F03C (5, 5%); ZRG1-BBBT (5, 5%); ZRG1-CN (3, 3%)",R01 (37); T32 (10); R21 (10); F31 (7); F30 (4); U01 (4)
Uday K Shankar,NIAID,95,2026,"HVCD (34, 36%); HIVD (21, 22%); AIDS (5, 5%); HCCS (2, 2%); BBM (1, 1%)","ZRG1-F17A (8, 8%); ZAI1-JBS (4, 4%); ZRG1-DCAI (4, 4%); ZRG1-IIDA (4, 4%); ZRG1-IIDB (3, 3%)",R01 (39); R21 (22); R37 (6); R56 (4); F31 (4); F30 (3)
Xin-Xing Gu,NIAID,95,2026,"BHI (10, 11%); BV (8, 8%); HIBP (7, 7%); BACP (6, 6%); MID-B (3, 3%)","ZRG1-IIDB (8, 8%); ZRG1-DCAI (6, 6%); ZRG1-F07A (5, 5%); ZAI1-CAB (4, 4%); ZRG1-IIDA (2, 2%)",R01 (41); R21 (29); F31 (5); R44 (4); K23 (2); K08 (2)
Yunling Gao,NHLBI,95,2026,"IVPP (19, 20%); BBHV (14, 15%); AVI (12, 13%); CDD (8, 8%); VCMB (4, 4%)","ZHL1-CSR (8, 8%); ZRG1-IVBH (3, 3%); ZRG1-CDD (2, 2%); ZRG1-VH (1, 1%); ZRG1-CDB (1, 1%)",R01 (82); R35 (6); R13 (3); P01 (1); R41 (1); K99 (1)
Su-Yau Mao,NIAMS,94,2026,"ACTS (20, 21%); AMS (17, 18%); AMSC (3, 3%); HAI (3, 3%); AIMR (2, 2%)","ZRG1-IIDB (7, 7%); ZRG1-MSOS (3, 3%); ZAR1-KM (2, 2%); ZRG1-MOSS (2, 2%); ZAR1-YL (2, 2%)",R01 (55); K08 (10); R21 (7); UC2 (4); K23 (4); R56 (3)
Sunila Gopi Nair,NIDA,94,2026,"NMB (17, 18%); MCNP (13, 14%); BRLE (11, 12%); MNPS (5, 5%); PMDA (4, 4%)","ZRG1-ICN (6, 6%); ZHL1-CSR (5, 5%); ZDA1-BSW (4, 4%); ZRG1-IFCN (4, 4%); ZNS1-SRB (3, 3%)",R01 (57); R21 (13); K00 (4); K01 (3); R00 (2); R03 (2)
Alicia Yesiu Chou,NIDCR,93,2026,"SBDD (10, 11%); ODCS (8, 9%); GHD (6, 6%); TAG (3, 3%); BDMA (3, 3%)","ZRG1-HSS (7, 8%); ZDE1-YM (4, 4%); ZRG1-MSOS (3, 3%); ZDE1-TO (3, 3%); ZRG1-MGG (3, 3%)",R01 (57); R03 (17); R21 (6); U01 (3); R56 (3); R43 (2)
Baoying Liu,NIAID,93,2026,"DMPA (9, 10%); HCAC (7, 8%); AIRT (6, 6%); PTHE (3, 3%); MID-B (3, 3%)","ZRG1-DCAI (22, 24%); ZRG1-IIDA (11, 12%); ZRG1-AIDC (9, 10%); ZRG1-F07C (4, 4%); ZAI1-LAR (2, 2%)",R21 (30); R01 (26); R41 (7); R44 (6); R43 (5); F32 (3)
Federico Bernal,NIGMS,93,2026,,"ZGM1-RCB (85, 91%); ZGM1 (10, 11%); ZRG1-BBBT (2, 2%); ZRG1-CDB (2, 2%); ZAI1-SPJ (1, 1%)",SC3 (27); SC1 (24); P20 (17); R16 (12); SC2 (8); P30 (5)
Karobi Moitra,NIAID,93,2026,,"ZRG1-F07A (31, 33%); ZRG1-F07C (22, 24%); ZRG1-F07B (17, 18%); ZRG1-F17A (6, 6%); ZAI1-NKD (5, 5%)",F31 (86); G11 (5); FM1 (2)
Kristin Hedgepath Gilchrist,NIBIB,93,2026,"EITA (22, 24%); CDMA (8, 9%); CIDH (7, 8%); ISD (5, 5%); ITD (5, 5%)","ZRG1-HSS (6, 6%); ZRG1-BBBT (5, 5%); ZRG1-ISB (3, 3%); ZRG1-IVBH (3, 3%); ZRG1-NV (2, 2%)",R01 (58); R21 (26); R03 (3); S10 (2); R16 (2); R15 (1)
Melissa J Stick,NIDCD,93,2026,"CDRC (63, 68%); NST-3 (1, 1%)","ZRG1-ICN (8, 9%); ZDC1-SRB (6, 6%); ZRG1-BP (5, 5%); ZGM1-TWD (3, 3%); ZMH1-ERB (3, 3%)",K23 (30); K99 (26); K08 (16); K01 (10); K24 (7); K18 (1)
Vasudev Ramachandra Rao,NIMH,93,2026,"HCCS (19, 20%); HVCD (14, 15%); HIBI (1, 1%); HIVD (1, 1%)","ZMH1-ERB (33, 35%); ZRG1-CN (4, 4%); ZRG1-AARR (3, 3%); ZNS1-SRB (3, 3%); ZRG1-CCHI (2, 2%)",R01 (61); R21 (5); R44 (5); K01 (4); P30 (4); RF1 (3)
Andrew F Rossi,NIMH,92,2026,"LMDN (20, 22%); HCMF (17, 18%); NMB (8, 9%); PMDA (7, 8%); SPC (6, 7%)","ZMH1-ERB (4, 4%); ZRG1-IFCN (3, 3%); ZRG1-BBBP (2, 2%); ZRG1-MDCN (1, 1%); ZRG1-BDCN (1, 1%)",R01 (70); R21 (9); RF1 (4); R56 (3); P50 (2); R37 (2)
Beena G Sood,NHLBI,92,2026,"RIBT (13, 14%); LIRR (6, 7%); MPOR(JA) (5, 5%); PVP (5, 5%); MCBS(OA) (3, 3%)","ZRG1-RCCS (13, 14%); ZHL1-CSR (9, 10%); ZRG1-F10A (3, 3%); ZRG1-EPH (3, 3%); ZRG1-HSS (2, 2%)",R01 (45); K23 (16); K08 (8); R44 (4); R61 (3); F31 (3)
Belinda Enita Sims,NIMH,92,2026,"SERV (33, 36%); EMHI (10, 11%); CDMA (1, 1%); ODHS (1, 1%); CIDH (1, 1%)","ZMH1-ERB (21, 23%); ZRG1-HSS (8, 9%); ZRG1-F16 (7, 8%); ZRG1-SCIL (5, 5%); ZRG1-BP (4, 4%)",K23 (43); K01 (18); T32 (16); F31 (7); K08 (3); K99 (3)
Ronald Q Warren,NHLBI,92,2026,"HTBT (22, 24%); BTSS (3, 3%); BMBI (3, 3%); TAG (2, 2%); HLBP (2, 2%)","ZHL1-CSR (15, 16%); ZRG1-IVBH (15, 16%); ZRG1-VH (5, 5%); ZRG1 (2, 2%); ZRG1-F10C (2, 2%)",R01 (48); R44 (13); R35 (6); R43 (5); P01 (2); R33 (2)
Shilpy Dixit,NHLBI,92,2026,"MESH (10, 11%); BMHO (7, 8%); MPOR(OA) (4, 4%); MCBS(OA) (3, 3%); HPC (3, 3%)","ZHL1-CSR (8, 9%); ZRG1-CCHI (6, 7%); ZRG1-RCCS (4, 4%); ZRG1-BP (3, 3%); ZRG1-F10A (2, 2%)",R01 (37); K01 (9); K23 (8); R43 (5); R21 (5); F32 (4)
Subramaniam Ananthan,NIDA,92,2026,"MCNP (13, 14%); DMPB (5, 5%); DDNS (3, 3%); HCCS (3, 3%); CSRS (3, 3%)","ZDA1-IXR (13, 14%); ZDA1-MXS (9, 10%); ZDA1-SKP (3, 3%); ZRG1-ICN (3, 3%); ZDA1-MXY (3, 3%)",R01 (51); R21 (15); DP1 (10); R03 (4); R15 (2); R33 (2)
Tatjana Atanasijevic,NIBIB,92,2026,"IPCA (41, 45%); IGIS (4, 4%); CMT (4, 4%); CBP (3, 3%); SBCA (2, 2%)","ZEB1-OSR (6, 7%); ZRG1-SBIB (5, 5%); ZRG1-ISB (4, 4%); ZRG1-RCCS (2, 2%); ZRG1-BBBT (2, 2%)",R01 (49); R21 (25); R03 (5); DP2 (4); P41 (3); R15 (2)
Xibin Wang,NIAMS,92,2026,"MTE (5, 5%); MRS (2, 2%); BTSS (1, 1%); SBSR (1, 1%); AMS (1, 1%)","ZRG1-MSOS (38, 41%); ZRG1-MCST (6, 7%); ZRG1-ISB (6, 7%); ZRG1-MOSS (5, 5%); ZRG1-NV (5, 5%)",R44 (31); R43 (23); R41 (16); SB1 (7); R01 (5); R56 (3)
Jana S Eisenstein,NIAMS,91,2026,"SMEP (45, 49%); AMS (7, 8%); TAG (3, 3%); AMSC (2, 2%); MG (1, 1%)","ZRG1-MSOS (12, 13%); ZRG1-MOSS (5, 5%); ZRG1-SMEP (1, 1%); ZRG1-CVRS (1, 1%); ZNS1-SRB (1, 1%)",R01 (67); R21 (7); K08 (5); R15 (2); DP2 (2); P50 (2)
Rebecca A Campo,NHLBI,91,2026,"MESH (7, 8%); LCBH (6, 7%); MPOR(MA) (6, 7%); MPOR(JA) (5, 5%); MPOR(OA) (5, 5%)","ZHL1-CSR (11, 12%); ZRG1-F16 (4, 4%); ZRG1-CCHI (3, 3%); ZRG1-F18 (2, 2%); ZRG1-RCCS (2, 2%)",R01 (28); K23 (15); K01 (11); R33 (5); T32 (5); R34 (5)
Faye H Chen,NIAMS,90,2026,"SBDD (34, 38%); SBSR (12, 13%); AMS (11, 12%); AMSC (5, 6%); MTE (4, 4%)","ZRG1-MSOS (5, 6%); ZTR1-RD (2, 2%); ZAG1-ZIJ (1, 1%); ZAG1 (1, 1%); ZAR1-KM (1, 1%)",R01 (66); R21 (5); R13 (4); K99 (3); R00 (2); K08 (2)
Marcy Esther Fitz-Randolph,NIDA,90,2026,"IPTA (18, 20%); ARM (5, 6%); SIHH (4, 4%); PPAH (3, 3%); ODHS (2, 2%)","ZRG1-SCIL (8, 9%); ZDA1-SKP (7, 8%); ZRG1-HSS (5, 6%); ZDA1-SAI (4, 4%); ZDA1-LXF (4, 4%)",R01 (35); K23 (11); K01 (9); R34 (5); R24 (4); R21 (3)
Robert Leo Ii Barry,NIBIB,90,2026,"EITN (18, 20%); ITD (16, 18%); EITA (14, 16%); ITN (8, 9%); CTIS (7, 8%)","ZEB1-OSR (8, 9%); ZRG1-SBIB (6, 7%); ZRG1-MCST (2, 2%); ZRG1-ISB (2, 2%); ZRG1-IMST (1, 1%)",R01 (63); R21 (11); P41 (6); R03 (3); U01 (2); R13 (2)
Shelley Su,NIDA,90,2026,"IPTA (12, 13%); HSQE (5, 6%); ODHS (4, 4%); ICSC (3, 3%); LHB (2, 2%)","ZRG1-SCIL (13, 14%); ZRG1-HSS (7, 8%); ZDA1-LXF (4, 4%); ZRG1-BBBP (3, 3%); ZDA1-SKM (2, 2%)",R01 (42); K23 (10); RM1 (7); K01 (5); R21 (4); UM1 (3)
Damiya Eve Whitaker,NIAAA,89,2026,"AA-3 (19, 21%); AA-2 (7, 8%); IPTA (6, 7%); HIBI (5, 6%); SPIP (2, 2%)","ZAA1-GG (9, 10%); ZRG1-CCHI (9, 10%); ZAA1-DD (6, 7%); ZRG1-HSS (5, 6%); ZRG1-SCIL (2, 2%)",R01 (38); R34 (10); K23 (8); K01 (6); R25 (4); P01 (4)
Selen Muratoglu Catania,NHLBI,89,2026,"IVPP (26, 29%); BBHV (7, 8%); AVI (7, 8%); CDD (4, 4%); BMBI (2, 2%)","ZHL1-CSR (8, 9%); ZRG1-IVBH (8, 9%); ZRG1-CDD (3, 3%); ZRG1-SCIL (2, 2%); ZRG1-RCCS (2, 2%)",R01 (69); R35 (7); R13 (4); K99 (3); U54 (2); P01 (2)
William A Greenberg,NCI,89,2026,"MCTB (12, 13%); DMPC (12, 13%); ATA (7, 8%); DMP (7, 8%); MCTA (7, 8%)","ZCA1-RTRB (4, 4%); ZRG1-MCTC (4, 4%); ZRG1-CTH (4, 4%); ZCA1-SRB (3, 3%); ZCA1-TCRB (3, 3%)",R01 (72); R21 (10); R00 (3); R37 (2); R03 (1); U01 (1)
Christy Carter,NIA,88,2026,"AGCD-1 (10, 11%); AGCD-2 (8, 9%); NIA-B (8, 9%); AGCD-4 (5, 6%); AGCD-3 (2, 2%)","ZAG1-ZIJ (36, 41%); ZRG1-CN (4, 5%); ZGM1-TWD (3, 3%); ZRG1-IVBH (2, 2%); ZRG1-AN (2, 2%)",K99 (21); T32 (13); K01 (12); P30 (11); R25 (6); K08 (5)
Elizabeth Anne Lyons,NIMH,88,2026,"APDA (16, 18%); NPAS (16, 18%); ALP (6, 7%); SPIP (3, 3%); NMBH (2, 2%)","ZMH1-ERB (19, 22%); ZRG1-BBBP (6, 7%); ZRG1-BBBT (2, 2%); ZAT1-PJ (1, 1%); ZRG1-BDCN (1, 1%)",R01 (71); R21 (9); RF1 (4); R33 (1); UG3 (1); R03 (1)
Joanna M Watson,NCI,88,2026,"TPM (8, 9%); TEHM (6, 7%); MCT1 (5, 6%); TME (4, 5%); THI (3, 3%)","ZRG1-OTC (18, 20%); ZCA1-SRC (13, 15%); ZRG1-CTH (5, 6%); ZRG1-OTC1 (3, 3%); ZCA1-RTRB (3, 3%)",R01 (62); OT2 (13); R37 (8); R00 (2); P01 (2); R35 (1)
John Hsiao,NIA,88,2026,"EITN (17, 19%); CNN (15, 17%); BMRD (4, 5%); ASPA (4, 5%); ITN (4, 5%)","ZAG1-ZIJ (9, 10%); ZRG1-MCST (5, 6%); ZRG1-AN (5, 6%); ZRG1-NV (4, 5%); ZRG1-BDCN (2, 2%)",R01 (56); R21 (11); P01 (5); U19 (4); RF1 (4); R44 (2)
Juanita Jeanne Chinn,NICHD,88,2026,"SSPA (16, 18%); SSPB (11, 12%); CHHD-W (10, 11%); CIHB (3, 3%); SEDH (3, 3%)","ZHD1-DSR (10, 11%); ZRG1-HSS (10, 11%); ZRG1-SCIL (3, 3%); ZRG1-F18 (3, 3%); ZRG1-CTH (3, 3%)",R01 (41); R21 (10); P2C (7); R03 (6); K01 (6); U01 (3)
Julia Beth Zur,NIDA,88,2026,"CIHB (8, 9%); IPTA (5, 6%); ODHS (4, 5%); SSPB (3, 3%); HPC (3, 3%)","ZRG1-HSS (10, 11%); ZRG1-SCIL (8, 9%); ZDA1-SKM (8, 9%); ZDA1-SKP (6, 7%); ZRG1-F16 (6, 7%)",R01 (37); K01 (7); R61 (5); R36 (5); R21 (5); K23 (5)
Min-Kyung H Song,NCI,88,2026,"CONC (38, 43%); CII (5, 6%); DT (4, 5%); CBSS (3, 3%); MCDC (3, 3%)","ZCA1-SRB (13, 15%); ZCA1-TCRB (6, 7%); ZCA1-RPRB (4, 5%); ZRG1-OTC (3, 3%); ZCA1-GRB (1, 1%)",R01 (61); U01 (6); R21 (5); P01 (5); R37 (3); R35 (2)
Raquel Charles Greer,NIDDK,88,2026,"DDK-D (48, 55%); KUFD (2, 2%); DDK(M1)-1-D (2, 2%); KEDD (2, 2%); ICSC (2, 2%)","ZDK1-GRB (6, 7%); ZRG1-HSS (4, 5%); ZRG1-F12B (3, 3%); ZRG1-SCIL (2, 2%); ZRG1-IIDA (1, 1%)",K23 (60); R01 (19); R03 (6); R56 (2); U34 (1)
Theresa Youngjoo Kim,NIA,88,2026,"ODHS (7, 8%); HSQE (4, 5%); AGCD-2 (3, 3%); NRCS (3, 3%); ICSC (3, 3%)","ZAG1-ZIJ (28, 32%); ZRG1-HSS (12, 14%); ZRG1-CCHI (5, 6%); ZRG1-HDM (3, 3%); ZRG1-SCIL (2, 2%)",R01 (39); R33 (9); R21 (7); P30 (6); RF1 (4); K01 (3)
Debra J Babcock,NINDS,87,2025,"EITN (13, 15%); CNN (7, 8%); NST-2 (6, 7%); LMDN (6, 7%); HCMF (5, 6%)","ZNS1-SRB (8, 9%); ZRG1-BDCN (5, 6%); ZRG1-IFCN (3, 3%); ZRG1-NV (2, 2%); ZRG1-MCST (2, 2%)",R01 (66); R00 (5); U01 (3); R35 (2); F31 (2); K23 (2)
Jining Lu,NHLBI,87,2026,"LCMI (18, 21%); MCBS(MA) (6, 7%); MPOR(OA) (3, 3%); CRD (3, 3%); PIRR (3, 3%)","ZRG1-RCCS (15, 17%); ZRG1-F10A (6, 7%); ZHL1-CSR (5, 6%); ZRG1-CVRS (2, 2%); ZRG1-IMHA (2, 2%)",R01 (47); K23 (8); K08 (8); F30 (3); R43 (3); P01 (2)
Kalynda K Stokes,NINDS,87,2026,"CNN (20, 23%); TWD-C (13, 15%); SMN (8, 9%); CNNT (7, 8%); CDIN (7, 8%)","ZRG1-NV (2, 2%); ZNS1-SRB (2, 2%); ZGM1-RCB (1, 1%); ZGM1-TWD (1, 1%); ZRG1-BP (1, 1%)",R01 (60); T34 (16); R21 (2); R00 (2); R03 (2); R37 (1)
Lei Xiao,NHLBI,87,2026,"RIBT (24, 28%); PVP (5, 6%); BTSS (2, 2%); CIDH (2, 2%); CLTR (MA) (2, 2%)","ZRG1-RCCS (12, 14%); ZRG1-CVRS (11, 13%); ZHL1-CSR (5, 6%); ZRG1-RPHB (1, 1%); ZRG1 (1, 1%)",R01 (61); R44 (3); K23 (3); R33 (2); P01 (2); U24 (2)
Michael Dale Weinreich,NCI,87,2026,"CE (18, 21%); RTB (15, 17%); MG (10, 11%); CG (7, 8%); BCO (5, 6%)","ZRG1-OBT (2, 2%); ZCA1-RPRB (1, 1%); ZCA1-TCRB (1, 1%); ZCA1-GRB (1, 1%); ZCA1-SRB (1, 1%)",R01 (76); R37 (5); P01 (2); R00 (2); R35 (1); R56 (1)
Abee Boyles,NIEHS,86,2026,"SEDH (14, 16%); RPPH (13, 15%); IRAP (9, 10%); CIHB (2, 2%); EDD (2, 2%)","ZRG1-F18 (10, 12%); ZRG1-PSE (5, 6%); ZES1-BWD (5, 6%); ZES1-LKB (5, 6%); ZRG1-EPH (4, 5%)",R01 (49); R21 (10); F31 (10); K99 (5); K01 (4); R13 (2)
Candace Karondelette Webb,NIDA,86,2026,"PPAH (15, 17%); HIBI (7, 8%); SPIP (1, 1%); HCAC (1, 1%); NIDA-K (1, 1%)","ZDA1-GXM (15, 17%); ZRG1-CCHI (7, 8%); ZDA1 (6, 7%); ZDA1-SKP (6, 7%); ZDA1-SKM (4, 5%)",R01 (29); R34 (9); R61 (8); R33 (8); K24 (5); R21 (4)
Charlene A Schramm,NHLBI,86,2026,"CDD (19, 22%); DEV2 (3, 3%); MPPA (3, 3%); GHD (3, 3%); BBHV (3, 3%)","ZHL1-CSR (18, 21%); ZRG1-CDD (10, 12%); ZRG1-CVRS (7, 8%); ZRG1-RCCS (4, 5%); ZRG1-IVBH (3, 3%)",R01 (57); UM1 (9); R35 (4); U01 (3); P01 (2); R56 (2)
Crystal Barksdale,NIMHD,86,2026,"SERV (6, 7%); HPC (4, 5%); PDRP (4, 5%); HHD (3, 3%); BMHO (3, 3%)","ZMD1-DRI (15, 17%); ZMH1-ERB (9, 10%); ZRG1-SCIL (5, 6%); ZRG1-HSS (3, 3%); ZMD1-JT (2, 2%)",R01 (48); R21 (9); R34 (7); K01 (5); P50 (4); R44 (2)
Dhananjay Gupta,NIDDK,86,2026,"POMD (18, 21%); BMDM (11, 13%); CSME (10, 12%); IPOD (3, 3%); CADO (3, 3%)","ZDK1-GRB (18, 21%); ZRG1-EMNR (4, 5%); ZRG1-EMS (4, 5%); ZRG1-IIDB (2, 2%); ZRG1-MBBC (1, 1%)",R01 (57); U01 (15); R56 (3); K01 (3); R03 (2); DP1 (2)
Diane Laura Gumina,NICHD,86,2026,"PN (11, 13%); CHHD-A (10, 12%); DBD (8, 9%); CHHD-B (5, 6%); RPPH (3, 3%)","ZRG1-EMS (5, 6%); ZRG1-HSS (4, 5%); ZHD1-DSR (3, 3%); ZRG1-NV (2, 2%); ZRG1-CTH (2, 2%)",R01 (44); R21 (12); K23 (10); K08 (4); R44 (2); T32 (2)
John Wayne Haller,NHLBI,86,2026,"CTIS (20, 23%); EITA (12, 14%); BTSS (8, 9%); ITD (8, 9%); IGIS (3, 3%)","ZHL1-CSR (8, 9%); ZRG1-ISB (6, 7%); ZRG1-SBIB (3, 3%); ZRG1-IVBH (2, 2%); ZRG1-VH (1, 1%)",R01 (63); R44 (6); R21 (3); R61 (2); R56 (2); R15 (2)
Matthew Sutterer,NIA,86,2026,"HCMF (11, 13%); CDBA (8, 9%); AGCD-3 (5, 6%); CNN (5, 6%); APDA (5, 6%)","ZAG1-ZIJ (8, 9%); ZRG1-F01B (8, 9%); ZRG1-AN (5, 6%); ZRG1-BP (3, 3%); ZRG1-BBBP (2, 2%)",R01 (43); F31 (9); R21 (8); RF1 (4); K23 (4); K00 (3)
Suzanne Lee Pollard Branchard,NIMH,86,2026,"PPAH (20, 23%); HIBI (4, 5%); SIHH (1, 1%); EMHI (1, 1%)","ZRG1-F17B (15, 17%); ZMH1-ERB (12, 14%); ZRG1-HSS (9, 10%); ZRG1-SCIL (6, 7%); ZRG1-CCHI (4, 5%)",R01 (35); F31 (16); T32 (13); K23 (4); R34 (3); K01 (3)
Yan Li,NIDDK,86,2026,"DDK-B (9, 10%); BMBI (6, 7%); SAT (5, 6%); MTE (3, 3%); ACTS (3, 3%)","ZDK1-GRB (19, 22%); ZRG1-MSOS (5, 6%); ZRG1-EMNR (4, 5%); ZRG1-SBIB (2, 2%); ZRG1-ISB (1, 1%)",R01 (47); K26 (8); R33 (5); U01 (4); R44 (4); K01 (3)
Glen C McGugan,NIAID,85,2024,"PTHE (34, 40%); MSFC (2, 2%); PRID (1, 1%); EDIT (1, 1%); MID (1, 1%)","ZRG1-IIDA (6, 7%); ZRG1-F07B (5, 6%); ZRG1-IDIA (5, 6%); ZRG1-IDM (4, 5%); ZAI1-NKD (3, 4%)",R01 (41); R21 (20); U01 (11); F32 (3); DP2 (3); R03 (2)
Mary Margaret Sweeney,NIMH,85,2026,"SERV (25, 29%); EMHI (9, 11%); CIHB (1, 1%)","ZMH1-ERB (14, 16%); ZRG1-SCIL (10, 12%); ZRG1-BP (8, 9%); ZRG1-F16 (6, 7%); ZRG1-CCHI (4, 5%)",K23 (36); K01 (13); R43 (8); R44 (7); R41 (5); F31 (4)
Salvatore Sechi,NIDDK,85,2026,"CSME (14, 16%); HAI (6, 7%); DDK-B (5, 6%); MBPP (4, 5%); MSFB (4, 5%)","ZDK1-GRB (13, 15%); ZRG1-EMS (4, 5%); ZRG1-GGG (1, 1%); ZRG1-CB (1, 1%); ZRG1-BCMB (1, 1%)",R01 (72); DP1 (4); K01 (3); K08 (2); U01 (1); DP2 (1)
Theresa Elaine Senn,NIMH,85,2026,"HIBI (38, 45%); PPAH (18, 21%); SERV (1, 1%)","ZRG1-HSS (8, 9%); ZRG1-SCIL (7, 8%); ZRG1-AARR (6, 7%); ZRG1-HDM (2, 2%); ZRG1-CCHI (2, 2%)",R01 (32); R34 (25); K23 (12); K01 (11); R21 (3); R33 (1)
Aaron D Laposky,NHLBI,84,2026,"RIBT (21, 25%); BNRS (6, 7%); MESH (5, 6%); PVP (5, 6%); BMHO (2, 2%)","ZHL1-CSR (10, 12%); ZRG1-RCCS (5, 6%); ZRG1-F03B (3, 4%); ZRG1-F10A (3, 4%); ZRG1-VH (1, 1%)",R01 (57); R15 (4); R33 (3); F32 (3); U01 (3); F31 (3)
Amanda T Boyce,NIA,84,2026,"SMEP (20, 24%); CMAD (11, 13%); ASG (9, 11%); AGCD-4 (5, 6%); MTE (3, 4%)","ZAG1-ZIJ (9, 11%); ZRG1-F10B (4, 5%); ZRG1-MSOS (4, 5%); ZRG1-CDB (2, 2%); ZRG1-MOSS (1, 1%)",R01 (45); R21 (11); U01 (4); R56 (3); K02 (3); K01 (3)
Becky Miller,OD,84,2026,,"ZRG1-PSE (40, 48%); ZRG1-BP (16, 19%); ZRG1-SCIL (13, 15%); ZRG1-HSS (12, 14%); ZRG1 (2, 2%)",DP5 (81); DP2 (2); DP1 (1)
Diana M Cummings,NIDDK,84,2026,"DDK-C (25, 30%); POMD (12, 14%); NIC (6, 7%); DDK-B (4, 5%); DNPD (4, 5%)","ZDK1-GRB (7, 8%); ZDK1 (5, 6%); ZRG1-EMS (4, 5%); ZRG1-F12A (2, 2%); ZRG1-ICN (1, 1%)",R01 (35); K99 (10); K01 (9); K23 (6); R00 (6); U01 (5)
Erin Harrell,NIA,84,2026,"NIA-S (5, 6%); SPIP (4, 5%); AGCD-2 (3, 4%); AGCD-3 (2, 2%); ASG (2, 2%)","ZAG1-ZIJ (12, 14%); ZRG1-BP (9, 11%); ZRG1-CCHI (7, 8%); ZRG1-SCIL (7, 8%); ZRG1-RPHB (5, 6%)",R44 (21); R01 (17); R43 (8); K01 (6); R41 (4); RF1 (4)
Gregory Adams,NCI,84,2026,"CNBT (1, 1%)","ZRG1-F09B (26, 31%); ZRG1-F09A (20, 24%); ZRG1-F09C (17, 20%); ZRG1-F08 (4, 5%); ZRG1-F16 (3, 4%)",F31 (81); R16 (3)
Laurie Friedman Donze,NHLBI,84,2026,"MESH (9, 11%); LCBH (7, 8%); MPOR(MA) (5, 6%); CLTR(MA) (4, 5%); MPOR(JA) (4, 5%)","ZHL1-CSR (8, 10%); ZRG1-CCHI (4, 5%); ZRG1-F16 (3, 4%); ZRG1-F18 (3, 4%); ZRG1-RCCS (2, 2%)",R01 (30); K01 (11); K23 (10); R34 (5); F31 (4); K24 (4)
Dipanwita Basu,NIAID,83,2026,"DMPA (7, 8%); ATB (5, 6%); MSFA (3, 4%); GDD (2, 2%); SBCA (2, 2%)","ZRG1-DCAI (15, 18%); ZRG1-AIDC (9, 11%); ZRG1-MCST (3, 4%); ZAI1-LG (2, 2%); ZAI1-RG (2, 2%)",R01 (43); R21 (13); R44 (11); R43 (4); R42 (2); R56 (2)
Jonathan Abram Pevsner,NIMH,83,2024,"BGES (17, 20%); NMBH (7, 8%); MNG (4, 5%); GHD (4, 5%); GCAT (3, 4%)","ZRG1-PSE (20, 24%); ZMH1-ERB (13, 16%); ZRG1-EPH (8, 10%); ZRG1-CN (1, 1%); ZRG1-IDIB (1, 1%)",R01 (73); U01 (7); U24 (1); R03 (1); R21 (1)
Keisher S Highsmith,NIDA,83,2026,"NIDA-K (16, 19%); IPTA (5, 6%); SIHH (3, 4%); CMPC (3, 4%); NIDA-S-K (2, 2%)","ZDA1-SKP (12, 14%); ZRG1-HSS (6, 7%); ZDA1-SKM (5, 6%); ZDA1-HXO (3, 4%); ZRG1-CCHI (3, 4%)",K99 (12); R25 (11); R01 (10); K23 (8); K01 (8); R61 (8)
Lawrence Baizer,NHLBI,83,2026,"RIBT (10, 12%); NITM(OA) (6, 7%); BNRS (5, 6%); MESH (4, 5%); PVP (4, 5%)","ZHL1-CSR (9, 11%); ZRG1-RCCS (3, 4%); ZRG1-BBBP (2, 2%); ZRG1-HSS (2, 2%); ZRG1-F01B (1, 1%)",R01 (45); T32 (8); R21 (6); K23 (5); R33 (3); F31 (2)
Rada K Dagher,NIMHD,83,2026,"HHD (13, 16%); ODHS (5, 6%); SIHH (4, 5%); CMGC (2, 2%); CIHB (2, 2%)","ZMD1-DRI (17, 20%); ZRG1-CCHI (6, 7%); ZMD1-XLN (5, 6%); ZRG1-HSS (4, 5%); ZRG1-HDM (3, 4%)",R01 (43); K23 (10); R21 (9); K01 (5); F31 (3); K08 (3)
Candace M Tingen,NICHD,82,2026,"ICER (24, 29%); RPPH (2, 2%); GHD (2, 2%); IGIS (1, 1%); HSQE (1, 1%)","ZHD1-DSR (23, 28%); ZRG1-EMS (8, 10%); ZRG1-NV (4, 5%); ZRG1-ISB (3, 4%); ZRG1-EMNR (3, 4%)",R01 (41); K12 (14); R21 (9); R44 (5); R56 (3); P01 (2)
Changhai Cui,NIAAA,82,2026,"NAL (34, 41%); AA-4 (6, 7%); NMB (2, 2%); MCNP (1, 1%); AA-1 (1, 1%)","ZAA1-GG (20, 24%); ZAA1-CC (6, 7%); ZRG1-MDCN (4, 5%); ZRG1-F02A (3, 4%); ZRG1-ICN (2, 2%)",R01 (42); F31 (14); F32 (7); R21 (4); U01 (4); K99 (2)
Elizabeth Irene Sypek,NINDS,82,2026,"NST-1 (11, 13%); NST-2 (2, 2%)","ZNS1-SRB (57, 70%); ZRG1-CN (11, 13%); ZRG1-IVBH (2, 2%); ZRG1-ICN (2, 2%); ZRG1-NV (2, 2%)",T32 (57); K23 (10); K99 (8); K08 (4); T90 (1); R90 (1)
Heiyoung Park,NIAMS,82,2026,"AMS (25, 30%); AMSC (6, 7%); ACTS (4, 5%); AIMR (4, 5%); SCTS (4, 5%)","ZRG1-MSOS (6, 7%); ZRG1-MOSS (3, 4%); ZRG1-EMS (3, 4%); ZAR1-FY (2, 2%); ZRG1-IIDB (2, 2%)",R01 (35); K08 (8); K23 (8); R21 (6); K01 (5); K24 (4)
Laura Asnaghi,NINDS,82,2026,"CNBT (17, 21%); MCTB (5, 6%); RTB (5, 6%); MCT1 (4, 5%); CAMP (4, 5%)","ZRG1-BTC (5, 6%); ZRG1-OTC1 (2, 2%); ZRG1-MCTC (1, 1%); ZGM1-RCB (1, 1%); ZRG1-CDPT (1, 1%)",R01 (69); R21 (7); R03 (3); R16 (1); R15 (1); R35 (1)
Leonardo Heraldo Tonelli,NIMH,82,2026,"BNRS (23, 28%); PMDA (11, 13%); CMBG (8, 10%); DBD (5, 6%); NMB (3, 4%)","ZRG1-MDCN (6, 7%); ZRG1-CN (3, 4%); ZRG1-ICN (3, 4%); ZRG1-IFCN (2, 2%); ZRG1-BN (2, 2%)",R01 (54); R21 (10); R15 (5); RF1 (4); R03 (3); R56 (2)
Lijuan Liu,NHLBI,82,2026,"AVI (23, 28%); NMHD (15, 18%); AICS (6, 7%); HLBP (4, 5%); INMP (3, 4%)","ZRG1-IVBH (5, 6%); ZHL1-CSR (5, 6%); ZRG1-VH (4, 5%); ZRG1-TDPS (3, 4%); ZRG1-EMS (2, 2%)",R01 (70); P01 (5); R35 (3); R13 (3); R43 (1)
Lori A Henderson,NCI,82,2026,"CONC (25, 30%); CIC (4, 5%); ATA (2, 2%); CG (1, 1%); BMCD (1, 1%)","ZCA1-RPRB (20, 24%); ZCA1-SRB (10, 12%); ZCA1-RTRB (7, 9%); ZRG1-CTH (3, 4%); ZCA1-TCRB (2, 2%)",R01 (33); P01 (13); UM1 (8); R37 (6); U24 (5); U54 (4)
Jarrett Ainsworth Johnson,NIMHD,81,2026,"HPC (8, 10%); CIHB (4, 5%); HHD (4, 5%); IPTA (2, 2%); SPIP (2, 2%)","ZMD1-DRI (14, 17%); ZRG1-SCIL (10, 12%); ZMD1-XLN (6, 7%); ZRG1-HDM (4, 5%); ZMD1-JT (4, 5%)",R01 (30); R21 (10); K23 (8); K01 (7); R43 (6); R44 (4)
Martha Garcia,NIDDK,81,2026,"HBPP (30, 37%); XNDA (7, 9%); NMHD (6, 7%); DBDT (5, 6%); CSME (4, 5%)","ZRG1-KUDS (8, 10%); ZRG1-EMNR (3, 4%); ZRG1-EMS (2, 2%); ZRG1-DKUS (2, 2%); ZDK1-GRB (1, 1%)",R01 (75); R56 (2); R15 (2); R24 (1); R00 (1)
Sean Edward Winters Lynch,NIDA,81,2026,"IPTA (11, 14%); HSOD (3, 4%); PPAH (3, 4%); HSQE (2, 2%); ODHS (2, 2%)","ZDA1-SKP (13, 16%); ZRG1-CCHI (9, 11%); ZDA1-TXT (8, 10%); ZRG1-HSS (4, 5%); ZRG1-F16 (3, 4%)",R01 (19); R33 (16); R61 (11); R34 (9); K23 (8); K01 (6)
Douglas L Meinecke,NIMH,80,2026,"PMDA (13, 16%); NPAS (10, 12%); NMBH (8, 10%); MESH (6, 8%); BGES (4, 5%)","ZRG1-EPH (9, 11%); ZMH1-ERB (5, 6%); ZRG1-HSS (5, 6%); ZRG1-CN (4, 5%); ZRG1-BDCN (1, 1%)",R01 (60); R21 (9); U01 (3); R37 (2); R00 (2); RF1 (2)
Frank Bandiera,NIA,80,2026,"AGCD-2 (6, 8%); SSPB (5, 6%); SSPA (5, 6%); HHD (3, 4%); AGCD-4 (3, 4%)","ZAG1-ZIJ (29, 36%); ZRG1-SCIL (4, 5%); ZRG1-HDM (1, 1%); ZMD1-KNL (1, 1%); ZRG1-SEIR (1, 1%)",R01 (31); R21 (10); P30 (8); K01 (7); R03 (4); R13 (3)
Kriti Munjal Jain,NIA,80,2026,"SSPB (18, 22%); SSPA (17, 21%); NIA-S (3, 4%); AGCD-2 (3, 4%); CIHB (3, 4%)","ZAG1-ZIJ (11, 14%); ZRG1-HSS (8, 10%); ZRG1-SCIL (6, 8%); ZRG1-BBBP (1, 1%); ZRG1-HDM (1, 1%)",R01 (43); K01 (7); U01 (5); RF1 (5); R21 (4); R03 (4)
Toyin Dele Ajisafe,NICHD,80,2026,"MRS (12, 15%); MFSR (8, 10%); CHHD-K (7, 9%); CMPC (1, 1%); BMHO (1, 1%)","ZHD1-DSR (10, 12%); ZRG1-MSOS (9, 11%); ZRG1-F10B (5, 6%); ZRG1-BP (4, 5%); ZRG1-MOSS (3, 4%)",R01 (35); R03 (9); R44 (8); R21 (7); F31 (4); F32 (3)
Aleksandra Vicentic,NIMH,79,2026,"NMB (17, 22%); LMDN (12, 15%); PMDA (10, 13%); BNRS (9, 11%); LAM (7, 9%)","ZRG1-IFCN (3, 4%); ZRG1-MDCN (2, 3%); ZRG1-ICN (2, 3%); ZRG1-BP (2, 3%); ZRG1-BN (2, 3%)",R01 (59); R21 (11); RF1 (6); R56 (2); R15 (1)
Crystal Darleane-Robin Hill-Pryor,NHLBI,79,2026,"NITM(OA) (20, 25%); NITM (OA) (11, 14%); HTBT (7, 9%); MPOR(MA) (4, 5%); NITM-C(OA) (4, 5%)","ZHL1-CSR (11, 14%); ZRG1-IVBH (8, 10%); ZRG1-F10C (5, 6%); ZRG1-BBBT (2, 3%); ZRG1-F08 (1, 1%)",T32 (27); R01 (21); K23 (7); F31 (4); R33 (4); R15 (3)
Linda McGavern,NINDS,79,2026,"CMND (11, 14%); CDIN (8, 10%); NOMD (5, 6%); NC (3, 4%); NST-3 (2, 3%)","ZNS1-SRB (16, 20%); ZRG1-AN (7, 9%); ZRG1-MDCN (3, 4%); ZGM1-RCB (2, 3%); ZRG1-ETTN (2, 3%)",R01 (46); RF1 (10); U01 (5); R00 (3); K99 (2); R16 (2)
Mauricio Rangel Gomez,NIMH,79,2026,"LMDN (28, 35%); HCMF (21, 27%); LAM (8, 10%); DBD (3, 4%); NPAS (1, 1%)","ZRG1-ICN (4, 5%); ZRG1-BDCN (2, 3%); ZRG1-NV (1, 1%); ZRG1-CVRS (1, 1%); ZRG1-MDCN (1, 1%)",R01 (58); R21 (14); R56 (3); DP2 (2); R03 (1); RF1 (1)
Michael J Pazin,NHGRI,79,2026,"GCAT (19, 24%); GNOM-G (10, 13%); GVE (7, 9%); MG (3, 4%); MSFB (1, 1%)","ZHG1-HGR (18, 23%); ZRG1-BST (5, 6%); ZRG1-MGG (5, 6%); ZRG1-CVRS (3, 4%); ZRG1-DKUS (2, 3%)",R01 (36); UM1 (12); R21 (7); K99 (7); DP2 (4); R35 (4)
Mindy I Davis,NIAID,79,2026,"DMPA (6, 8%); DDR (5, 6%); ATB (3, 4%); MSFA (2, 3%); SBCA (1, 1%)","ZRG1-DCAI (28, 35%); ZRG1-AIDC (6, 8%); ZRG1-F07C (4, 5%); ZRG1-MCST (4, 5%); ZAI1-LAR (4, 5%)",R01 (33); R21 (19); R43 (6); R42 (4); R56 (3); F32 (3)
Behrous Davani,NIGMS,78,2026,"TWD-C (30, 38%); TWD-D (22, 28%); SAT (5, 6%); TWD-B (4, 5%)","ZGM1-TWD (14, 18%); ZRG1-MGG (6, 8%); ZRG1-ISB (1, 1%); ZRG1-HDM (1, 1%); ZRG1-MBBC (1, 1%)",R25 (29); T34 (22); T32 (19); K23 (5); K08 (2); UE5 (1)
Bonnie Joubert,NIEHS,78,2026,"SEDH (9, 12%); KNOD (5, 6%); ASPB (5, 6%); CHSB (3, 4%); CRD (3, 4%)","ZRG1-PSE (8, 10%); ZRG1-F18 (6, 8%); ZRG1-SCIL (5, 6%); ZES1-BWD (4, 5%); ZES1-ARL (3, 4%)",R01 (52); F31 (7); R21 (7); K99 (3); K23 (2); U01 (1)
Brunilde M Gril,NCI,78,2026,"TEHM (10, 13%); TPM (9, 12%); THI (8, 10%); TME (6, 8%); CCB (3, 4%)","ZCA1-RTRB (6, 8%); ZCA1-SRB (6, 8%); ZRG1-BTC (5, 6%); ZCA1-SRC (4, 5%); ZCA1 (2, 3%)",R01 (45); U01 (6); R50 (5); R37 (4); R00 (4); OT2 (4)
David Witt Frankowski,NIA,78,2026,"ASG (7, 9%); AGCD-2 (5, 6%); CNN (4, 5%); AGCD-3 (3, 4%); NAME (3, 4%)","ZAG1-ZIJ (6, 8%); ZRG1-AN (6, 8%); ZRG1-F01A (4, 5%); ZRG1-PSE (2, 3%); ZRG1-BDCN (2, 3%)",R01 (32); R21 (11); K23 (7); K01 (6); R03 (4); F32 (3)
Nicholas Roger Gaiano,NIMH,78,2026,"BGES (13, 17%); NMBH (8, 10%); GHD (4, 5%); PMDA (2, 3%); NAME (1, 1%)","ZRG1-PSE (21, 27%); ZMH1-ERB (15, 19%); ZRG1-EPH (9, 12%); ZRG1-IVBH (1, 1%); ZRG1-CN (1, 1%)",R01 (58); U01 (9); U24 (4); RF1 (3); R21 (2); R03 (1)
Shilpa S Kulkarni,NIAID,78,2026,"TTT (21, 27%); ITA (15, 19%); ISD (2, 3%); TDPS (2, 3%); SAT (2, 3%)","ZAI1-TC (4, 5%); ZRG1-IIDB (4, 5%); ZAI1-JTS (4, 5%); ZAI1-MR (4, 5%); ZAI1-VSR (3, 4%)",R01 (41); R21 (12); U01 (11); R56 (5); P01 (4); U19 (2)
Susan L Sullivan,NIDCD,78,2025,"NIC (33, 42%); CSS (12, 15%); CDRC (6, 8%); MNG (4, 5%); LCMI (1, 1%)","ZRG1-IFCN (7, 9%); ZRG1-ICN (6, 8%); ZRG1-CDB (1, 1%); ZGM1-TWD (1, 1%); ZRG1-BBBT (1, 1%)",R01 (66); R21 (7); S10 (1); R00 (1); U01 (1); R13 (1)
Thomas K Howcroft,NCI,78,2026,"CPSS (10, 13%); THI (3, 4%); TME (3, 4%); MCTC (3, 4%); CII (2, 3%)","ZCA1-SRC (11, 14%); ZRG1-OTC (5, 6%); ZCA1-RPRB (4, 5%); ZCA1-SRB (3, 4%); ZRG1-OBT (2, 3%)",R01 (42); OT2 (11); R37 (6); R35 (5); R00 (4); R21 (4)
Tina L Gatlin,NIBIB,78,2026,,"ZEB1-OSR (64, 82%); ZRG1-ISB (5, 6%); ZRG1-MGG (4, 5%); ZRG1-CDB (2, 3%); ZEB1 (2, 3%)",K99 (27); R25 (15); T32 (15); K01 (8); K08 (7); K25 (5)
Idalia Montano Yabe,NHLBI,77,2026,"HTBT (6, 8%); BBHV (3, 4%); MCBS(OA) (2, 3%); MCBS (JA) (2, 3%); MCBS(JA) (2, 3%)","ZRG1-F10C (19, 25%); ZHL1-CSR (12, 16%); ZRG1-IVBH (6, 8%); ZRG1-F05 (5, 6%); ZRG1-RCCS (3, 4%)",F31 (17); R01 (12); F30 (9); K08 (6); R33 (5); R00 (4)
Jim P Boyce,NIAID,77,2026,"DMPA (15, 19%); DDR (6, 8%); AIRT (5, 6%); CBP (3, 4%); SBCA (2, 3%)","ZRG1-DCAI (21, 27%); ZRG1-MCST (4, 5%); ZRG1-DDR (3, 4%); ZAI1-LAR (3, 4%); ZRG1-AIDC (2, 3%)",R01 (36); R21 (23); R43 (6); R44 (4); R41 (4); R03 (2)
Kiran R V Vemuri,NIDA,77,2026,"MCNP (13, 17%); BRLE (4, 5%); RIBT (3, 4%); HCCS (3, 4%); DMPB (3, 4%)","ZRG1-ICN (8, 10%); ZDA1-LXF (5, 6%); ZDA1-PXN (3, 4%); ZDA1-SKP (2, 3%); ZDA1-MXS (2, 3%)",R01 (40); R21 (21); DP1 (4); R56 (4); P30 (2); U01 (2)
Lindsey Ann Martin,NIDA,77,2026,"SIHH (6, 8%); IPTA (5, 6%); ODHS (4, 5%); HPC (2, 3%); CIDH (2, 3%)","ZRG1-HSS (9, 12%); ZDA1-TXT (8, 10%); ZRG1-F16 (4, 5%); ZDA1-GXM (4, 5%); ZDA1-SKP (4, 5%)",R01 (21); K23 (10); R34 (6); R24 (6); K01 (6); RM1 (4)
Nitin Agrawal,NHLBI,77,2026,"HTBT (11, 14%); SAT (6, 8%); BBHV (6, 8%); MCBS(OA) (2, 3%); BMBI (2, 3%)","ZRG1-IVBH (8, 10%); ZHL1-CSR (4, 5%); ZRG1-F10C (3, 4%); ZRG1-SBIB (2, 3%); ZRG1-VH (2, 3%)",R01 (41); K08 (7); R15 (3); R43 (3); R44 (3); R21 (3)
Ritesh Tandon,OD,77,2026,"HCCS (1, 1%); CMAD (1, 1%); AIDS (1, 1%); CSF1 (1, 1%); DBDT (1, 1%)","ZRG1-IMST (36, 47%); ZRG1-MCST (20, 26%); ZRG1-MGG (3, 4%); ZRG1-BTC (2, 3%); ZRG1-GGG (2, 3%)",K01 (26); T35 (17); T32 (12); R21 (7); F30 (5); R24 (5)
Ronald L Johnson,NCI,77,2026,"CG (17, 22%); CAMP (6, 8%); GRIC (6, 8%); CE (3, 4%); MCTA (3, 4%)","ZCA1-RPRB (4, 5%); ZCA1-GRB (3, 4%); ZRG1-CVRS (3, 4%); ZCA1-RTRB (2, 3%); ZRG1-OBT (2, 3%)",R01 (63); R35 (3); R37 (3); U01 (2); R21 (2); DP2 (1)
Sara Elaine Woodson,NIAID,77,2026,"VDT (7, 9%); MCV (6, 8%); VIRA (6, 8%); IHD (5, 6%); VIRB (3, 4%)","ZAI1-EC (10, 13%); ZAI1-AWA (9, 12%); ZRG1-F07C (7, 9%); ZRG1-IDIA (3, 4%); ZAI1-MC (2, 3%)",R01 (36); U01 (13); R21 (8); F32 (4); F31 (3); F30 (3)
Sarah Goldberg Leinwand,NIMH,77,2026,"MNG (21, 27%); LMDN (4, 5%); GHD (4, 5%); PMDA (4, 5%); MCNP (3, 4%)","ZRG1-BN (15, 19%); ZRG1-MDCN (6, 8%); ZMH1-ERB (4, 5%); ZRG1-ICN (3, 4%); ZRG1-CVRS (1, 1%)",R01 (52); R21 (15); R56 (2); DP2 (2); R00 (2); RF1 (2)
Ashlinn Ko Quinn,NIEHS,76,2026,"SEDH (9, 12%); CIHB (7, 9%); IRAP (4, 5%); CRD (3, 4%); SSPA (2, 3%)","ZES1-LWJ (10, 13%); ZES1-BWD (7, 9%); ZRG1-F18 (7, 9%); ZRG1-SCIL (5, 7%); ZRG1-PSE (3, 4%)",R01 (28); R21 (16); F31 (6); K23 (5); P20 (4); K99 (4)
Dorothy Beckett,NIGMS,76,2026,,"ZRG1-CDB (76, 100%)",S10 (76)
Jacek Capala,NCI,76,2026,"RTB (33, 43%); IPCA (5, 7%); CMIP (2, 3%); DMPC (2, 3%); DBTD (1, 1%)","ZRG1-CTH (13, 17%); ZCA1-SRB (4, 5%); ZCA1-TCRB (3, 4%); ZRG1-ISB (3, 4%); ZRG1-SBIB (2, 3%)",R01 (55); R21 (13); R37 (3); P01 (2); R13 (2); R00 (1)
Lisa Gilotty,NIMH,76,2026,"CPDD (37, 49%); NPAS (7, 9%); DBD (3, 4%); PDRP (1, 1%); CIDH (1, 1%)","ZRG1-BP (10, 13%); ZMH1-ERB (5, 7%); ZRG1-BBBP (5, 7%); ZRG1-IDIB (4, 5%); ZRG1-IMST (1, 1%)",R01 (50); R21 (8); RF1 (7); R03 (4); R00 (2); R33 (1)
Lisa Schwartz,NHLBI,76,2026,"MPPA (21, 28%); MPPB (14, 18%); BBHV (7, 9%); MIM (5, 7%); TDPS (4, 5%)","ZRG1-TDPS (5, 7%); ZRG1-IVBH (3, 4%); ZRG1-RCCS (3, 4%); ZRG1-MIM (2, 3%); ZRG1-CVRS (1, 1%)",R01 (69); P01 (2); R44 (2); OT2 (1); R13 (1); R61 (1)
Lisbeth A Welniak,NHLBI,76,2026,"TTT (14, 18%); HTBT (6, 8%); ITA (5, 7%); CII (4, 5%); CONC (3, 4%)","ZHL1-CSR (12, 16%); ZRG1-RCCS (3, 4%); ZRG1-IMM (2, 3%); ZAI1-JBS (2, 3%); ZRG1-IIDB (2, 3%)",R01 (41); K99 (9); K08 (6); K23 (4); P01 (4); K24 (2)
Maripierre Payen Surpris,NICHD,76,2026,"TAG (5, 7%); DBD (4, 5%); CHHD-C (3, 4%); CHHD-A (2, 3%); GCAT (2, 3%)","ZRG1-F03A (9, 12%); ZHD1-DSR (5, 7%); ZTR1-RD (4, 5%); ZRG1-F08 (4, 5%); ZRG1-F05 (3, 4%)",R21 (17); F30 (12); R01 (12); F31 (9); R44 (6); R43 (4)
Marya Levintova,FIC,76,2026,"ICP1 (4, 5%); SIHH (3, 4%); TVZ (1, 1%)","ZRG1-BP (19, 25%); ZRG1-PSE (15, 20%); ZRG1-ICP (13, 17%); ZRG1-SBIB (10, 13%); ZRG1-BDCN (8, 11%)",D43 (55); K01 (11); K43 (6); R21 (4)
Orlando Lopez,NIDCR,76,2026,"ODCS (12, 16%); IGIS (4, 5%); IPCA (4, 5%); MTE (3, 4%); CTIS (1, 1%)","ZRG1-MSOS (15, 20%); ZRG1-ISB (4, 5%); ZRG1-BBBT (4, 5%); ZDE1-YM (4, 5%); ZRG1-MOSS (3, 4%)",R01 (23); R43 (12); R44 (10); R21 (8); R41 (6); R56 (6)
Pamela L Thornton,NIDDK,76,2026,"DDK-B (23, 30%); HSDO (11, 14%); BMHO (6, 8%); DDK(M1)-1-B (5, 7%); LCBH (4, 5%)","ZDK1-GRB (9, 12%); ZRG1-CCHI (3, 4%); ZRG1-RPHB (1, 1%); ZRG1-PSE (1, 1%); ZRG1-EMS (1, 1%)",R01 (42); K23 (26); R03 (3); K01 (2); R34 (1); K99 (1)
Sandeep Kishore,NIMH,76,2026,"NCF (9, 12%); NDPR (8, 11%); DBD (5, 7%); NC (5, 7%); MNG (3, 4%)","ZRG1-MDCN (14, 18%); ZRG1-BN (11, 14%); ZRG1-CVRS (4, 5%); ZRG1-CN (2, 3%); ZMH1-ERB (1, 1%)",R01 (50); R21 (14); DP2 (4); R56 (2); R37 (2); R00 (2)
Afrouz Azari Anderson,NIBIB,75,2026,"ITD (18, 24%); ISD (16, 21%); IGIS (7, 9%); CMT (2, 3%); CIDH (1, 1%)","ZRG1-BBBT (12, 16%); ZRG1-BST (4, 5%); ZRG1-NV (3, 4%); ZEB1-OSR (3, 4%); ZRG1-ISB (2, 3%)",R01 (39); R21 (27); R03 (4); P41 (2); U01 (1); U24 (1)
Ahmed A K Hasan,NHLBI,75,2026,"AVI (28, 37%); HCCS (6, 8%); GHD (5, 7%); IVPP (2, 3%); NMHD (2, 3%)","ZHL1-CSR (9, 12%); ZRG1-IVBH (3, 4%); ZRG1-RCCS (3, 4%); ZRG1-VH (2, 3%); ZRG1-IIDB (2, 3%)",R01 (60); R35 (6); P01 (3); U24 (2); UG3 (2); R43 (1)
Ayesha Saeed Siddiqui,NHLBI,75,2026,"MPOR(MA) (6, 8%); CCHS (5, 7%); CMGC (5, 7%); CRD (4, 5%); HSQE (3, 4%)","ZRG1-HSS (9, 12%); ZHL1-CSR (5, 7%); ZRG1-CCHI (3, 4%); ZRG1-RCCS (1, 1%); ZRG1-F16 (1, 1%)",R01 (41); K23 (12); R21 (7); R34 (3); R25 (2); K24 (2)
Grace Mei-Hua Hwang,NINDS,75,2026,"EITN (12, 16%); NSD-D (3, 4%); ITN (2, 3%); IGIS (2, 3%); MNG (1, 1%)","ZNS1-SRB (33, 44%); ZRG1-MCST (7, 9%); ZRG1-ETTN (5, 7%); ZNS1 (1, 1%); ZRG1-IVBH (1, 1%)",R01 (50); U01 (15); R50 (4); R03 (2); R00 (1); RF1 (1)
Hongwei Gao,NIA,75,2026,"MPPA (9, 12%); IVPP (7, 9%); CMAD (5, 7%); BBHV (4, 5%); ASG (3, 4%)","ZAG1-ZIJ (6, 8%); ZRG1-TDPS (2, 3%); ZRG1-CVRS (2, 3%); ZRG1-RCCS (2, 3%); ZRG1-CN (2, 3%)",R01 (26); R21 (24); R03 (4); U01 (3); K22 (2); RF1 (2)
Ian M Fingerman,NCI,75,2026,"CG (18, 24%); GRIC (6, 8%); CE (6, 8%); CAMP (5, 7%); MG (2, 3%)","ZCA1-SRC (12, 16%); ZRG1-CB (5, 7%); ZCA1-RPRB (3, 4%); ZCA1-SRB (2, 3%); ZRG1-BTC (2, 3%)",R01 (47); OT2 (12); U01 (6); P01 (3); R00 (2); R35 (2)
Jennifer L Gordon,NIAID,75,2026,"VMD (13, 17%); VID (11, 15%); IHD (3, 4%); GDD (2, 3%); INN (2, 3%)","ZRG1-DCAI (17, 23%); ZRG1-AIDC (5, 7%); ZAI1-JHM (4, 5%); ZRG1-IMM (2, 3%); ZRG1-BBBT (2, 3%)",R01 (34); R21 (11); R44 (9); R41 (5); R43 (4); P01 (4)
Joe Wang,NIAAA,75,2026,"AA-1 (13, 17%); HBPP (10, 13%); XNDA (8, 11%); DBDT (4, 5%); NAL (3, 4%)","ZRG1-KUDS (10, 13%); ZAA1-DD (7, 9%); ZAA1-GG (5, 7%); ZAA1-CC (2, 3%); ZAA1-SRC (2, 3%)",R01 (35); R21 (9); R13 (3); K23 (3); R43 (2); K01 (2)
Leah Kaye Gilbert,NICHD,75,2026,"PDRP (12, 16%); CHHD-M (11, 15%); SSPA (4, 5%); SPIP (4, 5%); SSPB (3, 4%)","ZRG1-SCIL (6, 8%); ZHD1-DSR (5, 7%); ZRG1-F16 (3, 4%); ZRG1-HSS (2, 3%); ZRG1-CCHI (2, 3%)",R01 (31); K01 (8); R21 (7); K23 (6); F31 (4); R03 (4)
Qi-Ying Liu,NIAAA,75,2026,"NAL (25, 33%); AA-4 (10, 13%); NMB (2, 3%); BRLE (1, 1%); PMDA (1, 1%)","ZAA1-GG (14, 19%); ZAA1-CC (8, 11%); ZRG1-ICN (5, 7%); ZAA1-DD (2, 3%); ZRG1-F02B (2, 3%)",R01 (33); F31 (14); R21 (7); U01 (6); K99 (4); K01 (3)
Youngsuk Oh,NHLBI,75,2026,"IVPP (30, 40%); HM (9, 12%); PBKD (3, 4%); CCHS (3, 4%); HLBP (2, 3%)","ZHL1-CSR (4, 5%); ZRG1-IVBH (2, 3%); ZRG1-CN (1, 1%); ZRG1-IFCN (1, 1%); ZRG1-IIDB (1, 1%)",R01 (63); P01 (3); R03 (2); K99 (2); R35 (2); DP1 (1)
Brett Thomas Hagman,NIAAA,74,2026,"AA-3 (21, 28%); IPTA (8, 11%); AA-2 (3, 4%); ARM (2, 3%); HIBI (2, 3%)","ZAA1-GG (8, 11%); ZRG1-CCHI (6, 8%); ZRG1-SCIL (5, 7%); ZRG1-BP (3, 4%); ZRG1-RPHB (2, 3%)",R01 (22); K23 (15); R34 (11); K01 (6); T32 (4); R44 (3)
Denise Russo,NICHD,74,2026,"HCCS (11, 15%); HIVD (4, 5%); HVCD (2, 3%); NMHD (2, 3%); PN (2, 3%)","ZHD1-DSR (15, 20%); ZRG1-IIDB (7, 9%); ZRG1-AARR (4, 5%); ZRG1-CN (2, 3%); ZRG1-F07A (2, 3%)",R01 (34); R21 (6); P01 (5); DP1 (5); F30 (4); K23 (3)
Shang-Yi Anne Tsai,NIDA,74,2026,"PMDA (10, 14%); NMB (9, 12%); HCCS (8, 11%); MCNP (8, 11%); MNPS (7, 9%)","ZDA1-SXC (5, 7%); ZRG1-IMM (3, 4%); ZDA1-IXR (3, 4%); ZDA1-JRB (3, 4%); ZMH1-ERB (2, 3%)",R01 (51); R21 (10); R13 (3); R33 (3); R61 (2); P30 (2)
Sheba King Dunston,NIDA,74,2026,"ARM (5, 7%); PPAH (5, 7%); PDRP (4, 5%); HIBI (4, 5%); CIHB (3, 4%)","ZDA1-HXO (6, 8%); ZDA1-SXC (6, 8%); ZRG1-F17B (5, 7%); ZRG1-CCHI (3, 4%); ZRG1-F16 (3, 4%)",R01 (35); U01 (10); K01 (8); R36 (6); R21 (5); F31 (3)
Beth-Anne Sieber,NINDS,73,2025,"CNN (16, 22%); CDIN (8, 11%); SMN (7, 10%); CNNT (6, 8%); EITN (2, 3%)","ZNS1-SRB (7, 10%); ZRG1-AN (3, 4%); ZRG1-IFCN (2, 3%); ZRG1-F10B (1, 1%); ZRG1-BP (1, 1%)",R01 (55); R21 (4); P50 (3); F31 (3); R35 (2); K23 (2)
Cheryl Cero,NCI,73,2026,"CCB (10, 14%); TCB (5, 7%); BCO (3, 4%); CSRS (2, 3%); MCT1 (2, 3%)","ZCA1-SRB (18, 25%); ZCA1-TCRB (5, 7%); ZRG1-BTC (4, 5%); ZRG1-CB (3, 4%); ZCA1-RPRB (2, 3%)",R01 (37); R03 (23); R50 (6); R37 (4); DP2 (1); R00 (1)
Floy Annette Gilchrist,NINDS,73,2026,,"ZRG1-NV (30, 41%); ZRG1-AN (16, 22%); ZRG1-ETTN (10, 14%); ZNS1-SRB (9, 12%); ZRG1-CDPT (2, 3%)",R44 (33); R43 (21); R41 (15); R42 (4)
Halonna R Kelly,NIAID,73,2026,"IIB (12, 16%); III (11, 15%); IHD (5, 7%); CMIA (3, 4%); VIRB (3, 4%)","ZRG1-IIDA (9, 12%); ZRG1-IDIA (2, 3%); ZRG1-CVRS (1, 1%); ZAI1-SB (1, 1%); ZRG1-BCMB (1, 1%)",R01 (43); R21 (24); R03 (2); R56 (2); U24 (1); U01 (1)
Jasmina Varagic,NHLBI,73,2026,"IVPP (14, 19%); CCHS (9, 12%); HM (9, 12%); PN (4, 5%); PBKD (3, 4%)","ZHL1-CSR (7, 10%); ZRG1-BP (2, 3%); ZRG1-NV (2, 3%); ZRG1-EMS (2, 3%); ZRG1-IVBH (2, 3%)",R01 (55); R13 (6); R03 (3); R56 (2); U54 (2); R43 (2)
Natalia Mercer,NCI,73,2026,"TME (6, 8%); CCB (6, 8%); TCB (5, 7%); THI (5, 7%); CAMP (3, 4%)","ZRG1-OBT (9, 12%); ZRG1-BTC (2, 3%); ZCA1-SRB (2, 3%); ZRG1-EMNR (2, 3%); ZCA1-RTRB (2, 3%)",R01 (56); R37 (9); R00 (3); U01 (2); P01 (1); R35 (1)
Patrick Colby Still,NCCIH,73,2026,"CSB (7, 10%); NSD-A (2, 3%); CPSS (1, 1%); BMDM (1, 1%); NMHD (1, 1%)","ZAT1-AM (15, 21%); ZAT1-JM (7, 10%); ZAT1-AJT (6, 8%); ZAT1-PS (3, 4%); ZAT1-SM (3, 4%)",R01 (13); F31 (11); R21 (10); T32 (5); R43 (5); R13 (4)
Ralph M Nitkin,NICHD,73,2026,"MFSR (11, 15%); CHHD-K (10, 14%); MRS (7, 10%); BMHO (2, 3%); ANIE (1, 1%)","ZHD1-DSR (15, 21%); ZRG1-BP (5, 7%); ZRG1-MSOS (5, 7%); ZRG1-F10B (3, 4%); ZRG1-F02B (3, 4%)",R01 (17); T32 (11); R03 (8); R21 (8); R25 (5); F31 (5)
Amy C Lossie,NIDA,72,2026,"BGES (3, 4%); GHD (3, 4%); NMB (3, 4%); MNPS (2, 3%); BRLE (2, 3%)","ZDA1-IXR (18, 25%); ZRG1-CDB (6, 8%); ZDA1-TXT (6, 8%); ZDA1-IXN (4, 6%); ZDA1-DRO (3, 4%)",U01 (21); R01 (14); R21 (7); DP1 (7); UM1 (6); K01 (5)
Asif M Rizwan,NCI,72,2026,"CBSS (5, 7%); MCDC (4, 6%); CMT (2, 3%); ISD (2, 3%); EBIT (1, 1%)","ZCA1-TCRB (14, 19%); ZCA1-SRB (10, 14%); ZRG1-MCST (9, 12%); ZRG1-IVBH (2, 3%); ZCA1-RPRB (2, 3%)",R01 (31); R21 (13); R33 (7); R61 (6); R50 (3); UH3 (2)
Christine Frances Nadeau,NCI,72,2026,"THI (8, 11%); TEHM (8, 11%); TME (5, 7%); TPM (4, 6%); SBDD (3, 4%)","ZRG1-CTH (8, 11%); ZCA1-RTRB (7, 10%); ZRG1-BTC (4, 6%); ZRG1-OTC (3, 4%); ZRG1-OBT (3, 4%)",R01 (44); U01 (9); R03 (5); R37 (4); U54 (3); R00 (3)
Elizabeth Woodhouse,NCI,72,2026,"TME (14, 19%); TPM (5, 7%); THI (4, 6%); NCI-I (3, 4%); ICI (3, 4%)","ZRG1-OBT (5, 7%); ZRG1-BTC (2, 3%); ZCA1-RPRB (2, 3%); ZCA1-GRB (2, 3%); ZRG1-OTC1 (1, 1%)",R01 (61); R00 (3); P01 (2); R35 (2); R37 (2); DP2 (1)
Grace L Shen,NEI,72,2024,"PED1 (28, 39%); PED2 (18, 25%); DPVS (9, 12%); GHD (3, 4%); BDE (2, 3%)","ZRG1-NV (3, 4%); ZRG1-ETTN (3, 4%); ZRG1-CDB (2, 3%); ZRG1-IVBH (1, 1%); ZEY1-VSN (1, 1%)",R01 (71); R21 (1)
Joseph Francis Bonner,NICHD,72,2026,"MRS (15, 21%); MFSR (12, 17%); CHHD-K (7, 10%); BMHO (2, 3%); NPI (1, 1%)","ZHD1-DSR (14, 19%); ZRG1-MSOS (4, 6%); ZRG1-F01A (3, 4%); ZRG1-CCHI (3, 4%); ZRG1-BP (2, 3%)",R01 (34); R21 (9); R03 (6); P50 (6); F31 (5); P2C (3)
Letitia Alexis Weigand,NINDS,72,2026,,"ZNS1-SRB (53, 74%); ZMH1-ERB (16, 22%); ZRG1-NICD (1, 1%); ZNS1 (1, 1%); ZRG1-CN (1, 1%)",T32 (60); R25 (9); K12 (3)
Lorenzo Refolo,NIA,72,2026,"DMPB (18, 25%); DDNS-R (8, 11%); DDNS (7, 10%); CDIN (2, 3%); CBP (2, 3%)","ZAG1-ZIJ (22, 31%); ZRG1-NV (4, 6%); ZAG1 (4, 6%); ZRG1-MCST (2, 3%); ZRG1-BST (1, 1%)",R01 (32); U01 (23); R56 (6); RF1 (3); R21 (3); U54 (2)
Mulualem Enyew Tilahun,NIA,72,2026,"CMAD (9, 12%); ASG (6, 8%); HCCS (4, 6%); HIVD (4, 6%); III (2, 3%)","ZAG1-ZIJ (6, 8%); ZRG1-F07B (4, 6%); ZRG1-IIDA (4, 6%); ZAI1-VSR (3, 4%); ZRG1-IIDB (2, 3%)",R01 (35); R21 (8); R56 (3); F30 (3); U01 (3); F31 (3)
Nishadi Rajapakse,NIDDK,72,2026,"DDK-B (10, 14%); LCBH (8, 11%); HSDO (8, 11%); BMHO (6, 8%); HPC (4, 6%)","ZDK1-GRB (13, 18%); ZRG1-AARR (2, 3%); ZRG1-CCHI (2, 3%); ZRG1-EMS (2, 3%); ZRG1-RPHB (1, 1%)",R01 (44); K23 (9); K01 (6); U01 (6); R03 (4); U24 (1)
Stephanie Johnson Webb,NHLBI,72,2026,"MPOR(MA) (14, 19%); MPOR(JA) (8, 11%); MPOR(OA) (7, 10%); NITM(OA) (5, 7%); MCBS(OA) (4, 6%)","ZRG1-F10A (11, 15%); ZRG1-IVBH (5, 7%); ZRG1-RCCS (4, 6%); ZHL1-CSR (3, 4%); ZGM1-TWD (1, 1%)",K23 (23); F31 (13); K08 (12); K24 (11); K99 (7); T32 (6)
Yewande A Oladeinde,NIMHD,72,2026,"HHD (9, 12%); ODHS (7, 10%); CMGC (3, 4%); HDEP (2, 3%); HIBI (2, 3%)","ZMD1-DRI (8, 11%); ZRG1-HSS (6, 8%); ZMD1-RP (5, 7%); ZRG1-HDM (4, 6%); ZMD1-JT (4, 6%)",R01 (37); K01 (5); T37 (4); R21 (4); R43 (3); F30 (3)
Brad Newsome,FIC,71,2026,"ICP1 (2, 3%)","ZRG1-SCIL (28, 39%); ZRG1-IMST (12, 17%); ZRG1-CCHI (10, 14%); ZRG1-BST (7, 10%); ZRG1 (7, 10%)",R21 (29); R33 (24); U54 (7); K01 (4); R01 (3); K43 (2)
Frank R Avenilla,NIMH,71,2026,,"ZRG1-F16 (25, 35%); ZRG1-F01A (19, 27%); ZRG1-F02A (12, 17%); ZRG1-F18 (6, 8%); ZRG1-F01B (4, 6%)",F31 (48); F32 (14); F30 (7); R36 (2)
Marie Mancini,NIAMS,71,2026,"AMS (13, 18%); HAI (12, 17%); ACTS (3, 4%); III (2, 3%); SMEP (2, 3%)","ZRG1-IIDB (7, 10%); ZAR1-KM (5, 7%); ZRG1-IIDA (5, 7%); ZRG1-MSOS (3, 4%); ZAR1-MEP (2, 3%)",R01 (26); K08 (14); R21 (12); UC2 (5); K23 (2); K01 (2)
Martin Paul Tornai,NIBIB,71,2026,"ITD (36, 51%); RTB (3, 4%); EITN (2, 3%); EITA (2, 3%); CTIS (1, 1%)","ZRG1-ISB (10, 14%); ZRG1-SBIB (8, 11%); ZEB1-OSR (1, 1%); ZRG1-CDB (1, 1%); ZRG1-BBBT (1, 1%)",R01 (47); R21 (9); R03 (6); U01 (5); R00 (1); S10 (1)
Michelle M Freemer,NHLBI,71,2026,"BMHO (7, 10%); SSPT(JA) (6, 8%); SSPT(OA) (6, 8%); MPOR(OA) (5, 7%); CRD (4, 6%)","ZHL1-CSR (8, 11%); ZRG1-EPH (3, 4%); ZRG1-HSS (2, 3%); ZRG1-RPHB (1, 1%); ZRG1-HDM (1, 1%)",R01 (27); R34 (9); K23 (7); R33 (6); K01 (5); R44 (3)
Monica Longo,NICHD,71,2026,"PN (9, 13%); CHHD-B (5, 7%); RPPH (4, 6%); IRAP (3, 4%); ISD (3, 4%)","ZRG1-EMS (5, 7%); ZRG1-HSS (3, 4%); ZRG1-MCST (2, 3%); ZRG1-CCHI (2, 3%); ZRG1-PN (1, 1%)",R01 (39); R21 (13); R43 (5); R44 (4); R03 (3); F31 (2)
Richard A Jenkins,NIDA,71,2026,"HIBI (11, 15%); PPAH (9, 13%); HPC (3, 4%); CIHB (2, 3%); IPTA (2, 3%)","ZDA1-TXT (12, 17%); ZRG1-CCHI (5, 7%); ZRG1-SCIL (4, 6%); ZDA1-LXF (3, 4%); ZDA1-SKM (3, 4%)",R01 (32); K01 (8); R34 (7); K23 (4); R25 (4); R21 (3)
Tapan K Bera,NCI,71,2026,"THI (8, 11%); CPSS (6, 8%); MCTB (6, 8%); CCB (4, 6%); TEHM (4, 6%)","ZCA1-SRB (10, 14%); ZRG1-CTH (3, 4%); ZCA1-RPRB (3, 4%); ZCA1 (2, 3%); ZRG1-OBT (1, 1%)",R01 (46); R37 (5); U01 (4); R00 (4); P01 (3); U54 (2)
Anuradha Dipak Patel,NIMHD,70,2026,"HHD (9, 13%); CMGC (5, 7%); ODHS (3, 4%); HDEP (2, 3%); ICSC (2, 3%)","ZMD1-DRI (9, 13%); ZRG1-HSS (5, 7%); ZRG1-CCHI (5, 7%); ZMD1-KNL (4, 6%); ZRG1-HDM (4, 6%)",R01 (39); R44 (7); K01 (5); K23 (5); R43 (4); R21 (4)
Averell H Sherker,NIDDK,70,2026,"HBPP (19, 27%); EITA (6, 9%); SAT (4, 6%); CTIS (2, 3%); KEDD (2, 3%)","ZDK1-GRB (16, 23%); ZRG1-KUDS (5, 7%); ZRG1-DKUS (1, 1%); ZRG1-HSS (1, 1%); ZRG1-MCST (1, 1%)",R01 (53); U01 (14); U34 (1); U24 (1); R15 (1)
Heidi Yanice Matos Galicia,NINDS,70,2026,"NC (16, 23%); CNNT (9, 13%); DBD (7, 10%); SYN (4, 6%); BBM (4, 6%)","ZRG1-BN (3, 4%); ZNS1-SRB (3, 4%); ZRG1-MDCN (2, 3%); ZRG1-CN (2, 3%); ZRG1-F03B (1, 1%)",R01 (50); R21 (9); R35 (3); R56 (3); R15 (1); F31 (1)
Hye-Sook Kim,NCCIH,70,2026,"NMHD (3, 4%); CSB (3, 4%); IMII (2, 3%); CNBT (2, 3%); MESH (1, 1%)","ZAT1-JM (5, 7%); ZRG1-IIDA (5, 7%); ZRG1-CVRS (4, 6%); ZAT1-AM (4, 6%); ZRG1-DCAI (4, 6%)",R01 (24); R21 (10); DP2 (8); U01 (5); F31 (4); R61 (3)
Lorena Baccaglini,NIDCR,70,2026,"ODCS (3, 4%); DSR (2, 3%); HCCS (2, 3%); RTB (2, 3%); HIVD (1, 1%)","ZDE1-TO (10, 14%); ZDE1-YM (9, 13%); ZDE1-CC (7, 10%); ZDE1-GZ (3, 4%); ZDE1-JC (2, 3%)",R01 (28); R03 (18); R21 (10); U01 (8); R56 (1); R13 (1)
Mary Evans,NIDDK,70,2026,"HSDO (7, 10%); LCBH (5, 7%); HPC (3, 4%); BMHO (3, 4%); CIDH (3, 4%)","ZDK1-GRB (26, 37%); ZRG1-EMS (5, 7%); ZDK1 (2, 3%); ZRG1-RPHB (1, 1%); ZRG1-HSS (1, 1%)",R01 (49); P30 (12); U24 (5); UH3 (2); R18 (1); P2C (1)
Rahul Gautam Thakar,NHLBI,70,2026,"BMBI (11, 16%); CMT (5, 7%); BTSS (4, 6%); DBTD (3, 4%); MPPA (3, 4%)","ZRG1-BBBT (6, 9%); ZRG1-MCST (5, 7%); ZHL1-CSR (5, 7%); ZRG1-ISB (3, 4%); ZRG1-RCCS (2, 3%)",R01 (45); R21 (7); R33 (4); R41 (2); R43 (2); R61 (2)
David G Covell,NCI,69,2026,"MCT1 (3, 4%); MCTA (3, 4%); MCT2 (2, 3%); MCTB (2, 3%); DMP (2, 3%)","ZCA1-SRB (25, 36%); ZRG1-CTH (9, 13%); ZCA1-TCRB (5, 7%); ZRG1-BTC (4, 6%); ZCA1-RTRB (3, 4%)",R21 (40); R01 (20); R03 (9)
Eric Rousseau Murphy,NIMH,69,2026,"PDRP (12, 17%); CPDD (12, 17%); MESH (7, 10%); SPIP (2, 3%); LHB (1, 1%)","ZMH1-ERB (22, 32%); ZRG1-BP (5, 7%); ZRG1-SCIL (3, 4%)",R01 (44); R21 (17); RF1 (6); U24 (1); R00 (1)
Guifang Lao,NIDA,69,2026,"IPTA (14, 20%); NIDA-K (5, 7%); ARM (3, 4%); NIDA-S-K (3, 4%); PPAH (2, 3%)","ZDA1-SKM (4, 6%); ZRG1-F16 (3, 4%); ZAA1-GG (3, 4%); ZDA1-MXS (3, 4%); ZDA1-SXM (2, 3%)",K23 (19); T32 (11); K01 (8); K24 (7); F31 (7); K12 (3)
Ludmila Sylwia Pawlikowska,NIDDK,69,2026,"GHD (12, 17%); DHMI (10, 14%); DDK-C (10, 14%); DNPD (5, 7%); KEDD (4, 6%)","ZDK1-GRB (4, 6%); ZRG1-PSE (1, 1%); ZRG1-DNPD (1, 1%); ZRG1-KUDS (1, 1%); ZRG1-VH (1, 1%)",R01 (51); K08 (6); RC2 (3); R00 (2); K23 (2); K01 (2)
Luis Flanagan Sullivan,NINDS,69,2026,"CDIN (13, 19%); NOMD (8, 12%); CNN (6, 9%); CMND (5, 7%); CNNT (4, 6%)","ZRG1-AN (4, 6%); ZRG1-CN (3, 4%); ZNS1-SRB (2, 3%); ZGM1-RCB (2, 3%); ZRG1-F02B (1, 1%)",R01 (44); R21 (10); RF1 (5); R56 (2); K00 (1); R35 (1)
Mark Egli,NIAAA,69,2026,"AA-4 (11, 16%); NAL (11, 16%); NPAS (5, 7%); ARM (4, 6%); HSDO (1, 1%)","ZAA1-GG (7, 10%); ZAA1-CC (6, 9%); ZAA1-DD (3, 4%); ZRG1-BP (3, 4%); ZRG1-ICN (3, 4%)",R01 (30); R21 (9); U24 (4); F31 (3); F32 (3); T32 (3)
Martha Lundberg,NHLBI,69,2026,"BTSS (13, 19%); BMBI (13, 19%); IVPP (3, 4%); BBHV (2, 3%); TDPS (2, 3%)","ZHL1-CSR (8, 12%); ZRG1-MCST (4, 6%); ZRG1-ISB (4, 6%); ZRG1-BBBT (3, 4%); ZRG1-BST (3, 4%)",R01 (48); R33 (6); R21 (5); R43 (3); R61 (2); R41 (2)
Randolph Christopher Capps,NICHD,69,2026,"CHHD-W (16, 23%); SSPB (12, 17%); SSPA (10, 14%); HSOD (1, 1%); HHD (1, 1%)","ZHD1-DSR (19, 28%); ZRG1-SCIL (3, 4%); ZRG1-PSE (2, 3%); ZRG1-EPH (2, 3%); ZRG1 (1, 1%)",R01 (23); T32 (17); R03 (10); R25 (6); R21 (4); P2C (3)
Susan F Marden,NICHD,69,2026,"CHHD-K (11, 16%); MRS (11, 16%); MFSR (6, 9%); CMGC (3, 4%); BMHO (3, 4%)","ZRG1-CCHI (5, 7%); ZRG1-F10B (3, 4%); ZRG1-F02B (2, 3%); ZRG1-BP (2, 3%); ZHD1-DSR (1, 1%)",R01 (34); R03 (10); K23 (9); K01 (4); R21 (4); F32 (3)
Edward Doo,NIDDK,68,2026,"HBPP (21, 31%); XNDA (3, 4%); POMD (2, 3%); DDK-C (2, 3%); TAG (1, 1%)","ZDK1-GRB (21, 31%); ZRG1-KUDS (6, 9%); ZRG1-IDM (1, 1%); ZRG1-MCST (1, 1%); ZRG1-DKUS (1, 1%)",R01 (46); U01 (18); U24 (2); R00 (2)
Emerald Thai Han Nguyen,NIA,68,2026,"SSPB (11, 16%); SSPA (9, 13%); AGCD-2 (4, 6%); CIHB (4, 6%); NAME (3, 4%)","ZAG1-ZIJ (13, 19%); ZRG1-SCIL (6, 9%); ZRG1-HSS (3, 4%); ZRG1-HDM (2, 3%); ZRG1-AN (2, 3%)",R01 (34); K01 (6); R21 (4); P30 (4); RF1 (4); R03 (2)
Guillermina Girardi,NICHD,68,2026,"PN (16, 24%); RPPH (5, 7%); MESH (5, 7%); CHHD-M (4, 6%); PDRP (2, 3%)","ZRG1-F06 (6, 9%); ZRG1-EMS (4, 6%); ZRG1-F03A (2, 3%); ZRG1-T06C (2, 3%); ZRG1-F18 (1, 1%)",R01 (30); R21 (12); F30 (5); K99 (5); F31 (4); K08 (3)
Kristine Amalee Willis,NCI,68,2025,"TCB (21, 31%); CCB (10, 15%); MCT1 (3, 4%); NCI-I (2, 3%); MCT2 (2, 3%)","ZCA1-SRB (5, 7%); ZRG1-OBT (3, 4%); ZCA1-RTRB (2, 3%); ZCA1-RPRB (2, 3%); ZRG1-BTC (1, 1%)",R01 (47); R37 (10); R35 (5); R00 (2); U01 (2); UH2 (1)
Maren R Laughlin,NIDDK,68,2026,"POMD (15, 22%); CSME (9, 13%); BMDM (7, 10%); IPOD (6, 9%); DDK-B (5, 7%)","ZRG1-EMS (5, 7%); ZRG1-EMNR (2, 3%); ZRG1-NV (1, 1%); ZRG1-CVRS (1, 1%); ZDK1-GRB (1, 1%)",R01 (58); K01 (2); R56 (2); K08 (2); K99 (1); R15 (1)
Parisa Parsafar,NICHD,68,2026,"PDRP (10, 15%); HCMF (7, 10%); CHHD-H (5, 7%); HPC (4, 6%); SSPB (3, 4%)","ZRG1-SCIL (9, 13%); ZHD1-SRC (3, 4%); ZRG1-BBBP (3, 4%); ZRG1-RPHB (3, 4%); ZRG1-BP (3, 4%)",R01 (31); R21 (8); R44 (6); R03 (6); F32 (3); R15 (2)
Sonnie Kim,NIAID,68,2026,"VMD (4, 6%); VID (4, 6%); PRID (4, 6%); ISD (3, 4%); VPI (3, 4%)","ZRG1-DCAI (7, 10%); ZRG1-IIDA (3, 4%); ZRG1-RCCS (3, 4%); ZRG1-MCST (3, 4%); ZRG1-IMM (2, 3%)",R01 (28); R21 (17); R44 (7); K01 (3); SB1 (3); R56 (2)
Yong Chen,OD,68,2026,"STOD (17, 25%)","ZRG1-MBBC (24, 35%); ZRG1-BBBT (16, 24%); ZRG1-CDB (5, 7%); ZRG1-MCST (5, 7%); ZRG1-ISB (1, 1%)",S10 (51); C06 (17)
Angela Eunji Lee-Winn,NIDA,67,2026,"HIBI (15, 22%); PPAH (13, 19%); IPTA (1, 1%); ARM (1, 1%); CLHP (1, 1%)","ZDA1-MXS (8, 12%); ZDA1-TXT (5, 7%); ZRG1-RPHB (4, 6%); ZDA1 (4, 6%); ZDA1-SKP (3, 4%)",R01 (25); R34 (16); K01 (6); K23 (4); R61 (3); K24 (3)
David Joseph McDonald,NIAID,67,2025,"HVCD (35, 52%); HIVD (2, 3%); VACC (1, 1%); AIDS (1, 1%); MSFB (1, 1%)","ZAI1-JBS (6, 9%); ZAI1-VS (4, 6%); ZRG1-AARR (4, 6%); ZRG1-F17A (3, 4%); ZRG1-IDIB (3, 4%)",R01 (40); R21 (8); U54 (6); R37 (4); F31 (2); DP2 (2)
Deepak Nihalani,NIDDK,67,2026,"PBKD (26, 39%); HCCS (7, 10%); CSME (2, 3%); POMD (1, 1%); DMPB (1, 1%)","ZDK1-GRB (14, 21%); ZRG1-KUDS (8, 12%); ZRG1-DKUS (4, 6%); ZRG1-IDIB (3, 4%)",R01 (51); U01 (5); P20 (4); U54 (2); R56 (2); U24 (2)
Feorillo Herrera Galivo,NIAID,67,2026,"VDT (12, 18%); MCV (9, 13%); VIRA (7, 10%); MID (2, 3%); PRID (2, 3%)","ZRG1-F07C (7, 10%); ZRG1-IIDB (3, 4%); ZAI1-MFH (2, 3%); ZRG1-VDT (2, 3%); ZRG1-IDIA (2, 3%)",R01 (27); R21 (22); F31 (7); U44 (2); U01 (2); R03 (2)
Kathleen Beth Huntzicker,NICHD,67,2026,"TAG (6, 9%); DBD (4, 6%); CPDD (4, 6%); CHHD-B (2, 3%); CDMA (1, 1%)","ZRG1-MGG (10, 15%); ZRG1-SEIR (6, 9%); ZRG1-F01A (4, 6%); ZHD1-DSR (4, 6%); ZRG1-F03A (4, 6%)",R01 (34); F30 (7); U24 (7); K23 (4); R21 (3); P50 (3)
Minki Chatterji,NIA,67,2026,"SSPA (13, 19%); SSPB (10, 15%); AGCD-2 (3, 4%); HHD (3, 4%); ODHS (3, 4%)","ZAG1-ZIJ (18, 27%); ZRG1-HSS (5, 7%); ZRG1-BDCN (3, 4%); ZRG1-SCIL (2, 3%); ZRG1-RPHB (1, 1%)",R01 (40); RF1 (6); R61 (3); K01 (3); R21 (3); R33 (3)
Norann Zaghloul,NIDDK,67,2026,"GHD (9, 13%); KEDD (5, 7%); POMD (4, 6%); KNOD (3, 4%); CSME (3, 4%)","ZDK1-GRB (24, 36%); ZRG1-MGG (4, 6%); ZDK1 (2, 3%); ZRG1-EMS (1, 1%); ZRG1-EMNR (1, 1%)",R01 (39); U01 (16); UM1 (4); RC2 (2); K99 (2); K08 (1)
Randy Lee King,NIBIB,67,2026,"ITD (19, 28%); IGIS (12, 18%); EITA (7, 10%); CTIS (4, 6%); IPCA (3, 4%)","ZRG1-ISB (7, 10%); ZRG1-SBIB (3, 4%); ZRG1-NINC (3, 4%); ZRG1-ETTN (1, 1%); ZRG1-IMST (1, 1%)",R01 (43); R21 (18); R15 (2); R03 (2); R33 (1); U01 (1)
Steven John Henle,NEI,67,2026,"PED2 (24, 36%); PED1 (22, 33%); BDE (4, 6%); DPVS (2, 3%); BVS (1, 1%)","ZRG1-NV (9, 13%); ZRG1-IBV (2, 3%); ZRG1-MCST (1, 1%); ZRG1-ETTN (1, 1%); ZEY1-VSN (1, 1%)",R01 (47); R21 (12); R43 (3); R44 (3); R56 (1); R41 (1)
Charles Lin,NCI,66,2026,"IPCA (13, 20%); CTIS (11, 17%); IGIS (7, 11%); CBSS (3, 5%); MCDC (2, 3%)","ZRG1-SBIB (5, 8%); ZRG1-ISB (4, 6%); ZRG1-CTH (3, 5%); ZCA1-SRB (3, 5%); ZCA1-RTRB (2, 3%)",R01 (52); R21 (10); R50 (2); R37 (1); R15 (1)
Eleanore Jennifer Chuang,NIAID,66,2026,"MID-B (9, 14%); PRID (8, 12%); EDIT (4, 6%); HCAC (3, 5%); CRFS (3, 5%)","ZRG1-PSE (5, 8%); ZAI1-FDS (4, 6%); ZRG1-SCIL (2, 3%); ZRG1-DCAI (2, 3%); ZRG1-HSS (2, 3%)",R01 (33); R21 (13); K23 (7); K01 (5); F31 (2); U01 (2)
Elise Rice,NIA,66,2026,"BMHO (7, 11%); AGCD-2 (6, 9%); HPC (3, 5%); HIBI (3, 5%); NIA-S (2, 3%)","ZAG1-ZIJ (22, 33%); ZRG1-RPHB (2, 3%); ZRG1-HSS (1, 2%); ZAT1-MH (1, 2%); ZRG1-AARR (1, 2%)",R01 (21); P30 (15); K01 (6); R33 (6); R21 (5); K23 (4)
Nandini Arunkumar,NIA,66,2026,"ASG (6, 9%); CDIN (5, 8%); CMND (1, 2%); KEDD (1, 2%); DDNS (1, 2%)","ZAG1-ZIJ (23, 35%); ZRG1-AN (8, 12%); ZRG1-NV (7, 11%); ZRG1-BDCN (4, 6%); ZRG1-BBBT (3, 5%)",R01 (47); R21 (6); R56 (4); R03 (3); U19 (2); RF1 (2)
Shumin Wang,NIBIB,66,2026,"ITD (21, 32%); CTIS (4, 6%); EITN (3, 5%); ITN (3, 5%); ISD (2, 3%)","ZEB1-OSR (18, 27%); ZRG1-ISB (4, 6%); ZRG1-SBIB (2, 3%); ZRG1-ETTN (2, 3%); ZRG1-NV (2, 3%)",R01 (28); R21 (11); U01 (10); UG3 (6); UH3 (6); R03 (4)
Siavash Vaziri,NIMH,66,2026,"HCMF (11, 17%); LMDN (11, 17%); NMB (10, 15%); CP (2, 3%); NBVP (2, 3%)","ZMH1-ERB (5, 8%); ZRG1-BN (4, 6%); ZRG1-IFCN (3, 5%); ZRG1-BP (2, 3%); ZRG1-MDCN (2, 3%)",R01 (56); RF1 (7); R21 (2); R00 (1)
Anika Lin Dzierlenga,NIEHS,65,2026,"EDD (6, 9%); SIEE (4, 6%); NAL (3, 5%); RPPH (3, 5%); SEDH (2, 3%)","ZES1-LKB (6, 9%); ZRG1-KUDS (5, 8%); ZES1-LWJ (3, 5%); ZRG1-CVRS (3, 5%); ZES1-VSM (3, 5%)",R01 (36); P01 (7); R21 (6); R15 (3); R03 (2); F31 (2)
Carol A Shreffler,NIEHS,65,2026,"EHS(T) (24, 37%); EHS (T) (14, 22%); EDD (7, 11%); EHS(T)-1 (7, 11%); KUFD (2, 3%)","ZES1-VSM (9, 14%); ZES1-LWJ (5, 8%); ZRG1-KUDS (4, 6%); ZRG1-F12C (2, 3%); ZRG1-DKUS (1, 2%)",T32 (40); R01 (12); F31 (4); R35 (2); R13 (2); R21 (2)
Glen H Nuckolls,NINDS,65,2025,"SMEP (8, 12%); CMBG (5, 8%); CNNT (5, 8%); DBD (5, 8%); CMND (4, 6%)","ZNS1-SRB (6, 9%); ZRG1-BN (2, 3%); ZHD1-DSR (2, 3%); ZRG1-MDCN (2, 3%); ZRG1-MSOS (1, 2%)",R01 (46); R21 (3); R03 (2); P50 (2); K22 (2); K01 (1)
Megan S Mitchell,NICHD,65,2026,"CHHD-B (5, 8%); PN (3, 5%); ICSC (3, 5%); HSQE (2, 3%); HPC (2, 3%)","ZRG1-HSS (10, 15%); ZHD1-DSR (8, 12%); ZRG1-CCHI (3, 5%); ZHD1-SRC (3, 5%); ZRG1-CTH (2, 3%)",R01 (29); K23 (7); R21 (7); UG1 (5); U54 (2); F31 (2)
Qian Liu,NHLBI,65,2026,"LCMI (20, 31%); MCBS(MA) (3, 5%); MCBS(OA) (2, 3%); CRD (2, 3%); MCBS(JA) (2, 3%)","ZRG1-RCCS (7, 11%); ZHL1-CSR (5, 8%); ZRG1-F10A (4, 6%); ZRG1-IMM (3, 5%); ZRG1-CVRS (1, 2%)",R01 (39); K08 (7); F31 (5); K23 (3); R03 (3); R43 (2)
Bracie Watson,NIDCD,64,2025,"AUD (21, 33%); CDRC (16, 25%); GHD (3, 5%); NAME (2, 3%); SMN (2, 3%)","ZDC1-SRB (8, 12%); ZRG1-IFCN (2, 3%); ZRG1-ICN (1, 2%); ZAG1-ZIJ (1, 2%); ZRG1-IDM (1, 2%)",R01 (42); R13 (17); R21 (5)
Marc F Charette,NHLBI,64,2026,"IVPP (8, 12%); BBHV (4, 6%); CCHS (4, 6%); AICS (3, 5%); VCMB (3, 5%)","ZRG1-IVBH (12, 19%); ZHL1-CSR (11, 17%); ZRG1-RCCS (3, 5%); ZHL1 (1, 2%); ZRG1-EMNR (1, 2%)",R01 (41); R13 (6); R35 (5); R21 (2); R44 (2); R15 (2)
Sai Prasanna Majji,NICHD,64,2026,"HCCS (11, 17%); PN (8, 12%); PPAH (1, 2%); NMHD (1, 2%); DHMI (1, 2%)","ZRG1-EMS (8, 12%); ZRG1-EMNR (4, 6%); ZRG1-IDIB (3, 5%); ZAI1-RB (2, 3%); ZRG1-F07C (2, 3%)",R01 (40); R21 (5); R33 (3); F31 (3); F32 (2); K23 (2)
Sarah Andrea Wijtenburg,NIMH,64,2026,"NPAS (34, 53%); APDA (6, 9%); PMDA (4, 6%); MESH (4, 6%); NMBH (3, 5%)","ZRG1-CN (3, 5%); ZRG1-BP (2, 3%); ZRG1-BDCN (2, 3%); ZRG1-BBBP (1, 2%); ZRG1-NV (1, 2%)",R01 (47); R21 (12); R03 (3); RF1 (1); U01 (1)
William A Alexander,NIAID,64,2024,"BACP (8, 12%); HIBP (8, 12%); BV (4, 6%); BHI (4, 6%); PRID (2, 3%)","ZRG1-F07A (6, 9%); ZRG1-IDIA (5, 8%); ZRG1-IMII (2, 3%); ZRG1-AIDC (2, 3%); ZRG1-IIDB (2, 3%)",R01 (35); R21 (13); F31 (5); F30 (2); F32 (2); K01 (1)
Li-Yueh Hsu,NHLBI,63,2026,"CIDH (6, 10%); BTSS (6, 10%); MABS (5, 8%); CDMA (4, 6%); EITA (3, 5%)","ZRG1-IVBH (9, 14%); ZRG1-ISB (8, 13%); ZRG1-MCST (5, 8%); ZRG1-HSS (5, 8%); ZHL1-CSR (3, 5%)",R01 (29); R43 (13); R15 (5); R21 (5); SB1 (2); R42 (2)
Luke Stoeckel,NIA,63,2026,"AGCD-3 (6, 10%); AGCD-2 (6, 10%); SPIP (5, 8%); CP (5, 8%); APDA (5, 8%)","ZAG1-ZIJ (10, 16%); ZRG1-BBBP (4, 6%); ZRG1-HSS (3, 5%); ZRG1-BDCN (2, 3%); ZRG1-HDM (2, 3%)",R01 (31); K01 (7); K23 (5); R33 (5); RF1 (4); K24 (2)
Patricia J Kehn,NIAID,63,2026,"TTT (20, 32%); ITA (17, 27%); SAT (2, 3%); KUFD (2, 3%); HBPP (2, 3%)","ZRG1-IIDB (3, 5%); ZAI1-KJK (2, 3%); ZAI1-MMO (2, 3%); ZAI1-VSR (2, 3%); ZRG1-IDIA (1, 2%)",R01 (33); R21 (15); R56 (6); P01 (5); U01 (2); DP2 (1)
Temesgen D Fufa,NHGRI,63,2026,"GNOM-G (11, 17%); GCAT (2, 3%); BDMA (1, 2%); GVE (1, 2%); ASPA (1, 2%)","ZRG1-F08 (22, 35%); ZHG1-HGR (13, 21%); ZRG1-F05 (3, 5%); ZRG1-MCST (3, 5%); ZRG1-IMST (1, 2%)",F31 (21); R01 (7); R13 (7); T32 (6); F32 (6); R44 (3)
Elizabeth Powell,NIAAA,62,2026,"NAL (21, 34%); AA-4 (8, 13%); CPDD (2, 3%); AA-2 (1, 2%); AA-1 (1, 2%)","ZAA1-DD (7, 11%); ZAA1-GG (6, 10%); ZAA1-CC (5, 8%); ZRG1-IFCN (3, 5%); ZRG1-ICN (3, 5%)",R01 (28); T32 (3); R21 (3); R61 (3); F31 (3); F32 (3)
Jennifer Michelle Norton,NIDDK,62,2026,"KEDD (9, 15%); ODHS (8, 13%); HHD (6, 10%); HSQE (5, 8%); CIDH (4, 6%)","ZDK1-GRB (8, 13%); ZRG1-PSE (2, 3%); ZRG1-HSS (2, 3%); ZMD1-KNL (1, 2%); ZRG1-KUDS (1, 2%)",R01 (52); U54 (7); R56 (2); U24 (1)
Jonathan D Pollock,NIDA,62,2026,"GHD (4, 6%); PMDA (2, 3%); NMBH (2, 3%); MNPS (2, 3%); NMB (2, 3%)","ZDA1-IXR (7, 11%); ZDA1-GXM (4, 6%); ZRG1-ISB (4, 6%); ZRG1-ICN (3, 5%); ZDA1-SKP (2, 3%)",R01 (27); K01 (7); DP1 (6); U01 (5); R21 (5); UG3 (4)
Lisa M Spain,NIDDK,62,2025,"DDK-B (19, 31%); HAI (11, 18%); BMBI (2, 3%); HSDO (1, 2%); EBIT (1, 2%)","ZDK1-GRB (12, 19%); ZRG1-IIDB (3, 5%); ZRG1-BBBT (2, 3%); ZRG1-IDIB (2, 3%); ZRG1-EMNR (1, 2%)",R01 (29); K01 (10); K26 (8); R03 (6); R56 (3); K08 (2)
Sharmistha Ghosh-Janjigian,NCI,62,2026,"MONC (5, 8%); TCB (4, 6%); NCI-I (4, 6%); MCTB (4, 6%); CAMP (3, 5%)","ZCA1-SRC (7, 11%); ZCA1-SRB (5, 8%); ZCA1-RTRB (2, 3%); ZRG1-OBT (2, 3%); ZRG1-EMNR (1, 2%)",R01 (36); OT2 (7); R37 (5); R35 (4); R00 (4); U54 (2)
Suzana Petanceska,NIA,62,2026,"CDIN (4, 6%); NAME (3, 5%); APDA (3, 5%); CDBA (3, 5%); MNG (2, 3%)","ZRG1-AN (8, 13%); ZAG1-ZIJ (5, 8%); ZRG1-BDCN (5, 8%); ZMH1-ERB (1, 2%); ZRG1-BBBT (1, 2%)",R01 (33); R21 (11); RF1 (4); U01 (3); U19 (2); U24 (2)
Catherine Leigh Allen,NICHD,61,2026,"ICER (11, 18%); RPPH (3, 5%); PN (3, 5%); CSME (2, 3%); NMHD (2, 3%)","ZHD1-DSR (13, 21%); ZRG1-EMS (9, 15%); ZRG1-MCST (3, 5%); ZRG1-HSS (2, 3%); ZRG1-EMNR (2, 3%)",R01 (19); R44 (11); R21 (9); R61 (6); R33 (6); R43 (4)
Dominique Lorang-Leins,NIAAA,61,2026,"NAL (20, 33%); AA-4 (8, 13%); NMB (2, 3%); LMDN (1, 2%); GHD (1, 2%)","ZAA1-GG (13, 21%); ZAA1-CC (10, 16%); ZAA1 (2, 3%); ZAA1-SRC (1, 2%); ZNS1-SRB (1, 2%)",R01 (25); F31 (11); U01 (7); R21 (5); K99 (3); R00 (2)
Laura Anderson Thomas,NIMH,61,2026,"CPDD (21, 34%); PDRP (5, 8%); MESH (4, 7%); NMBH (3, 5%); BGES (2, 3%)","ZMH1-ERB (13, 21%); ZRG1-SCIL (3, 5%); ZRG1-BBBP (1, 2%); ZRG1-IFCN (1, 2%); ZRG1-BP (1, 2%)",R01 (46); R21 (7); RF1 (3); R00 (2); R37 (1); R15 (1)
Laurie Sue Nadler,NIMH,61,2026,"MCNP (12, 20%); PMDA (8, 13%); MNPS (6, 10%); BNRS (3, 5%); BBM (3, 5%)","ZRG1-MDCN (2, 3%); ZRG1-BBBT (2, 3%); ZRG1-BTC (1, 2%); ZMH1-ERB (1, 2%); ZRG1-BN (1, 2%)",R01 (45); R21 (7); RF1 (7); P50 (1); R15 (1)
Nathaniel Stinson,NIMHD,61,2026,"HHD (4, 7%); HPC (3, 5%); CIHB (2, 3%); PDRP (2, 3%); PPAH (2, 3%)","ZMD1-MLS (12, 20%); ZMD1-DRI (7, 11%); ZMD1-ML (6, 10%); ZMD1-KNL (6, 10%); ZRG1-HSS (4, 7%)",R01 (27); P50 (13); K01 (4); R21 (4); U24 (3); F31 (2)
Taryn Grace Aubrecht,NINDS,61,2026,,"ZRG1-NV (30, 49%); ZRG1-ISB (9, 15%); ZRG1-ETTN (8, 13%); ZNS1-SRB (5, 8%); ZRG1-MCST (4, 7%)",R44 (30); R43 (14); R41 (9); R42 (6); SB1 (2)
Tiffany A Wallace,NCI,61,2026,"NCI-J (29, 48%); BMCD (17, 28%); TIR (1, 2%)","ZRG1-BTC (5, 8%); ZCA1-SRB (4, 7%); ZCA1-RTRB (2, 3%); ZCA1 (2, 3%); ZRG1-OBT (2, 3%)",K08 (29); R21 (27); U54 (2); P20 (2); R03 (1)
William Patrick Bozza,NCI,61,2026,,"ZRG1-CDPT (32, 52%); ZRG1-CTH (9, 15%); ZRG1-OTC (8, 13%); ZCA1-TCRB (3, 5%); ZRG1-OTC1 (2, 3%)",R44 (35); R43 (16); R42 (6); R41 (4)
Yisong Wang,NCI,61,2026,"IPCA (13, 21%); CTIS (6, 10%); EITA (5, 8%); RTB (2, 3%); CNBT (1, 2%)","ZCA1-SRB (8, 13%); ZCA1-TCRB (5, 8%); ZRG1-ISB (3, 5%); ZRG1-CTH (3, 5%); ZRG1-SBIB (2, 3%)",R01 (40); R21 (10); U01 (2); R37 (1); P01 (1); R35 (1)
Afshin Parsa,NIDDK,60,2026,"PBKD (14, 23%); KEDD (14, 23%); KNOD (9, 15%); GHD (5, 8%); SMEP (2, 3%)","ZRG1-KUDS (5, 8%); ZRG1-DKUS (4, 7%); ZDK1-GRB (2, 3%); ZRG1-PSE (1, 2%); ZRG1-CCHI (1, 2%)",R01 (58); RC2 (2)
Christine L Densmore,NIDDK,60,2024,"DDK-C (1, 2%)","ZDK1-GRB (58, 97%); ZRG1-F07B (1, 2%)",F31 (26); F30 (21); F32 (13)
Daniel A Gilchrist,NHGRI,60,2026,"GNOM-G (14, 23%); BDMA (10, 17%); GCAT (5, 8%); GVE (3, 5%); BMRD (1, 2%)","ZHG1-HGR (21, 35%); ZRG1-BBBT (2, 3%); ZRG1-IMST (2, 3%); ZRG1-CVRS (1, 2%); ZHG1 (1, 2%)",R01 (24); U01 (14); K99 (8); R00 (3); R35 (3); U24 (3)
Jonathan C Franca-Koh,NCI,60,2026,,"ZRG1-CDPT (14, 23%); ZRG1-CTH (11, 18%); ZRG1-OTC (9, 15%); ZCA1-RPRB (5, 8%); ZCA1-TCRB (4, 7%)",R44 (35); R43 (9); R41 (7); R42 (6); U44 (1); SB1 (1)
Karen Huss,NINR,60,2026,"CMGC (7, 12%); CMPC (5, 8%); BMHO (4, 7%); NRRC (88) (3, 5%); BMIO (3, 5%)","ZRG1-SCIL (7, 12%); ZNR1-REV (4, 7%); ZRG1-HDM (3, 5%); ZRG1-HSS (1, 2%); ZMD1-KNL (1, 2%)",R01 (40); F31 (8); R21 (7); R00 (2); K24 (1); K23 (1)
Lori Ann Jennifer Scott-Sheldon,NIMH,60,2026,"PPAH (25, 42%); HIBI (8, 13%); HCCS (2, 3%); BMRD (1, 2%)","ZMH1-ERB (6, 10%); ZRG1-SCIL (5, 8%); ZRG1-NV (5, 8%); ZRG1-CCHI (2, 3%); ZRG1-F17B (2, 3%)",R01 (32); R34 (6); K01 (6); R21 (5); K23 (3); R33 (3)
Mihoko Kai,NCI,60,2026,"THI (9, 15%); MCT2 (4, 7%); MONC (4, 7%); GRIC (3, 5%); TPM (3, 5%)","ZCA1-SRB (4, 7%); ZRG1-BTC (3, 5%); ZRG1-OBT (3, 5%); ZCA1 (2, 3%); ZRG1-CTH (1, 2%)",R01 (45); R37 (6); U54 (3); R21 (2); R00 (1); R35 (1)
Oleg Mirochnitchenko,OD,60,2026,"HIVD (4, 7%); TAG (3, 5%); DEV2 (3, 5%); GCAT (1, 2%); CIC (1, 2%)","ZRG1-MGG (15, 25%); ZRG1-BTC (7, 12%); ZRG1-GGG (5, 8%); ZRG1-MCST (5, 8%); ZRG1-CVRS (4, 7%)",R21 (23); R24 (14); U42 (9); U54 (4); R13 (3); P40 (3)
Pat G Prasanna,NCI,60,2026,"RTB (36, 60%); DT (1, 2%); CII (1, 2%); NANO (1, 2%); KUFD (1, 2%)","ZCA1-SRB (6, 10%); ZCA1-TCRB (3, 5%); ZCA1-RTRB (2, 3%); ZRG1-CTH (2, 3%); ZRG1-RCCS (1, 2%)",R01 (43); R21 (9); R37 (3); R03 (2); DP2 (1); P01 (1)
Pauline Cupit,NIGMS,60,2026,,"ZGM1-RCB (58, 97%); ZGM1 (12, 20%); ZRG1-CDB (1, 2%); ZRG1-CTH (1, 2%); ZRG1-EMS (1, 2%)",R16 (35); P20 (20); P30 (5)
Pushpa Tandon,NCI,60,2026,"IGIS (8, 13%); IPCA (6, 10%); EITA (6, 10%); ITD (5, 8%); MCDC (2, 3%)","ZRG1-SBIB (7, 12%); ZCA1-SRB (4, 7%); ZCA1-TCRB (4, 7%); ZRG1-CTH (2, 3%); ZRG1-OTC (1, 2%)",R01 (41); R21 (7); R37 (5); U01 (3); R13 (1); P01 (1)
Shannon Elizabeth Nicks,NIDA,60,2026,"IPTA (9, 15%); HPC (6, 10%); PDRP (4, 7%); CLHP (3, 5%); ICSC (2, 3%)","ZDA1-MXS (9, 15%); ZRG1-HDM (4, 7%); ZRG1-CCHI (3, 5%); ZRG1-HSS (3, 5%); ZDA1-SKP (2, 3%)",R01 (20); R34 (12); R61 (6); K23 (4); K01 (4); R33 (4)
Srikanth Nadadur,NIEHS,60,2026,"SIEE (7, 12%); EDD (5, 8%); GHD (2, 3%); LCMI (2, 3%); LIRR (1, 2%)","ZES1-LWJ (20, 33%); ZRG1-KUDS (7, 12%); ZES1-ARL (2, 3%); ZRG1-F10A (2, 3%); ZES1-LAT (2, 3%)",R01 (39); R21 (9); K08 (2); R56 (2); UG3 (1); U01 (1)
Sydella Anne Blatch,NIGMS,60,2025,"SAT (11, 18%); TWD-D (9, 15%); TWD-C (7, 12%); MRAC (4, 7%); PCMB (3, 5%)","ZRG1-CB (8, 13%); ZRG1-GGG (2, 3%); ZRG1 (1, 2%); ZRG1-MGG (1, 2%); ZRG1-MBBC (1, 2%)",T32 (21); R35 (20); K08 (7); K23 (7); R01 (4); RM1 (1)
Adam J Haim,NIMH,59,2026,"EMHI (3, 5%); SERV (2, 3%); CIDH (2, 3%); NMBH (1, 2%)","ZMH1-ERB (18, 31%); ZRG1-BP (9, 15%); ZRG1-SCIL (9, 15%); ZRG1-RPHB (7, 12%); ZRG1-HSS (2, 3%)",R44 (20); R01 (13); R43 (10); R34 (6); R42 (4); P50 (2)
Deborah Philp,NHLBI,59,2026,"HT (4, 7%); HTBT (4, 7%); MTI(JA) (3, 5%); AVI (2, 3%); MTI (JA) (2, 3%)","ZRG1-IVBH (11, 19%); ZRG1-F10C (9, 15%); ZHL1-CSR (6, 10%); ZRG1-VH (2, 3%); ZRG1-IDIB (1, 2%)",R01 (20); K08 (6); F31 (5); K99 (5); F32 (4); R21 (3)
Elizabeth Ankudowich,NIMH,59,2026,"NPAS (20, 34%); APDA (3, 5%); HCMF (1, 2%); ALP (1, 2%)","ZMH1-ERB (26, 44%); ZRG1-NV (3, 5%); ZRG1-ETTN (2, 3%); ZRG1-NINC (2, 3%); ZRG1-CN (1, 2%)",R01 (28); R61 (16); U01 (6); R21 (4); R33 (4); UF1 (1)
Jonathan P Kulwatno,NIBIB,59,2026,"BMBI (15, 25%); MTE (6, 10%); DBTD (5, 8%); CMT (3, 5%); INN (3, 5%)","ZRG1-BBBT (10, 17%); ZRG1-BST (2, 3%); ZEB1-OSR (2, 3%); ZRG1-MCST (1, 2%); ZRG1-CVRS (1, 2%)",R01 (23); R21 (20); R03 (8); U01 (3); R15 (2); P41 (2)
Lisa M Gallicchio,NCI,59,2026,"CHD (5, 8%); CHSA (5, 8%); CHSB (4, 7%); BMCD (3, 5%); NCI-J (3, 5%)","ZCA1-TCRB (7, 12%); ZCA1-SRB (6, 10%); ZCA1-RTRB (3, 5%); ZRG1-EPH (2, 3%); ZRG1-HSS (2, 3%)",R01 (35); U01 (14); R37 (4); R00 (2); R21 (2); UH3 (1)
Nagaraja Sethuraman Balakathiresan,NIAAA,59,2026,"NAL (7, 12%); ARM (6, 10%); AA-4 (4, 7%); AA-3 (2, 3%); NPAS (2, 3%)","ZAA1-GG (9, 15%); ZAA1-CC (6, 10%); ZRG1-ICN (5, 8%); ZAA1-DD (2, 3%); ZRG1-F02A (2, 3%)",R01 (31); F31 (12); U01 (6); K23 (2); K99 (2); R21 (2)
Patrice Desvigne-Nickens,NHLBI,59,2026,"CCHS (11, 19%); MPPA (7, 12%); CICS (4, 7%); CCHF (4, 7%); TDPS (3, 5%)","ZHL1-CSR (7, 12%); ZRG1-RCCS (4, 7%); ZRG1-IVBH (1, 2%); ZRG1-BBBT (1, 2%)",R01 (42); U24 (4); R21 (4); UG3 (2); UH3 (2); R33 (1)
Susan Jekielek,NICHD,59,2026,"SSPB (16, 27%); SSPA (14, 24%); CHHD-W (7, 12%); SEDH (2, 3%); ASPB (1, 2%)","ZHD1-DSR (14, 24%); ZRG1-SCIL (3, 5%); ZRG1-BBBP (1, 2%); ZRG1-F18 (1, 2%); ZRG1-F16 (1, 2%)",R01 (24); P2C (13); R03 (9); R21 (3); R25 (3); F31 (2)
Zhihui Liu,NCI,59,2026,"GRIC (13, 22%); CG (10, 17%); CAMP (8, 14%); MONC (4, 7%); MG (3, 5%)","ZRG1-OBT (3, 5%); ZRG1-BTC (2, 3%); ZRG1-OTC1 (1, 2%); ZCA1-RTRB (1, 2%); ZRG1-IIDB (1, 2%)",R01 (53); R37 (2); R21 (1); R35 (1); DP2 (1); R15 (1)
Betty Poon,NIAID,58,2026,"HIVD (16, 28%); HVCD (6, 10%); AIDS (2, 3%)","ZRG1-MGG (8, 14%); ZAI1-BJM (5, 9%); ZAI1-KSW (4, 7%); ZAI1-LK (4, 7%); ZAI1-JBS (3, 5%)",R01 (33); U01 (8); R21 (4); K08 (2); R37 (2); UM1 (1)
Christian J Ketchum,NIDDK,58,2026,"KUFD (24, 41%); IVPP (7, 12%); KMBD (6, 10%); PBKD (6, 10%); BBM (2, 3%)","ZRG1-DKUS (4, 7%); ZRG1-KUDS (2, 3%); ZRG1-EMNR (1, 2%); ZRG1-TDPS (1, 2%); ZRG1-IVBH (1, 2%)",R01 (56); R21 (1); R00 (1)
Crina Frincu,NIGMS,58,2026,,"ZGM1-RCB (49, 84%); ZGM1 (8, 14%); ZRG1-BN (3, 5%); ZRG1-CDB (2, 3%); ZRG1-BDCN (1, 2%)",R16 (29); P20 (15); S06 (4); P30 (4); U54 (3); R34 (1)
Dara Blachman,NIDA,58,2026,"IPTA (7, 12%); SIHH (5, 9%); HPC (3, 5%); ODHS (3, 5%); CIHB (2, 3%)","ZDA1-SKP (14, 24%); ZRG1-CCHI (3, 5%); ZRG1-SCIL (1, 2%); ZRG1-CB (1, 2%); ZRG1-BBBP (1, 2%)",R01 (16); R33 (9); K23 (8); R61 (7); K01 (6); R25 (3)
Heather F Henry,NIEHS,58,2026,"SEDH (1, 2%)","ZRG1-MCST (27, 47%); ZES1-LAT (13, 22%); ZES1-LWJ (8, 14%); ZES1-JAB (5, 9%); ZES1-VSM (3, 5%)",R43 (20); P42 (11); R01 (10); R44 (9); R41 (4); SB1 (1)
Ivana Grakalic,NIAAA,58,2026,"NAL (16, 28%); ARM (7, 12%); AA-4 (6, 10%); NPAS (4, 7%); AA-3 (2, 3%)","ZAA1-GG (8, 14%); ZAA1-DD (2, 3%); ZRG1-IFCN (2, 3%); ZAA1-CC (1, 2%); ZRG1-EMNR (1, 2%)",R01 (33); F31 (6); R21 (4); K99 (3); P60 (2); K24 (2)
Khoa Dinh Dang Nguyen,NIDDK,58,2026,"HCCS (11, 19%); DNPD (6, 10%); DHMI (4, 7%); HIVD (3, 5%); GMPB (3, 5%)","ZRG1-IDIB (7, 12%); ZDK1-GRB (6, 10%); ZRG1-IIDB (3, 5%); ZRG1-EMNR (2, 3%); ZRG1-DCAI (1, 2%)",R01 (53); R21 (3); DP1 (2)
Michael Bennani-Baiti,NIA,58,2026,"NIA-N (5, 9%); NAME (4, 7%); AIMR (3, 5%); GHD (3, 5%); CMND (2, 3%)","ZAG1-ZIJ (14, 24%); ZRG1-PSE (5, 9%); ZRG1-AN (4, 7%); ZRG1-EPH (3, 5%); ZRG1-RPHB (1, 2%)",R01 (26); U01 (16); R21 (5); U24 (3); U19 (2); RF1 (2)
Michael James Stirratt,NIMH,58,2026,"HIBI (21, 36%); PPAH (12, 21%)","ZRG1-SCIL (8, 14%); ZRG1-CCHI (7, 12%); ZRG1-RPHB (5, 9%); ZRG1-AARR (2, 3%); ZAI1-PP (1, 2%)",R01 (30); R34 (8); K23 (5); R21 (5); K01 (5); RF1 (3)
Rebecca Roof,NINDS,58,2026,"NSD-A (25, 43%); NSD-B (16, 28%)","ZRG1-NV (10, 17%); ZNS1-SRB (6, 10%); ZRG1-CN (1, 2%)",R61 (34); R33 (24)
David J Miller,NCI,57,2026,"MABS (8, 14%); BDMA (4, 7%); EBIT (2, 4%); NCI-I (2, 4%); MSFB (2, 4%)","ZCA1-TCRB (12, 21%); ZRG1-MCST (6, 11%); ZCA1 (2, 4%); ZCA1-SRB (2, 4%); ZCA1-RTRB (2, 4%)",R01 (19); R21 (8); U01 (8); R00 (4); R50 (4); R37 (3)
Debbie Sue Gipson,NIDDK,57,2026,"PBKD (5, 9%); KEDD (5, 9%); KUFD (5, 9%); HSQE (2, 4%); KMBD (1, 2%)","ZDK1-GRB (31, 54%); ZRG1-DKUS (2, 4%); ZDK1 (2, 4%); ZRG1-CCHI (1, 2%)",U01 (25); R01 (25); P50 (3); U24 (3); R56 (1)
Jue Chen,NHLBI,57,2026,"AVI (17, 30%); AICS (5, 9%); IVPP (4, 7%); BBHV (2, 4%); CCHS (2, 4%)","ZRG1-IVBH (8, 14%); ZHL1-CSR (4, 7%); ZRG1-VH (3, 5%); ZHL1-PPG (2, 4%); ZRG1-RCCS (2, 4%)",R01 (43); R35 (4); P01 (3); R41 (2); U54 (1); DP1 (1)
Keith A Mintzer,NHLBI,57,2026,"SIHH (6, 11%); MPOR(JA) (4, 7%); MPOR(OA) (3, 5%); MPOR (JA) (3, 5%); MPOR(MA) (2, 4%)","ZHL1-CSR (15, 26%); ZRG1-HSS (4, 7%); ZRG1-CCHI (4, 7%); ZRG1-SCIL (3, 5%); ZRG1-F16 (2, 4%)",R01 (19); R33 (7); K24 (7); K23 (6); UH3 (6); K01 (3)
Leonid V Tsap,NIA,57,2026,"CMAD (5, 9%); MABS (5, 9%); ASPA (3, 5%); CMT (3, 5%); CTIS (2, 4%)","ZAG1-ZIJ (5, 9%); ZRG1-MCST (5, 9%); ZRG1-BBBT (3, 5%); ZRG1-ISB (2, 4%); ZRG1-F10C (1, 2%)",R21 (23); R01 (15); R43 (4); R44 (3); R41 (2); F31 (2)
Shardell M Spriggs,NINDS,57,2026,"NSD-A (12, 21%); NSD-B (2, 4%); DDR (1, 2%); DMPB (1, 2%); SIEE (1, 2%)","ZRG1-KUDS (25, 44%); ZRG1-AN (4, 7%); ZRG1 (4, 7%); ZRG1-MDCN (4, 7%); ZRG1-DKUS (3, 5%)",R01 (14); R21 (11); R61 (8); R33 (7); U01 (5); UG3 (4)
Stacy E Ferguson,NIAID,57,2026,"AI (4, 7%); IHD (3, 5%); TTT (2, 4%); MAI (1, 2%); CMIB (1, 2%)","ZAI1-JTS (12, 21%); ZAI1-VSR (6, 11%); ZRG1-IIDA (4, 7%); ZAI1-KGH (3, 5%); ZRG1-IDIB (2, 4%)",R01 (21); U01 (14); R21 (8); U19 (5); P01 (3); UM1 (3)
Tammara L Jenkins,NICHD,57,2026,"CHHD-A (8, 14%); SAT (4, 7%); ICSC (3, 5%); CHHD-M (3, 5%); CIDH (2, 4%)","ZHD1-SRC (12, 21%); ZHD1-DSR (4, 7%); ZRG1-HSS (4, 7%); ZRG1-SBIB (2, 4%); ZRG1-BP (2, 4%)",R01 (20); K23 (13); RL1 (12); R21 (4); T32 (2); U24 (1)
Anu Sharman,NCI,56,2026,"BMCD (6, 11%); CG (1, 2%)","ZCA1-SRB (14, 25%); ZCA1-PCRB (11, 20%); ZRG1-OBT (5, 9%); ZCA1-RTRB (5, 9%); ZRG1-SCIL (5, 9%)",R03 (18); R13 (16); R50 (9); R01 (7); R37 (3); R21 (3)
David Wesley Schopfer,NHLBI,56,2025,"AVI (7, 12%); CCHS (3, 5%); AICS (2, 4%); GHD (2, 4%); IVPP (2, 4%)","ZHL1-CSR (30, 54%); ZRG1-VH (1, 2%); ZRG1-MCST (1, 2%); ZRG1-ISB (1, 2%); ZRG1-HSS (1, 2%)",R01 (24); R38 (24); R03 (1); U01 (1); K38 (1); U24 (1)
Hannah Ruth Dueck,NCI,56,2026,"NCI-I (2, 4%); CG (2, 4%); BDMA (2, 4%); MCTA (2, 4%); CSB (1, 2%)","ZCA1-TCRB (13, 23%); ZCA1-RTRB (9, 16%); ZCA1-GRB (4, 7%); ZRG1-BTC (4, 7%); ZCA1 (3, 5%)",R01 (15); U01 (9); R33 (7); R61 (7); R35 (5); U54 (4)
Huiqing Li,NHLBI,56,2026,"MPPA (4, 7%); GHD (4, 7%); TAG (3, 5%); BBHV (3, 5%); CCHF (3, 5%)","ZRG1-IVBH (5, 9%); ZRG1-CDD (5, 9%); ZRG1-RCCS (3, 5%); ZRG1-MGG (3, 5%); ZRG1-BST (1, 2%)",R01 (46); R03 (3); R44 (2); R35 (1); R00 (1); R61 (1)
Jennifer Nicole Baumgartner,NCCIH,56,2026,"SIHH (2, 4%); ICSC (2, 4%); HSQE (1, 2%); LCBH (1, 2%)","ZAT1-JM (13, 23%); ZRG1-CCHI (7, 12%); ZAT1-PS (6, 11%); ZAT1-AM (6, 11%); ZAT1-BH (6, 11%)",R01 (12); K23 (11); R34 (10); K01 (8); T32 (6); F31 (3)
Jung Shin Byun,NCI,56,2026,"CBSS (8, 14%); MCDC (6, 11%); ISD (4, 7%); CMT (2, 4%); CONC (1, 2%)","ZCA1-TCRB (6, 11%); ZCA1-SRB (5, 9%); ZRG1-MCST (5, 9%); ZRG1-BTC (4, 7%); ZRG1-CDPT (2, 4%)",R01 (33); R21 (8); R33 (5); R61 (4); R37 (2); R50 (2)
Lakshmi Kumar Matukumalli,NIGMS,56,2026,"BMRD (5, 9%); ASPA (4, 7%); BDMA (3, 5%); GCAT (2, 4%); MRAA (1, 2%)","ZGM1-RCB (22, 39%); ZGM1 (8, 14%); ZRG1-MGG (5, 9%); ZRG1-MCST (4, 7%); ZRG1-CB (3, 5%)",P20 (16); R01 (14); R35 (13); R16 (8); P30 (4); UC2 (1)
Leigh Andrew Willis,NINR,56,2026,"HIBI (9, 16%); PPAH (5, 9%); NRRC(89) (4, 7%); NRRC (88) (3, 5%); NRRC (89) (3, 5%)","ZRG1-SCIL (8, 14%); ZNR1-REV (2, 4%); ZRG1-AARR (2, 4%); ZMD1-KNL (2, 4%); ZRG1-HSS (2, 4%)",R01 (28); F31 (13); R21 (6); R25 (3); K23 (2); K24 (2)
Liliana L Brown,NIAID,56,2026,"MID (19, 34%); MID-B (19, 34%); AITC (3, 5%); MSFA (1, 2%); DDR (1, 2%)","ZRG1-T07A (5, 9%); ZAI1-RK (3, 5%); ZRG1-IIDA (3, 5%); ZAI1-LG (2, 4%); ZAI1-VSR (2, 4%)",T32 (43); R01 (4); U24 (3); U19 (2); T35 (2); K23 (1)
Ming Zhao,NCI,56,2026,,"ZRG1-ISB (22, 39%); ZRG1-CTH (8, 14%); ZRG1-CDPT (7, 12%); ZRG1-SBIB (4, 7%); ZCA1-RPRB (3, 5%)",R44 (33); R42 (10); R43 (9); R41 (4)
Peter Gao,NIAAA,56,2026,"HBPP (13, 23%); AA-1 (8, 14%); DBDT (3, 5%); AA(AA)-1 (1, 2%); DNPD (1, 2%)","ZAA1-DD (20, 36%); ZRG1-DKUS (4, 7%); ZAA1-GG (1, 2%); ZRG1-CCHF (1, 2%); ZRG1-BBBT (1, 2%)",R01 (32); R21 (8); U01 (6); P50 (3); K23 (3); U44 (1)
Xujing Wang,NIDDK,56,2026,"BMDM (17, 30%); CADO (6, 11%); CSME (3, 5%); DDK-B (3, 5%); BDMA (1, 2%)","ZDK1-GRB (14, 25%); ZRG1-EMS (5, 9%); ZRG1-EMNR (1, 2%); ZRG1-T06A (1, 2%); ZRG1-KUDS (1, 2%)",R01 (35); U01 (9); U54 (2); R56 (2); K25 (2); DP1 (2)
Yuxia Cui,NIEHS,56,2026,"SIEE (3, 5%); SEDH (3, 5%); EDD (3, 5%); ASPB (3, 5%); BMRD (2, 4%)","ZES1-LWJ (8, 14%); ZRG1-F08 (2, 4%); ZES1-ARL (2, 4%); ZES1-BWD (1, 2%); ZRG1-IVBH (1, 2%)",R01 (26); R21 (8); F31 (4); R35 (3); K99 (3); U2C (3)
Alison Gwendolyn Mary Brown,NHLBI,55,2026,"MESH (7, 13%); SSPA (4, 7%); LHB (3, 5%); CIHB (3, 5%); SEDH (2, 4%)","ZHL1-CSR (5, 9%); ZRG1-IVBH (3, 5%); ZRG1-F16 (1, 2%); ZES1-LWJ (1, 2%); ZGM1-RCB (1, 2%)",R01 (31); R03 (4); R21 (3); F32 (2); R34 (2); K99 (2)
Bernard Joseph Dardzinski,NCI,55,2026,"IGIS (14, 25%); EITA (4, 7%); IPCA (4, 7%); CTIS (4, 7%); CBSS (2, 4%)","ZRG1-SBIB (10, 18%); ZRG1-ISB (5, 9%); ZRG1 (1, 2%); ZRG1-CTH (1, 2%); ZCA1-SRB (1, 2%)",R01 (52); R21 (2); R37 (1)
Catherine Mary Farrell,NLM,55,2026,"BLR (19, 35%); CIDH (2, 4%); BDMA (2, 4%); GCAT (2, 4%); ASPB (1, 2%)","ZRG1-BBBT (9, 16%); ZRG1-MCST (8, 15%); ZLM1-AS (3, 5%); ZLM1-LT (2, 4%); ZRG1-RCCS (1, 2%)",R01 (39); R50 (4); F31 (3); R21 (3); R03 (3); DP2 (1)
Elizabeth G Snyderwine,NCI,55,2025,"TPM (16, 29%); TME (8, 15%); TCB (7, 13%); TEHM (4, 7%); NCI-I (3, 5%)","ZRG1-OBT (3, 5%); ZRG1-BTC (1, 2%); ZCA1-RPRB (1, 2%)",R01 (46); R37 (5); R00 (3); R35 (1)
Kari Anne Johnson,NINDS,55,2026,,"ZNS1-SRB (45, 82%); ZMH1-ERB (8, 15%); ZNS1 (2, 4%); ZRG1-IFCN (2, 4%)",R00 (22); U01 (13); K99 (11); UM1 (5); R01 (2); U24 (2)
Katarzyna Bourcier,NCI,55,2026,"CIC (4, 7%); DT (3, 5%); CII (2, 4%); TIO (2, 4%); DBTD (1, 2%)","ZCA1-SRB (8, 15%); ZCA1-RTRB (6, 11%); ZCA1-TCRB (4, 7%); ZRG1-OTC (3, 5%); ZRG1-IMST (3, 5%)",R01 (27); R21 (16); R35 (2); R00 (2); U24 (1); R15 (1)
Miguel A Contreras,OD,55,2026,"TAG (3, 5%); DHMI (1, 2%); GCAT (1, 2%); MG (1, 2%); DEV1 (1, 2%)","ZRG1-MGG (13, 24%); ZRG1-BTC (10, 18%); ZRG1-GGG (7, 13%); ZRG1-CDB (4, 7%); ZRG1-MCST (3, 5%)",R24 (23); R21 (10); P40 (7); R44 (5); R13 (5); R01 (2)
Rosemary G McKaig,NIAID,55,2026,"PPAH (17, 31%); AIDS (10, 18%); HCCS (3, 5%)","ZAI1-JBS (8, 15%); ZAI1-RCU (3, 5%); ZRG1-SCIL (3, 5%); ZAI1-CD (2, 4%); ZAI1-CB (2, 4%)",R01 (25); U01 (9); K24 (4); R24 (3); K01 (3); T32 (2)
Valerie Maholmes,NICHD,55,2026,"CHHD-M (6, 11%); PDRP (5, 9%); SAT (3, 5%); SPIP (2, 4%); MESH (2, 4%)","ZHD1-DSR (6, 11%); ZRG1-HSS (3, 5%); ZRG1-F18 (2, 4%); ZRG1-F01A (1, 2%); ZRG1-F16 (1, 2%)",R01 (23); R21 (11); F31 (4); K23 (4); P50 (2); K99 (2)
Yanli Wang,NLM,55,2026,"BLR (7, 13%); CDMA (4, 7%); BDMA (3, 5%)","ZLM1-ZH (12, 22%); ZRG1-MCST (6, 11%); ZRG1-HSS (5, 9%); ZLM1-AS (4, 7%); ZRG1-BBBT (4, 7%)",R01 (31); R25 (12); R03 (4); R21 (3); K99 (2); R50 (2)
Dionne Godette,NINR,54,2026,"LCBH (5, 9%); ODHS (3, 6%); BMHO (3, 6%); CIHB (2, 4%); HPC (2, 4%)","ZRG1-SCIL (8, 15%); ZNR1-REV (4, 7%); ZAG1-SRC (2, 4%); ZMD1-KNL (2, 4%); ZRG1-HDM (2, 4%)",R01 (37); F31 (6); R21 (5); U01 (3); R25 (1); K23 (1)
Helena Hyesook Ahn,NICHD,54,2026,"CHHD-R (9, 17%); ICER (5, 9%); BMHO (3, 6%); NPI (2, 4%); CHHD-K (1, 2%)","ZRG1-CCHI (4, 7%); ZRG1-F06 (4, 7%); ZRG1-NV (3, 6%); ZRG1-F06A (3, 6%); ZRG1-IFCN (2, 4%)",R01 (18); K99 (5); F31 (5); R21 (5); R43 (4); F30 (3)
Li Lin,NIAAA,54,2026,"AA-1 (5, 9%); HBPP (5, 9%); HCCS (3, 6%); SAT (2, 4%); CCHS (2, 4%)","ZAA1-GG (6, 11%); ZAA1-DD (5, 9%); ZRG1-KUDS (2, 4%); ZRG1-CCHI (2, 4%); ZRG1-F17A (1, 2%)",R01 (24); F31 (5); R21 (5); F30 (3); K08 (3); K01 (2)
Margaret Grisius,NIDCR,54,2026,"ODCS (24, 44%); DSR (2, 4%); LCOM (1, 2%); NPI (1, 2%); CTIS (1, 2%)","ZRG1-MSOS (6, 11%); ZDE1-YM (5, 9%); ZRG1-MOSS (3, 6%); ZRG1-EMNR (1, 2%); ZRG1-SBIB (1, 2%)",R01 (30); R21 (7); R56 (5); R03 (5); U01 (3); R44 (1)
Margaret M Mooney,NCI,54,2026,,"ZRG1-CDPT (44, 81%); ZCA1-RPRB (31, 57%); ZCA1-GRB (17, 31%); ZCA1 (5, 9%)",UG1 (42); U10 (11); U24 (1)
Monique Adrianne Pond,NCI,54,2026,,"ZRG1-CTH (9, 17%); ZRG1-CDPT (9, 17%); ZRG1-ISB (6, 11%); ZCA1-TCRB (5, 9%); ZRG1-BBBT (4, 7%)",R44 (31); R43 (10); R42 (7); R41 (4); SB1 (2)
Richard K Kwok,NIA,54,2026,"SEDH (10, 19%); NAME (6, 11%); NMBH (6, 11%); AIMR (3, 6%); ASPB (2, 4%)","ZRG1-PSE (7, 13%); ZRG1-SCIL (3, 6%); ZRG1-EPH (2, 4%); ZRG1-BDCN (1, 2%); ZES1-LWJ (1, 2%)",R01 (42); R03 (3); R21 (3); R13 (3); P20 (1); RF1 (1)
Songtao Liu,NHLBI,54,2026,"BTSS (12, 22%); ISD (2, 4%); MPPB (1, 2%); CIDH (1, 2%); CDMA (1, 2%)","ZHL1-CSR (12, 22%); ZRG1-ISB (8, 15%); ZRG1-MCST (5, 9%); ZRG1-IVBH (3, 6%); ZRG1-BBBT (1, 2%)",R01 (28); R61 (6); R43 (4); UM1 (4); SB1 (4); R44 (3)
Sung Sug Yoon,NLM,54,2026,"BLR (11, 20%); CDMA (2, 4%); CIDH (2, 4%); NRRC(81) (1, 2%); ASPB (1, 2%)","ZLM1-ZH (14, 26%); ZLM1-JL (5, 9%); ZRG1-HSS (5, 9%); ZLM1-YW (3, 6%); ZRG1-F16 (3, 6%)",R01 (27); UG4 (7); G13 (7); F31 (4); U24 (2); G08 (2)
Cinnamon Anne Dixon,NICHD,53,2026,"CHHD-A (9, 17%); HPC (4, 8%); CHHD-M (4, 8%); HCMF (2, 4%); ODHS (2, 4%)","ZRG1-HSS (3, 6%); ZRG1-SCIL (3, 6%); ZRG1-F18 (2, 4%); ZRG1-CCHI (2, 4%); ZHD1-DSR (2, 4%)",R01 (22); K23 (10); R21 (4); R03 (3); F31 (2); R43 (2)
Da-Yu Wu,NIDA,53,2026,"DBD (7, 13%); PMDA (4, 8%); MCNP (4, 8%); HCCS (2, 4%); BRLE (2, 4%)","ZDA1-GXM (10, 19%); ZDA1-IXR (5, 9%); ZDA1-SKP (3, 6%); ZRG1-MDCN (2, 4%); ZDA1 (2, 4%)",R01 (37); R21 (4); R13 (2); DP1 (2); U01 (2); R37 (2)
David Bruce Braudt,NIA,53,2026,"SSPA (10, 19%); SSPB (9, 17%); AIMR (3, 6%); SPIP (3, 6%); SEDH (3, 6%)","ZAG1-ZIJ (7, 13%); ZRG1-SBIB (3, 6%); ZRG1-AN (3, 6%); ZRG1-PSE (3, 6%); ZRG1-SCIL (3, 6%)",R01 (34); R21 (3); P30 (3); R24 (2); R03 (2); K01 (2)
Diane M Reid,NHLBI,53,2026,"IVPP (5, 9%); CICS (4, 8%); CCHS (3, 6%); BTSS (3, 6%); VCMB (3, 6%)","ZHL1-CSR (8, 15%); ZRG1-IVBH (3, 6%); ZRG1-TDPS (1, 2%); ZRG1-CVRS (1, 2%); ZRG1-PSE (1, 2%)",R01 (32); U24 (3); UG3 (3); UH3 (3); R35 (2); R33 (2)
Karen Marie McNamara,NINR,53,2026,"ICSC (4, 8%); HHD (3, 6%); CIDH (3, 6%); HPC (3, 6%); ODHS (3, 6%)","ZRG1-HSS (12, 23%); ZNR1-REV (6, 11%); ZRG1-SCIL (3, 6%); ZRG1-VH (1, 2%); ZRG1-CCHI (1, 2%)",R01 (39); F31 (6); R21 (5); R34 (2); K01 (1)
Lisa Chadwick,NHGRI,53,2026,"GCAT (12, 23%); GNOM-G (5, 9%); MG (1, 2%); GVE (1, 2%); BDMA (1, 2%)","ZHG1-HGR (23, 43%); ZRG1-BP (1, 2%); ZHG1 (1, 2%); ZRG1-IMST (1, 2%); ZRG1-CVRS (1, 2%)",R01 (24); U24 (6); R35 (5); U01 (5); UM1 (3); R21 (2)
Lisa Postow,NHLBI,53,2026,"EDD (6, 11%); CLTR(MA) (4, 8%); MPOR(OA) (3, 6%); IRAP (3, 6%); LIRR (2, 4%)","ZRG1-CB (4, 8%); ZHL1-CSR (4, 8%); ZRG1-ICN (3, 6%); ZRG1-KUDS (3, 6%); ZRG1-F10A (2, 4%)",R01 (29); U01 (5); K24 (3); U24 (2); UH3 (2); R21 (2)
Madelyn Reyes,NHLBI,53,2025,"MCBS(OA) (5, 9%); MCBS(MA) (5, 9%); MPOR(OA) (4, 8%); NITM(OA) (4, 8%); MCBS(JA) (3, 6%)","ZHL1-CSR (11, 21%); ZRG1-F10A (4, 8%); ZRG1-F07A (1, 2%); ZRG1-F05 (1, 2%); ZRG1-F06 (1, 2%)",K08 (14); T32 (9); K01 (6); F31 (6); K24 (5); K23 (5)
Maria Nurminskaya,NICHD,53,2026,"MRS (12, 23%); BNVT (2, 4%); MFSR (2, 4%); SPIP (1, 2%); LCBH (1, 2%)","ZRG1-MSOS (10, 19%); ZRG1-F10B (8, 15%); ZHD1-DSR (4, 8%); ZRG1-BP (2, 4%); ZRG1-VH (1, 2%)",R01 (20); R44 (6); F32 (6); R03 (5); F31 (3); R21 (3)
Raymond D Harris,NCI,53,2026,"CIC (5, 9%); TIO (4, 8%); GDD (3, 6%); CNBT (2, 4%); ATA (2, 4%)","ZCA1-SRB (8, 15%); ZCA1-RTRB (2, 4%); ZCA1-TCRB (2, 4%); ZRG1-OTC (2, 4%); ZRG1-IMST (2, 4%)",R01 (35); R21 (12); R03 (3); R35 (2); R00 (1)
Rubin Sam Baskir,NIGMS,53,2026,,"ZGM1-RCB (51, 96%); ZGM1 (7, 13%); ZRG1-MSOS (1, 2%); ZRG1-CDB (1, 2%)",R16 (29); P20 (17); P30 (6); U24 (1)
Sandra Jeanne Hewett,NINDS,53,2025,"BINP (8, 15%); ANIE (5, 9%); NOMD (3, 6%); NST-1 (2, 4%); IVPP (2, 4%)","ZNS1-SRB (8, 15%); ZRG1-MDCN (5, 9%); ZRG1-BN (2, 4%); ZRG1-F01A (2, 4%); ZRG1-NV (1, 2%)",R01 (30); U01 (5); R21 (5); F31 (5); K08 (2); F32 (1)
Shannon Gwin Mitchell,NIDA,53,2026,"IPTA (8, 15%); LHB (6, 11%); HPC (4, 8%); ARM (4, 8%); PDRP (3, 6%)","ZDA1-SKP (6, 11%); ZRG1-RPHB (3, 6%); ZDA1-TXT (3, 6%); ZRG1-HSS (2, 4%); ZRG1-F16 (1, 2%)",R01 (21); K23 (7); K01 (7); R21 (5); R61 (4); R33 (4)
Antoinette Lois Percy-Laurry,NIA,52,2026,"AIMR (8, 15%); AGCD-4 (4, 8%); APDA (4, 8%); NMBH (4, 8%); CNN (3, 6%)","ZRG1-PSE (6, 12%); ZRG1-BDCN (4, 8%); ZRG1-BBBP (2, 4%); ZAG1-ZIJ (2, 4%); ZRG1-EPH (2, 4%)",R01 (41); R13 (4); R56 (2); UG3 (2); U01 (1); RF1 (1)
Boklye Kim,NCI,52,2026,"EITA (9, 17%); CTIS (4, 8%); IGIS (2, 4%); CDMA (2, 4%); CMIP (1, 2%)","ZRG1-SBIB (10, 19%); ZCA1-TCRB (6, 12%); ZCA1-SRB (4, 8%); ZCA1-RTRB (3, 6%); ZRG1-ISB (3, 6%)",R01 (34); U24 (5); R21 (4); R37 (4); U01 (3); P01 (1)
Candice Price,NHLBI,52,2026,"MCBS(MA) (7, 13%); MCBS(JA) (5, 10%); MCBS (OA) (3, 6%); CHSB (3, 6%); CRD (3, 6%)","ZRG1-IVBH (6, 12%); ZHL1-CSR (3, 6%); ZRG1-EMS (2, 4%); ZRG1-RCCS (2, 4%); ZRG1-EPH (2, 4%)",K01 (23); R01 (12); T32 (4); K23 (4); K99 (3); R03 (2)
Deborah Elizabeth Linares,NIMHD,52,2026,"HHD (3, 6%); HPC (3, 6%); SEDH (2, 4%); MESH (2, 4%); LHB (1, 2%)","ZMD1-DRI (9, 17%); ZRG1-SCIL (4, 8%); ZMD1-MLS (3, 6%); ZMD1-IN (3, 6%); ZRG1-VH (2, 4%)",R01 (23); R21 (6); P50 (3); K99 (3); K01 (3); K23 (3)
Emily Diane Hooker,NIA,52,2026,"MESH (10, 19%); SPIP (8, 15%); AGCD-2 (4, 8%); NMBH (3, 6%); NIA-S (3, 6%)","ZRG1-SCIL (5, 10%); ZAG1-ZIJ (2, 4%); ZRG1-PSE (2, 4%); ZRG1-AN (2, 4%); ZAT1-JM (1, 2%)",R01 (28); K01 (6); RF1 (6); R03 (3); R37 (2); U24 (1)
Emily Tinsley,NHLBI,52,2026,"CCHS (10, 19%); CICS (6, 12%); TDPS (2, 4%); CRD (2, 4%); CDMA (1, 2%)","ZHL1-CSR (10, 19%); ZRG1-RCCS (3, 6%); ZRG1-IVBH (2, 4%); ZRG1-ISB (1, 2%); ZRG1-NV (1, 2%)",R01 (34); U01 (6); R44 (3); R33 (2); R21 (2); R13 (1)
Julia Susan Seay,NINR,52,2026,"ICSC (4, 8%); BMHO (3, 6%); SSPB (2, 4%); NRRC(84) (2, 4%); NRRC (89) (2, 4%)","ZNR1-REV (10, 19%); ZRG1-CCHI (3, 6%); ZRG1-BP (3, 6%); ZRG1-HSS (3, 6%); ZRG1-IFCN (1, 2%)",R01 (32); F31 (6); U01 (3); R21 (3); R25 (2); K23 (2)
Karen Kehl,NINR,52,2026,"CMGC (5, 10%); ICSC (4, 8%); NRCS (3, 6%); NRRC(85) (1, 2%); BCHI (1, 2%)","ZNR1-REV (8, 15%); ZRG1-HSS (5, 10%); ZRG1-SCIL (3, 6%); ZRG1-RPHB (2, 4%); ZNS1-SRB (2, 4%)",R01 (22); T32 (8); R44 (5); R21 (5); UH3 (3); R41 (3)
Karlie Roxanne Sharma,NCATS,52,2026,"MNG (1, 2%); TAG (1, 2%); DEV2 (1, 2%); HBPP (1, 2%); BCO (1, 2%)","ZTR1-RD (22, 42%); ZRG1-MBBC (9, 17%); ZRG1-BBBT (3, 6%); ZTR1-CG (2, 4%); ZRG1-CDB (2, 4%)",R03 (33); R21 (7); R44 (4); R43 (3); R13 (3); R41 (2)
Lanier Adryenne Heyburn,NINDS,52,2026,"BINP (19, 37%); ANIE (10, 19%); IVPP (3, 6%); NMBH (2, 4%); BTSS (2, 4%)","ZNS1-SRB (2, 4%); ZRG1-PSE (1, 2%); ZRG1-ANIE (1, 2%); ZRG1-CN (1, 2%); ZRG1-MGG (1, 2%)",R01 (38); R21 (9); RF1 (1); U01 (1); K99 (1); R03 (1)
Lesly Samedy Bates,NICHD,52,2026,"CHHD-A (3, 6%); ATB (2, 4%); PN (1, 2%); DBDT (1, 2%); SAT (1, 2%)","ZHD1-DSR (19, 37%); ZRG1-EMNR (9, 17%); ZRG1-MCST (5, 10%); ZRG1-KUDS (3, 6%); ZRG1-F10C (1, 2%)",R01 (18); T32 (9); K23 (7); UC2 (4); R21 (3); K12 (2)
Matthew V Rudorfer,NIMH,52,2026,"EMHI (3, 6%); NMBH (1, 2%); SERV (1, 2%); NPAS (1, 2%)","ZMH1-ERB (25, 48%); ZRG1-BP (6, 12%); ZRG1-BDCN (5, 10%); ZRG1-BBBP (5, 10%); ZRG1-CN (3, 6%)",R01 (42); R34 (4); P50 (3); UF1 (1); R03 (1); P01 (1)
Priscah Mujuru,NIMHD,52,2026,"HHD (4, 8%); HDEP (3, 6%); SPIP (3, 6%); ODHS (2, 4%); CIHB (2, 4%)","ZMD1-DRI (8, 15%); ZMD1-XLN (2, 4%); ZRG1-RPHB (2, 4%); ZRG1-F18 (1, 2%); ZRG1-IFCN (1, 2%)",R01 (28); K01 (6); R21 (5); K23 (4); R33 (2); F32 (1)
Robin E Huebner,NIAID,52,2026,"AIDS (13, 25%); PPAH (11, 21%); HCAC (6, 12%); HCCS (3, 6%); HVCD (2, 4%)","ZAI1-PP (5, 10%); ZRG1-AARR (2, 4%); ZRG1-F17B (2, 4%); ZAI1-RCU (1, 2%); ZAI1-KSW (1, 2%)",R01 (23); K23 (6); K24 (6); K01 (4); UG3 (3); R21 (3)
Benyam Hailu,NHLBI,51,2026,"MPOR (JA) (4, 8%); HTBT (4, 8%); HSQE (4, 8%); MPOR(JA) (4, 8%); MTI (OA) (2, 4%)","ZHL1-CSR (6, 12%); ZRG1-IVBH (3, 6%); ZRG1-HSS (2, 4%); ZRG1-CCHI (2, 4%); ZRG1-ETTN (1, 2%)",R01 (22); K23 (8); R44 (5); R21 (2); U01 (2); K99 (2)
Bradley Townsend Kerridge,NIAAA,51,2026,"AA-2 (11, 22%); IPTA (9, 18%); SPIP (4, 8%); ARM (4, 8%); AA-3 (2, 4%)","ZAA1-GG (10, 20%); ZRG1-CCHI (3, 6%); ZRG1-SCIL (2, 4%); ZRG1-F17B (1, 2%); ZAA1-DD (1, 2%)",R01 (15); F31 (11); R34 (7); R21 (6); K99 (3); R15 (3)
Camille Fabiyi,NICHD,51,2026,"ATB (7, 14%); ICER (3, 6%); PN (3, 6%); HSQE (2, 4%); SIHH (2, 4%)","ZRG1-HSS (4, 8%); ZRG1-EMNR (4, 8%); ZRG1-MCST (3, 6%); ZRG1-CTH (3, 6%); ZRG1-F18 (2, 4%)",R01 (28); R21 (7); U54 (3); R41 (2); R56 (2); K23 (2)
Darayash B Tata,NCI,51,2026,"IGIS (11, 22%); EITA (6, 12%); IPCA (3, 6%); CTIS (2, 4%); ITD (2, 4%)","ZCA1-SRB (7, 14%); ZRG1-ISB (6, 12%); ZRG1-SBIB (4, 8%); ZCA1-TCRB (3, 6%); ZRG1-CTH (3, 6%)",R01 (29); R21 (11); UH3 (4); R37 (3); R50 (2); U01 (1)
Gary Murray,NIAAA,51,2026,"HBPP (11, 22%); XNDA (7, 14%); NAL (6, 12%); AA-1 (6, 12%); CE (1, 2%)","ZAA1-DD (5, 10%); ZAA1-GG (3, 6%); ZRG1-IFCN (2, 4%); ZRG1-KUDS (2, 4%); ZAA1 (1, 2%)",R01 (28); R21 (6); F31 (3); P50 (2); R24 (2); R44 (2)
George Sopko,NHLBI,51,2026,"TDPS (5, 10%); MPPB (5, 10%); SAT (4, 8%); CCHS (4, 8%); CICS (4, 8%)","ZRG1-TDPS (5, 10%); ZHL1-CSR (3, 6%); ZRG1-IVBH (2, 4%); ZRG1-CVRS (1, 2%); ZRG1-IIDB (1, 2%)",R01 (36); U24 (2); UH3 (2); R43 (2); R13 (2); R35 (1)
Ian Curtis Nova,NHGRI,51,2026,"GCAT (5, 10%); GNOM-G (2, 4%); BDMA (2, 4%)","ZRG1-MCST (25, 49%); ZHG1-HGR (14, 27%); ZRG1-MGG (3, 6%); ZRG1-CDPT (1, 2%); ZHG1 (1, 2%)",R01 (15); R43 (13); R44 (10); R41 (6); R21 (3); RM1 (2)
Kelly Filipski,NCI,51,2026,"CHSA (8, 16%); CONC (3, 6%); CHSB (3, 6%); ICSC (3, 6%); ODHS (2, 4%)","ZCA1-TCRB (10, 20%); ZCA1-RPRB (4, 8%); ZCA1-SRB (2, 4%); ZRG1-BMCD (1, 2%); ZCA1-RTRB (1, 2%)",R01 (29); U01 (8); R37 (5); P01 (4); R21 (2); U24 (1)
Tiziana Paola Cogliati,NIA,51,2026,"CMAD (7, 14%); HTBT (2, 4%); AGCD-1 (2, 4%); BBHV (2, 4%); MTE (1, 2%)","ZAG1-ZIJ (10, 20%); ZRG1-MCST (9, 18%); ZRG1-CDB (5, 10%); ZRG1-RCCS (2, 4%); ZTR1-TC (2, 4%)",R01 (17); R21 (13); U01 (4); DP2 (2); UG3 (2); U24 (1)
Xing-Jian Lou,NCI,51,2026,,"ZRG1-CDPT (27, 53%); ZRG1-CTH (4, 8%); ZRG1-MCST (4, 8%); ZRG1-ISB (3, 6%); ZRG1-IMST (2, 4%)",R44 (32); R43 (14); R41 (3); R42 (2)
Alexander Maxwell Talkovsky,NIMH,50,2026,"APDA (10, 20%); ALP (6, 12%); NPAS (3, 6%); PDRP (2, 4%); MESH (2, 4%)","ZMH1-ERB (11, 22%); ZRG1-BBBP (3, 6%); ZMD1-KNL (1, 2%); ZMH1-SRC (1, 2%); ZRG1-VH (1, 2%)",R01 (26); R33 (8); R15 (4); R21 (4); R61 (3); R03 (2)
Guillermo Marquez,NCI,50,2026,"MCDC (4, 8%); CP (3, 6%); CBSS (2, 4%); BMBI (1, 2%); SBCA (1, 2%)","ZRG1-SBIB (12, 24%); ZCA1-SRB (8, 16%); ZCA1-TCRB (4, 8%); ZCA1-PCRB (4, 8%); ZCA1-RPRB (3, 6%)",R01 (28); U01 (6); U24 (5); R21 (3); R37 (3); U2C (2)
Jermont Chen,NIBIB,50,2026,"INN (8, 16%); NANO (7, 14%); GDD (3, 6%); BMBI (3, 6%); MABS (2, 4%)","ZRG1-BBBT (7, 14%); ZRG1-MCST (2, 4%); ZEB1-OSR (2, 4%); ZRG1-TIO (1, 2%); ZRG1-IMST (1, 2%)",R01 (26); R21 (17); R03 (2); R56 (2); P41 (1); U01 (1)
Kristie Lee Connolly,NIAID,50,2026,"VMD (5, 10%); BHI (4, 8%); DDR (3, 6%); VID (2, 4%); IMII (2, 4%)","ZRG1-DCAI (12, 24%); ZRG1-AIDC (3, 6%); ZRG1-F07A (2, 4%); ZRG1-IIDB (2, 4%); ZRG1-MCST (1, 2%)",R01 (23); R21 (9); R44 (6); R43 (4); K08 (1); SB1 (1)
Kristina McLinden,NIA,50,2026,"ASG (5, 10%); CNN (3, 6%); EITN (2, 4%); CDBA (2, 4%); BMHO (1, 2%)","ZRG1-BBBP (12, 24%); ZAG1-ZIJ (8, 16%); ZRG1-ETTN (3, 6%); ZRG1-BDCN (2, 4%); ZRG1-NV (1, 2%)",R01 (39); RF1 (3); U24 (1); U01 (1); P01 (1); R33 (1)
Mary Marro Acri,NIMH,50,2026,"SERV (21, 42%); DIRH (2, 4%); ODHS (2, 4%); CPDD (2, 4%); HSQE (1, 2%)","ZMH1-ERB (11, 22%); ZRG1-HSS (5, 10%); ZRG1-MOSS (2, 4%); ZRG1-SCIL (2, 4%); ZRG1-HDM (1, 2%)",R01 (25); R34 (14); P50 (4); U01 (2); R21 (2); R03 (2)
Melissa M Ghim,NIDCR,50,2026,"NPI (13, 26%); SBSR (3, 6%); SPS (3, 6%); ODCS (2, 4%); DSR (1, 2%)","ZRG1-ICN (8, 16%); ZRG1-IFCN (4, 8%); ZRG1-MSOS (3, 6%); ZTR1-DPI (2, 4%); ZRG1-NV (2, 4%)",R01 (31); R21 (7); R03 (5); R56 (2); R35 (1); U54 (1)
Mohammed Akbar,NIAAA,50,2026,"NAL (17, 34%); AA-4 (10, 20%); ARM (4, 8%); AA-1 (1, 2%); AA-2 (1, 2%)","ZAA1-GG (5, 10%); ZRG1-IFCN (2, 4%); ZRG1-ICN (2, 4%); ZAA1-CC (1, 2%); ZRG1-BBBP (1, 2%)",R01 (24); R21 (7); F31 (6); K01 (4); F32 (3); K23 (2)
Moria Fisher Bittmann,NIBIB,50,2026,"BTSS (15, 30%); MRS (6, 12%); IGIS (4, 8%); BNVT (3, 6%); ISD (1, 2%)","ZEB1-OSR (5, 10%); ZRG1-NV (3, 6%); ZRG1-IVBH (3, 6%); ZRG1-SBIB (2, 4%); ZRG1-BBBT (2, 4%)",R01 (24); R21 (18); R18 (5); R03 (1); U01 (1); DP2 (1)
Peter Daniel Murray,NCCIH,50,2026,"BMHO (1, 2%)","ZRG1-CCHI (10, 20%); ZAT1-MH (6, 12%); ZAT1-SUP (6, 12%); ZAT1-PS (5, 10%); ZAT1-JM (5, 10%)",R01 (12); R34 (10); K23 (7); UG3 (3); R33 (3); K24 (2)
Sige Zou,OD,50,2026,"GVE (2, 4%); GCAT (2, 4%); ICER (1, 2%); RTB (1, 2%); CMT (1, 2%)","ZRG1-MGG (12, 24%); ZRG1-GGG (10, 20%); ZRG1-BTC (7, 14%); ZRG1-MCST (6, 12%); ZRG1-OTC1 (3, 6%)",R24 (21); R21 (11); P40 (7); R43 (3); R01 (3); R13 (3)
Wuhong Pei,NIGMS,50,2026,,"ZGM1-RCB (37, 74%); ZGM1 (9, 18%); ZRG1-MSOS (6, 12%); ZDK1-GRB (2, 4%); ZRG1-EMS (1, 2%)",P20 (19); R16 (15); R43 (6); R44 (5); P30 (3); U54 (1)
Xiang-Ning Li,OD,50,2026,"STOD (1, 2%)","ZRG1-DCAI (23, 46%); ZRG1-CDB (9, 18%); ZRG1-ISB (9, 18%); ZRG1-KUDS (4, 8%); ZRG1-MCST (2, 4%)",R24 (23); S10 (22); S15 (4); C06 (1)
Andrei L Kindzelski,NHLBI,49,2026,"HTBT (6, 12%); HLBP (2, 4%); MPOR(JA) (2, 4%); HT (2, 4%); CLTR(JA) (2, 4%)","ZHL1-CSR (18, 37%); ZRG1-IVBH (7, 14%); ZRG1-VH (2, 4%); ZRG1-CVRS (1, 2%); ZHL1-PPG (1, 2%)",R01 (21); R35 (11); P01 (4); R13 (4); K23 (3); UH3 (2)
Anissa F Brown,NIGMS,49,2026,"TWD-A (12, 24%); TWD-C (1, 2%); TWD-B (1, 2%); DDK-C (1, 2%); MSFC (1, 2%)","ZRG1-CB (16, 33%); ZRG1-CDB (6, 12%); ZGM1-TWD (5, 10%); ZGM1-TRN (4, 8%); ZRG1-MGG (2, 4%)",R25 (22); T32 (12); R13 (7); K99 (4); K12 (1); F32 (1)
Christopher Charles Lindsey,NICHD,49,2026,"CMIR (4, 8%); CHHD-R (3, 6%); ICER (3, 6%); ATB (3, 6%); CBP (2, 4%)","ZRG1-EMS (8, 16%); ZHD1-DSR (7, 14%); ZRG1-EMNR (4, 8%); ZRG1-MCST (3, 6%); ZRG1-F06 (1, 2%)",R01 (19); P50 (6); R21 (6); R44 (4); R61 (2); F31 (2)
Dan Xi,NCI,49,2026,"CPSS (11, 22%); NCI-I (3, 6%); CII (2, 4%); THI (2, 4%); CONC (2, 4%)","ZRG1-CDPT (4, 8%); ZCA1-TCRB (3, 6%); ZCA1-RTRB (3, 6%); ZCA1-SRB (3, 6%); ZRG1-SCIL (2, 4%)",R01 (21); R21 (14); R00 (6); R03 (3); R13 (3); U01 (1)
Elena Fazio,NIA,49,2026,"CMGC (4, 8%); NIA-S (4, 8%); ODHS (3, 6%); AGCD-3 (3, 6%); AGCD-2 (2, 4%)","ZAG1-ZIJ (15, 31%); ZRG1-HSS (8, 16%); ZRG1-SCIL (3, 6%); ZAG1 (1, 2%); ZRG1-CCHI (1, 2%)",R01 (22); RF1 (4); K23 (4); K01 (3); R21 (2); R03 (2)
Fernando Roman Fernandez,NIMH,49,2026,"NMB (13, 27%); LMDN (9, 18%); PMDA (4, 8%); BRLE (4, 8%); SMN (1, 2%)","ZRG1-ICN (4, 8%); ZMH1-ERB (2, 4%); ZRG1-BCMB (1, 2%); ZRG1-IFCN (1, 2%); ZRG1-NV (1, 2%)",R01 (34); R21 (4); RF1 (4); DP1 (2); DP2 (2); R56 (1)
Jane Ye,NHLBI,49,2026,"CRD (5, 10%); CDMA (4, 8%); ASPA (3, 6%); MTI (JA) (3, 6%); CIDH (3, 6%)","ZRG1-F10A (3, 6%); ZHL1-CSR (3, 6%); ZRG1-HSS (2, 4%); ZRG1-RCCS (2, 4%); ZRG1-MCST (1, 2%)",R01 (22); R21 (6); K08 (5); K25 (4); K23 (4); K01 (3)
Jessica Irene Tilghman,NIMH,49,2026,"NPAS (8, 16%); BNVT (3, 6%); EITN (2, 4%); HCMF (2, 4%); APDA (1, 2%)","ZMH1-ERB (15, 31%); ZRG1-NV (6, 12%); ZRG1-BBBP (4, 8%); ZRG1-ETTN (3, 6%); ZRG1-PSE (2, 4%)",R01 (31); R21 (8); R61 (8); U01 (1); R33 (1)
Laura Elizabeth Kwako,NIAAA,49,2026,"AA-3 (14, 29%); AA(03)-3 (3, 6%); AA-2 (3, 6%); IPTA (3, 6%); PPAH (2, 4%)","ZAA1-GG (6, 12%); ZAA1-DD (5, 10%); ZDA1-SXM (1, 2%); ZRG1-HDM (1, 2%); ZRG1-PSE (1, 2%)",R01 (22); R34 (8); K23 (3); F32 (2); K01 (2); K24 (2)
Maggie Jacob Nellissery,NIA,49,2026,"ASG (8, 16%); LCBH (5, 10%); CCHS (5, 10%); ICSC (3, 6%); CMGC (2, 4%)","ZAG1-ZIJ (4, 8%); ZRG1-BDCN (1, 2%); ZRG1-ASG (1, 2%); ZRG1-MOSS (1, 2%); ZRG1-RPHB (1, 2%)",R01 (40); K23 (2); R21 (2); K76 (2); U01 (1); K01 (1)
Maria Jamela R Revilleza,NIGMS,49,2026,,"ZGM1-RCB (45, 92%); ZGM1 (9, 18%); ZRG1-BDCN (1, 2%); ZRG1-BN (1, 2%); ZRG1-MSOS (1, 2%)",R16 (26); P20 (20); S06 (2); P30 (1)
Matthew R Young,NCI,49,2026,"CBSS (12, 24%); MCDC (5, 10%); CONC (2, 4%); IGIS (1, 2%); BMCD (1, 2%)","ZCA1-RPRB (8, 16%); ZCA1-SRB (5, 10%); ZCA1-PCRB (5, 10%); ZRG1-SBIB (2, 4%); ZRG1 (2, 4%)",R01 (27); U01 (15); R21 (4); R37 (2); U2C (1)
Michele Ferrante,NIMH,49,2026,"APDA (4, 8%); NPAS (3, 6%); ASPB (2, 4%); BCHI (2, 4%); CP (1, 2%)","ZMH1-ERB (11, 22%); ZRG1-EPH (6, 12%); ZRG1-BN (2, 4%); ZRG1-BDCN (2, 4%); ZRG1-BBBP (2, 4%)",R01 (39); R21 (3); UG3 (2); DP2 (1); U24 (1); RF1 (1)
Nancy L Di Fronzo,NHLBI,49,2026,"HTBT (3, 6%); HLBP (2, 4%); MCBS(JA) (2, 4%); HLBP(MA) (1, 2%); CG (1, 2%)","ZHL1-CSR (27, 55%); ZRG1-IVBH (2, 4%); ZRG1-IIDB (1, 2%); ZRG1-F07B (1, 2%); ZRG1-SCIL (1, 2%)",UG1 (19); R01 (12); P01 (3); R13 (3); U24 (2); R03 (2)
Swamy Krishna Tripurani,NCI,49,2026,,"ZRG1-CDPT (25, 51%); ZRG1-ISB (4, 8%); ZRG1-CTH (4, 8%); ZRG1-MCST (3, 6%); ZRG1-HSS (2, 4%)",R44 (29); R43 (13); R41 (5); R42 (2)
Beda Jean-Francois,NCCIH,48,2026,"HHD (1, 2%); ODHS (1, 2%)","ZRG1-CCHI (11, 23%); ZAT1-SUP (6, 12%); ZAT1-AM (5, 10%); ZAT1-MH (4, 8%); ZAT1-PS (3, 6%)",R34 (14); R01 (14); K23 (6); R33 (2); UH3 (2); K01 (2)
Goutham Reddy,NLM,48,2026,"BLR (16, 33%); CIDH (4, 8%); CDMA (4, 8%); BCHI (2, 4%); ASPA (2, 4%)","ZLM1-AS (5, 10%); ZRG1-HSS (5, 10%); ZRG1-IVBH (2, 4%); ZLM1-YW (1, 2%); ZRG1-VH (1, 2%)",R01 (35); K99 (4); R21 (4); DP1 (2); F31 (1); R56 (1)
Melissa Wanling Li,NCI,48,2026,,"ZRG1-CDPT (13, 27%); ZRG1-CTH (10, 21%); ZRG1-ISB (7, 15%); ZRG1-MCST (5, 10%); ZRG1-CCHI (3, 6%)",R44 (20); R43 (16); R41 (8); R42 (4)
Michael L Oshinsky,NINDS,48,2026,"NPI (22, 46%); MCNP (2, 4%); BNRS (2, 4%); SPS (2, 4%); BMHO (2, 4%)","ZNS1-SRB (3, 6%); ZRG1-F02B (2, 4%); ZRG1-ICN (2, 4%); ZTR1-DPI (1, 2%); ZRG1-IFCN (1, 2%)",R01 (28); R21 (5); K01 (3); F31 (2); K23 (2); RF1 (2)
Rihab R Yassin,NCI,48,2026,"BCO (5, 10%); GRIC (4, 8%); CG (4, 8%); MONC (4, 8%); TEHM (3, 6%)","ZCA1-RPRB (8, 17%); ZRG1-DKUS (4, 8%); ZRG1-BTC (2, 4%); ZCA1-SRB (2, 4%); ZRG1-OBT (1, 2%)",R01 (38); R37 (4); P01 (2); R35 (2); R56 (1); U24 (1)
Antonello Pileggi,NICHD,47,2026,"CHHD-A (2, 4%); ATB (2, 4%); NRCS (1, 2%); CHHD-K (1, 2%); DDR (1, 2%)","ZRG1-EMNR (13, 28%); ZRG1-MCST (7, 15%); ZHD1-DSR (4, 9%); ZRG1-RCCS (1, 2%); ZRG1-BBBT (1, 2%)",R01 (31); R44 (3); R21 (3); R03 (2); K23 (1); T32 (1)
Craig Maurice Hales,NIDDK,47,2026,"LCBH (18, 38%); PRDP (4, 9%); BMHO (4, 9%); CMGC (4, 9%); HSDO (3, 6%)","ZRG1-CCHI (4, 9%); ZDK1-GRB (2, 4%); ZRG1-HDM (1, 2%); ZRG1-SCIL (1, 2%); ZRG1-PRDP (1, 2%)",R01 (45); R18 (2)
Donald F Everett,NEI,47,2026,"ODHS (3, 6%); PED1 (2, 4%); PRID (1, 2%); CDMA (1, 2%); IRAP (1, 2%)","ZEY1-VSN (23, 49%); ZRG1-NV (4, 9%); ZRG1-ETTN (2, 4%); ZRG1-HSS (2, 4%); ZEY1 (1, 2%)",UG1 (18); R01 (14); R21 (11); U01 (2); R34 (1); R56 (1)
Irina Y Sazonova,NIA,47,2026,"ASG (5, 11%); NAME (3, 6%); HCCS (2, 4%); ACTS (2, 4%); CCHS (2, 4%)","ZAG1-ZIJ (16, 34%); ZRG1-CCHI (2, 4%); ZRG1-DKUS (2, 4%); ZRG1-DCAI (1, 2%); ZRG1-RPHB (1, 2%)",R01 (23); U01 (9); RF1 (4); R21 (3); R44 (2); K76 (2)
Nichole Marie Daringer,NIBIB,47,2026,"CMT (10, 21%); TAG (4, 9%); DBTD (3, 6%); MABS (3, 6%); NANO (2, 4%)","ZRG1-BBBT (7, 15%); ZRG1-MBBC (2, 4%); ZRG1-MGG (1, 2%); ZRG1-RCCS (1, 2%)",R01 (22); R21 (18); R15 (2); DP1 (2); R03 (1); R56 (1)
Nina Shen Hsu,NINDS,47,2026,,"ZRG1-F03A (14, 30%); ZRG1-F02B (10, 21%); ZRG1-F03C (6, 13%); ZRG1-F03B (4, 9%); ZRG1-F01B (4, 9%)",F31 (47)
Saul N Malozowski,NIDDK,47,2026,"CSME (8, 17%); SBDD (8, 17%); DDK-B (4, 9%); ICER (4, 9%); SBSR (2, 4%)","ZDK1-GRB (5, 11%); ZRG1-EMNR (3, 6%); ZRG1-EMS (3, 6%); ZRG1-MOSS (1, 2%); ZRG1-MSOS (1, 2%)",R01 (38); K08 (3); U01 (2); RC2 (1); K01 (1); K23 (1)
Sofiya Hupalo,NIMH,47,2024,"PMDA (18, 38%); NMB (6, 13%); MNPS (5, 11%); DBD (2, 4%); CMBG (2, 4%)","ZMH1-ERB (3, 6%); ZRG1-MDCN (2, 4%); ZRG1-CN (2, 4%); ZRG1-BN (1, 2%); ZRG1-ICN (1, 2%)",R01 (36); R21 (6); R56 (2); R37 (1); UH3 (1); R00 (1)
Todd S Horowitz,NIA,47,2026,"SPIP (5, 11%); AGCD-2 (3, 6%); HCMF (2, 4%); NIA-S (2, 4%); NCI-I (1, 2%)","ZAG1-ZIJ (11, 23%); ZRG1-SCIL (5, 11%); ZRG1-HSS (3, 6%); ZRG1-MCST (2, 4%); ZRG1-IVBH (2, 4%)",R01 (13); K01 (5); R21 (4); R33 (4); RF1 (3); R00 (2)
Victor Lushin,NIMH,47,2026,"SERV (14, 30%); SIHH (4, 9%); HHD (3, 6%); BGES (2, 4%); EMHI (2, 4%)","ZMH1-ERB (9, 19%); ZRG1-SEIR (3, 6%); ZRG1-HSS (2, 4%); ZRG1-IVBH (1, 2%)",R01 (26); R34 (5); R21 (5); RF1 (5); P50 (4); P01 (2)
Alexander Arguello,NHGRI,46,2026,"GVE (8, 17%); GCAT (7, 15%); BDMA (5, 11%); GNOM-G (3, 7%); BMRD (1, 2%)","ZHG1-HGR (12, 26%); ZRG1-MGG (5, 11%); ZRG1-CDB (3, 7%); ZRG1-BCMB (1, 2%); ZRG1-EPH (1, 2%)",R01 (28); U24 (4); R15 (2); R21 (2); K99 (2); RM1 (1)
Brennan Parmelee Streck,NCI,46,2026,"BMHO (11, 24%); ICSC (3, 7%); CMGC (2, 4%); CMPC (2, 4%); BMIO (2, 4%)","ZRG1-CCHI (7, 15%); ZRG1-IFCN (3, 7%); ZCA1-SRB (3, 7%); ZCA1-TCRB (2, 4%); ZCA1-RPRB (2, 4%)",R01 (28); R21 (8); R34 (4); R33 (2); R37 (1); R03 (1)
Crystal Lynette Richards,NIGMS,46,2026,"BRLE (1, 2%)","ZGM1-RCB (19, 41%); ZRG1-HDM (11, 24%); ZRG1-BN (6, 13%); ZRG1-BDCN (4, 9%); ZGM1 (4, 9%)",S06 (21); R16 (14); P20 (10); U54 (1)
Martin P Playford,NHLBI,46,2026,"AVI (21, 46%); AICS (3, 7%); TDPS (2, 4%); HCCS (1, 2%); HTBT (1, 2%)","ZRG1-IVBH (4, 9%); ZHL1-CSR (4, 9%); ZRG1-VH (3, 7%); ZRG1-IIDB (1, 2%); ZRG1-MGG (1, 2%)",R01 (36); R13 (4); R15 (2); R35 (2); R44 (1); R21 (1)
Misrak Gezmu,NIAID,46,2026,"ASPB (10, 22%); PPAH (8, 17%); HVCD (3, 7%); BMRD (3, 7%); HCCS (2, 4%)","ZHL1-CSR (2, 4%); ZAI1-SB (1, 2%); ZRG1-BST (1, 2%); ZAI1-BLG (1, 2%); ZAI1-VSR (1, 2%)",R01 (22); R21 (10); U01 (2); R25 (2); R37 (2); K01 (2)
Sharon M Smith,NHLBI,46,2026,"MCBS(OA) (8, 17%); MCBS(JA) (5, 11%); MCBS (OA) (4, 9%); MCBS(MA) (4, 9%); CRD (3, 7%)","ZHL1-CSR (6, 13%); ZRG1-RCCS (3, 7%); ZRG1-IVBH (2, 4%); ZMD1-KNL (1, 2%); ZRG1-PSE (1, 2%)",K01 (25); R01 (10); K24 (4); K23 (4); K08 (2); R15 (1)
Utibe Ronald Bickham-Wright,NIMHD,46,2026,"CIHB (1, 2%); SPIP (1, 2%); CIDO (1, 2%); RPPH (1, 2%); HSDO (1, 2%)","ZMD1-DRI (7, 15%); ZMD1-MLS (6, 13%); ZRG1-IVBH (5, 11%); ZRG1-HSS (2, 4%); ZRG1-SBIB (2, 4%)",R01 (15); R25 (6); R21 (5); R43 (3); U54 (2); R00 (2)
Brigitte E Sanders,NIAID,45,2026,"HIVD (12, 27%); HVCD (10, 22%); HCCS (1, 2%)","ZAI1-JBS (5, 11%); ZRG1-F17A (3, 7%); ZRG1-DCAI (2, 4%); ZRG1-AARR (2, 4%); ZAI1-LAR (2, 4%)",R01 (17); R21 (4); R56 (4); R44 (4); R37 (3); F31 (3)
Ceferino H Obcemea,NCI,45,2026,"RTB (11, 24%); ITD (5, 11%); CDMA (2, 4%); IGIS (2, 4%); BCHI (1, 2%)","ZRG1-SBIB (7, 16%); ZRG1-CTH (5, 11%); ZCA1-TCRB (3, 7%); ZCA1-SRB (2, 4%); ZCA1-RPRB (2, 4%)",R01 (26); R37 (6); R03 (4); P01 (3); R21 (3); U01 (3)
Clayton Scott Bingham,NLM,45,2026,"BLR (8, 18%); BDMA (1, 2%); ASPB (1, 2%); CDMA (1, 2%)","ZLM1-LT (19, 42%); ZRG1-HSS (7, 16%); ZRG1-MCST (3, 7%); ZLM1-AS (2, 4%); ZRG1-F18 (1, 2%)",T15 (18); R01 (14); R44 (4); R43 (2); R41 (2); R42 (1)
Daniel J Frank,NHLBI,45,2026,"MPOR(OA) (8, 18%); CLTR(MA) (2, 4%); MPOR(MA) (2, 4%); CLTR (JA) (2, 4%); HTBT (2, 4%)","ZHL1-CSR (7, 16%); ZRG1-IVBH (2, 4%); ZRG1-RCCS (2, 4%); ZRG1-IIDB (1, 2%); ZRG1-BBBT (1, 2%)",R01 (13); K23 (11); U24 (3); UH3 (3); R44 (2); U01 (2)
Erin Michele King,NIMH,45,2026,"CPDD (11, 24%); MESH (9, 20%); PDRP (6, 13%); NPAS (4, 9%); EITN (2, 4%)","ZMH1-ERB (5, 11%); ZRG1-BP (3, 7%); ZMH1 (1, 2%); ZRG1-BBBP (1, 2%)",R01 (40); RF1 (3); R21 (1); UF1 (1)
Henry B Burch,NIDDK,45,2026,"CSME (7, 16%); DDK-B (7, 16%); DDK(M1)-1-B (2, 4%); LCBH (2, 4%); BMHO (2, 4%)","ZRG1-EMS (5, 11%); ZRG1-SCIL (4, 9%); ZDK1-GRB (2, 4%); ZRG1-HSS (2, 4%); ZRG1-CCHI (2, 4%)",R01 (29); K23 (4); K01 (4); R13 (4); R34 (1); K08 (1)
Jonathan W King,NIA,45,2026,"SSPA (3, 7%); NAME (3, 7%); SSPB (3, 7%); APDA (2, 4%); MESH (2, 4%)","ZAG1-ZIJ (4, 9%); ZRG1-RPHB (4, 9%); ZRG1-PSE (2, 4%); ZAT1-SM (2, 4%); ZRG1-BBBP (1, 2%)",R01 (29); R21 (5); R33 (3); RF1 (2); K01 (1); R25 (1)
Kari Rich Ashmont,NIBIB,45,2026,,"ZRG1-ISB (23, 51%); ZEB1-OSR (5, 11%); ZRG1-MCST (4, 9%); ZRG1-MSOS (3, 7%); ZRG1-BBBT (3, 7%)",R44 (15); R41 (15); R43 (14); R42 (1)
Kazuyo Kegan,NHLBI,45,2026,"MCBS(OA) (3, 7%); MPOR(OA) (3, 7%); MCBS(MA) (2, 4%); MPOR(JA) (2, 4%); MTI-P(MA) (2, 4%)","ZRG1-F10A (11, 24%); ZRG1-F10C (5, 11%); ZHL1-CSR (2, 4%); ZRG1-F08 (2, 4%); ZRG1-F04B (2, 4%)",F31 (10); F30 (8); K08 (7); F32 (5); K23 (5); K01 (3)
Sarah Elizabeth Morris,NIMH,45,2026,"APDA (8, 18%); NPAS (3, 7%); ALP (3, 7%); ASPB (2, 4%); CIDH (1, 2%)","ZMH1-ERB (12, 27%); ZRG1-BBBP (7, 16%); ZRG1-HSS (1, 2%); ZRG1-CN (1, 2%)",R01 (22); R21 (8); U01 (6); R61 (3); UF1 (3); R15 (2)
Steven Becker,NCI,45,2025,"CMT (7, 16%); BMBI (4, 9%); TME (4, 9%); DT (2, 4%); THI (2, 4%)","ZCA1-TCRB (9, 20%); ZCA1-SRB (4, 9%); ZRG1-BTC (2, 4%); ZRG1-MCST (1, 2%); ZRG1 (1, 2%)",R01 (30); U54 (4); R61 (4); R33 (3); R21 (2); R37 (2)
Tania Lombo Rodriguez,NIAID,45,2026,"HIVD (8, 18%); HCCS (4, 9%); AIDS (3, 7%); HCAC (3, 7%); HVCD (2, 4%)","ZRG1-IDM (4, 9%); ZRG1-AARR (4, 9%); ZAI1-DNV (3, 7%); ZAI1-JBS (2, 4%); ZRG1-IIDB (2, 4%)",R01 (25); R21 (5); R33 (3); UM1 (3); K08 (1); K24 (1)
Vidya Vedham,NIMH,45,2026,"SERV (3, 7%); HIBI (2, 4%); SIHH (1, 2%); DIRH (1, 2%); HDEP (1, 2%)","ZMH1-ERB (22, 49%); ZRG1-BDCN (4, 9%); ZRG1-CN (2, 4%); ZMH1 (1, 2%); ZRG1-BDA (1, 2%)",R01 (26); R34 (12); R21 (2); K01 (2); K23 (1); P50 (1)
Alexander Peter Runko,NIA,44,2026,"CDIN (7, 16%); DMPB (4, 9%); IPCA (4, 9%); DDNS (2, 5%); ITN (2, 5%)","ZRG1-AN (7, 16%); ZAG1-ZIJ (6, 14%); ZAG1 (2, 5%); ZRG1-BST (1, 2%); ZRG1-NV (1, 2%)",R21 (19); R01 (15); RF1 (2); R56 (2); U54 (2); R25 (1)
Anowarul Amin,NCI,44,2026,"MSFB (8, 18%); MSFC (4, 9%); MSFA (3, 7%); CBP (2, 5%); BBM (2, 5%)","ZCA1-TCRB (4, 9%); ZCA1-PCRB (1, 2%); ZRG1-MDCN (1, 2%); ZCA1-SRB (1, 2%); ZRG1-MBBC (1, 2%)",R01 (30); R15 (3); R37 (3); R61 (3); DP2 (2); R13 (1)
Brandy Heckman-Stoddard,NCI,44,2026,"CPSS (3, 7%); BMHO (3, 7%); ICSC (2, 5%); CIDH (1, 2%); IVPP (1, 2%)","ZCA1-SRB (14, 32%); ZCA1-GRB (7, 16%); ZRG1-CCHI (3, 7%); ZCA1 (2, 5%); ZCA1-RPRB (1, 2%)",UG1 (21); R01 (17); R13 (2); U34 (2); P01 (1); U01 (1)
Charlotte A Pratt,NHLBI,44,2026,"LCBH (3, 7%); KNOD (3, 7%); SSPT(JA) (2, 5%); NITM(JA) (2, 5%); NITM (OA) (2, 5%)","ZHL1-CSR (11, 25%); ZRG1-SCIL (2, 5%); ZRG1-CCHI (2, 5%); ZRG1-PSE (1, 2%); ZHL1 (1, 2%)",R01 (21); UH3 (7); T32 (5); R34 (4); R33 (3); R13 (2)
Jessica Carlene Forbes,NINDS,44,2026,,"ZRG1-NV (17, 39%); ZRG1-ETTN (6, 14%); ZRG1-BP (3, 7%); ZRG1-ISB (3, 7%); ZRG1-MSOS (2, 5%)",R44 (24); R41 (6); R43 (6); R42 (4); SB1 (3); UB1 (1)
Liam O'Fallon,NIEHS,44,2026,"CIHB (6, 14%); SEDH (2, 5%); SIHH (1, 2%); SSPB (1, 2%)","ZRG1-SEIR (9, 20%); ZES1-ARL (7, 16%); ZRG1-SCIL (6, 14%); ZES1-VSM (3, 7%); ZES1-LWJ (2, 5%)",R01 (29); R21 (4); R13 (4); K12 (3); F31 (2); K99 (1)
Miles Fabian,NIGMS,44,2024,"MRAB (11, 25%); MRAE (4, 9%); TWD-A (2, 5%); SBCB (2, 5%); BBM (1, 2%)","ZRG1-BCMB (9, 20%); ZRG1-CB (8, 18%); ZRG1-BBBT (2, 5%); ZRG1 (2, 5%); ZGM1-BBCB (1, 2%)",R35 (32); R01 (9); T32 (2); R24 (1)
Olga Nikolaevna Kovbasnjuk,NIGMS,44,2026,,"ZGM1-RCB (37, 84%); ZGM1 (6, 14%); ZMD1-XLN (2, 5%); ZRG1-CDB (2, 5%); ZRG1-BBBT (1, 2%)",R16 (20); P20 (17); P30 (5); UC2 (2)
Rafael Gorospe,NIDDK,44,2026,"HSDO (10, 23%); BMHO (5, 11%); DDK-B (4, 9%); MESH (4, 9%); CIDO (3, 7%)","ZDK1-GRB (3, 7%); ZRG1-CCHI (2, 5%); ZRG1-HSS (1, 2%); ZRG1-BDCN (1, 2%); ZDK1 (1, 2%)",R01 (35); R25 (3); K23 (3); K01 (1); R03 (1); K08 (1)
Renee Anne Rider,NHGRI,44,2026,"GNOM-G (6, 14%); GNOM(O1)-G (1, 2%)","ZHG1-HGR (31, 70%); ZRG1-HSS (3, 7%); ZHG1 (2, 5%); ZCA1-TCRB (1, 2%); ZRG1-SEIR (1, 2%)",R01 (12); R25 (11); U01 (10); R44 (2); R21 (2); K99 (1)
Shurjo Kumar Sen,NHGRI,44,2026,"GNOM-G (10, 23%); GCAT (9, 20%); BDMA (4, 9%); GNOM(O1)-G (1, 2%)","ZHG1-HGR (8, 18%); ZRG1-BBBT (7, 16%); ZRG1-IMST (3, 7%); ZRG1 (2, 5%); ZHG1-SRC (1, 2%)",R01 (18); R13 (5); UE5 (4); R25 (4); R03 (4); U54 (3)
Tracy King,NICHD,44,2026,"CHHD-M (5, 11%); CHHD-H (3, 7%); MESH (2, 5%); HSQE (2, 5%); PDRP (2, 5%)","ZHD1-DSR (5, 11%); ZRG1-HSS (4, 9%); ZRG1-F16 (2, 5%); ZRG1-RPHB (1, 2%); ZAT1-JM (1, 2%)",R01 (21); K23 (6); T32 (5); R15 (2); F32 (2); R13 (2)
Yicong Wu,NCI,44,2026,"IGIS (5, 11%); ITD (5, 11%); CTIS (3, 7%); EITA (3, 7%); IPCA (3, 7%)","ZRG1-SBIB (4, 9%); ZCA1-SRB (3, 7%); ZRG1-IMST (2, 5%); ZRG1-MCST (2, 5%); ZRG1-CTH (1, 2%)",R01 (33); R21 (5); R37 (3); R03 (2); R00 (1)
Arielle Samantha Gillman,NIMHD,43,2026,"SPIP (5, 12%); MESH (3, 7%); LCBH (2, 5%); HHD (1, 2%); CLHP (1, 2%)","ZRG1-CCHI (5, 12%); ZES1-LWJ (4, 9%); ZMD1-DRI (3, 7%); ZMD1-KNL (3, 7%); ZMD1-XLN (2, 5%)",R01 (21); P20 (5); R21 (3); K01 (2); U54 (2); R61 (2)
Danielle J Carlin,NIEHS,43,2026,"EDD (6, 14%); SIEE (5, 12%); RIBT (1, 2%); MSFA (1, 2%); DBDT (1, 2%)","ZES1-LKB (7, 16%); ZES1-LAT (7, 16%); ZES1-JAB (5, 12%); ZES1-LWJ (5, 12%); ZRG1-DKUS (2, 5%)",R01 (16); P42 (10); R25 (7); R21 (4); R35 (2); F30 (1)
Janani Prabhakar,NIDA,43,2025,"CPDD (2, 5%); ARM (2, 5%); PDRP (2, 5%); LHB (1, 2%); DBD (1, 2%)","ZRG1-PSE (26, 60%); ZRG1 (6, 14%); ZRG1-BP (4, 9%); ZDA1-SKP (2, 5%); ZDA1-BSW (1, 2%)",U01 (24); R01 (10); K08 (2); U24 (2); DP1 (2); K23 (1)
Jennifer L Humensky,NIMH,43,2026,"SERV (16, 37%); CPDD (3, 7%); ODHS (2, 5%); EMHI (1, 2%); SIHH (1, 2%)","ZMH1-ERB (12, 28%); ZRG1-HSS (4, 9%); ZRG1 (1, 2%); ZAG1-ZIJ (1, 2%); ZRG1-MOSS (1, 2%)",R01 (32); R34 (5); RF1 (4); U01 (2)
Julianne Doreen Twomey,NCI,43,2026,,"ZRG1-CDPT (15, 35%); ZCA1-TCRB (8, 19%); ZRG1-CTH (7, 16%); ZRG1-ISB (4, 9%); ZRG1-MCST (2, 5%)",R44 (19); R41 (14); R43 (7); R42 (3)
Kristin Burns,NHLBI,43,2026,"CHSB (3, 7%); CCHS (3, 7%); CLTR(MA) (2, 5%); BTSS (2, 5%); TDPS (2, 5%)","ZHL1-CSR (11, 26%); ZRG1-IVBH (3, 7%); ZRG1-MCST (2, 5%); ZRG1-MIM (1, 2%); ZRG1-EMS (1, 2%)",R01 (23); UH3 (3); R13 (3); U24 (3); R44 (3); SB1 (2)
Li Rebekah Feng,NIA,43,2026,"ASPA (5, 12%); ASG (4, 9%); AIMR (3, 7%); NMBH (3, 7%); BMRD (2, 5%)","ZRG1-PSE (3, 7%); ZRG1-AN (2, 5%); ZRG1-EPH (2, 5%); ZRG1-MCST (1, 2%); ZRG1 (1, 2%)",R01 (28); R21 (7); R03 (4); R15 (1); R44 (1); R56 (1)
Mary Rooney,NIMH,43,2026,"SERV (4, 9%); EMHI (3, 7%); SPIP (2, 5%); PDRP (2, 5%); MESH (1, 2%)","ZMH1-ERB (19, 44%); ZRG1-HDM (3, 7%); ZRG1-SCIL (3, 7%); ZRG1-HSS (2, 5%); ZRG1-PSE (1, 2%)",R01 (25); R34 (10); P50 (2); R15 (1); R33 (1); R37 (1)
Stacy Carrington-Lawrence,NIA,43,2026,"CMAD (5, 12%); TEHM (2, 5%); ASG (2, 5%); THI (2, 5%); TME (1, 2%)","ZAG1-ZIJ (7, 16%); ZCA1-SRB (7, 16%); ZCA1 (3, 7%); ZRG1-CVRS (1, 2%); ZRG1-CDB (1, 2%)",R01 (18); U01 (7); R21 (5); R61 (4); P01 (1); DP2 (1)
Ziya Kirkali,NIDDK,43,2026,"KUFD (14, 33%); KNOD (2, 5%); HIVD (1, 2%); CDMA (1, 2%); HSOD (1, 2%)","ZDK1-GRB (11, 26%); ZRG1-KUDS (8, 19%); ZRG1-DKUS (4, 9%); ZRG1-HSS (1, 2%)",R01 (30); U01 (8); RC2 (2); R21 (2); U24 (1)
Alexa Ruth Romberg,NIDA,42,2025,"HPC (5, 12%); IPTA (3, 7%); LHB (3, 7%); CIHB (2, 5%); SPIP (2, 5%)","ZRG1-RPHB (6, 14%); ZDA1-SKM (3, 7%); ZRG1-SCIL (2, 5%); ZRG1-HDM (2, 5%); ZRG1-HSS (1, 2%)",R01 (20); K01 (7); R34 (3); K99 (3); K23 (1); R36 (1)
Alexander H Tuttle,NCCIH,42,2026,"NIC (3, 7%); NPI (2, 5%); BBM (1, 2%); DNPD (1, 2%); BMDM (1, 2%)","ZAT1-SH (12, 29%); ZAT1-AM (4, 10%); ZAT1-SN (3, 7%); ZRG1-ICN (3, 7%); ZRG1-CN (2, 5%)",R01 (10); R33 (9); R21 (5); U24 (4); R61 (3); R15 (3)
Barbara Radziszewska,NIA,42,2026,"ICSC (6, 14%); ASG (3, 7%); BMHO (3, 7%); MRS (3, 7%); NIA-S (3, 7%)","ZAG1-ZIJ (5, 12%); ZRG1-HSS (3, 7%); ZRG1-AN (1, 2%); ZRG1-BBBP (1, 2%); ZRG1-BP (1, 2%)",R01 (28); K23 (5); R33 (3); R15 (1); K76 (1); K01 (1)
Hope Thomas Beier,NCI,42,2026,"CTIS (6, 14%); EITA (6, 14%); IGIS (4, 10%); ITD (2, 5%); DBTD (1, 2%)","ZRG1-SBIB (5, 12%); ZRG1-ISB (3, 7%); ZRG1-MCST (2, 5%); ZCA1-SRB (2, 5%); ZRG1-CTH (2, 5%)",R01 (34); R21 (6); R37 (2)
Jeffrey Buchsbaum,NCI,42,2026,"RTB (14, 33%); BTSS (1, 2%); IGIS (1, 2%); MCT1 (1, 2%); CII (1, 2%)","ZCA1-TCRB (5, 12%); ZCA1-SRB (4, 10%); ZRG1-ISB (2, 5%); ZRG1-OTC (2, 5%); ZRG1-SBIB (2, 5%)",R01 (29); R21 (4); R37 (4); P01 (3); U01 (1); R35 (1)
Jerome L Fleg,NHLBI,42,2026,"AVI (7, 17%); CCHS (7, 17%); AICS (2, 5%); IVPP (2, 5%); CICS (2, 5%)","ZHL1-CSR (5, 12%); ZRG1-IVBH (2, 5%); ZRG1-BBBT (1, 2%); ZRG1-CCHI (1, 2%); ZRG1-HSS (1, 2%)",R01 (33); R03 (2); R44 (2); R33 (1); R35 (1); K38 (1)
John N Stabley,NHLBI,42,2026,"AVI (20, 48%); IVPP (4, 10%); TDPS (2, 5%); HM (1, 2%); AICS (1, 2%)","ZHL1-CSR (2, 5%); ZRG1-CVRS (2, 5%); ZRG1-RCCS (2, 5%); ZRG1-EMNR (1, 2%); ZRG1-VH (1, 2%)",R01 (37); R13 (2); R35 (1); R21 (1); R03 (1)
Julia M Shaw,NIAID,42,2026,"TTT (14, 33%); ITA (7, 17%); SAT (1, 2%); PBKD (1, 2%); CICS (1, 2%)","ZAI1-ZL (4, 10%); ZAI1-AM (4, 10%); ZAI1-VSR (2, 5%); ZRG1-IMM (1, 2%); ZAI1-LAR (1, 2%)",R01 (17); U01 (9); R21 (9); U19 (4); P01 (2); R03 (1)
Leslie Eaves Neidert,NHLBI,42,2026,"HTBT (9, 21%); HT (2, 5%); CLTR(JA) (2, 5%); CLTR (MA) (2, 5%); CLTR(MA) (2, 5%)","ZHL1-CSR (6, 14%); ZRG1-IVBH (3, 7%); ZRG1-RCCS (2, 5%); ZRG1-ISB (1, 2%); ZRG1-SCIL (1, 2%)",R01 (20); R00 (5); K08 (4); K23 (2); UH3 (2); U24 (2)
Patricia M Strickler-Dinglasan,NIAID,42,2026,,"ZAI1-LK (12, 29%); ZAI1-CAB (11, 26%); ZRG1-SCIL (11, 26%); ZAI1-BJM (4, 10%); ZAI1-RD (3, 7%)",R13 (42)
Rachel Dina Altshuler,NCI,42,2026,"NPI (5, 12%); CMPC (2, 5%); BMHO (2, 5%); ICSC (2, 5%); HTBT (1, 2%)","ZRG1-ICN (5, 12%); ZRG1-IFCN (3, 7%); ZCA1-SRB (3, 7%); ZCA1-RTRB (3, 7%); ZRG1-CCHI (3, 7%)",R01 (32); R21 (6); R37 (2); R33 (1); R34 (1)
Rebecca Christine Price,NINDS,42,2026,"CNN (12, 29%); CNTN (3, 7%); NOMD (1, 2%); EITA (1, 2%); ASPA (1, 2%)","ZNS1-SRB (7, 17%); ZRG1-BDCN (3, 7%); ZRG1-BP (1, 2%); ZRG1-IVBH (1, 2%); ZRG1-MCST (1, 2%)",R01 (30); U01 (3); U24 (2); R03 (2); RF1 (2); R21 (1)
Samuel S Perdue,NIAID,42,2024,"HIBP (6, 14%); TVZ (5, 12%); BHI (4, 10%); BACP (3, 7%); VMD (3, 7%)","ZAI1-FDS (10, 24%); ZRG1-F07A (2, 5%); ZRG1-DCAI (2, 5%); ZRG1-AIDC (1, 2%); ZRG1-BACP (1, 2%)",R01 (22); R61 (7); R21 (5); F32 (2); R37 (1); R41 (1)
Susan Ruth Mendley,NIDDK,42,2026,"PBKD (10, 24%); KEDD (5, 12%); KNOD (2, 5%); HM (1, 2%); XNDA (1, 2%)","ZDK1-GRB (9, 21%); ZRG1-KUDS (5, 12%); ZRG1-DKUS (4, 10%); ZRG1-BDCN (1, 2%)",R01 (33); U54 (6); UH3 (1); U01 (1); U24 (1)
Alice S Kau,NICHD,41,2024,"CPDD (8, 20%); CHHD-H (3, 7%); LCBH (2, 5%); CIDH (1, 2%); DNPD (1, 2%)","ZHD1-DSR (6, 15%); ZRG1-IDIB (5, 12%); ZRG1-BBBP (3, 7%); ZRG1-F01B (2, 5%); ZRG1-BP (2, 5%)",R01 (19); P50 (7); R21 (4); K23 (4); F31 (3); T32 (2)
Amelia Wilkes Karraker,NIA,41,2026,"SSPB (8, 20%); SSPA (5, 12%); NMBH (1, 2%); NIA-C (1, 2%); AGCD-2 (1, 2%)","ZAG1-ZIJ (18, 44%); ZRG1-HSS (2, 5%); ZRG1-SCIL (2, 5%); ZAG1 (1, 2%); ZMD1-KNL (1, 2%)",R01 (17); U01 (7); P30 (4); R21 (2); U24 (2); R24 (2)
Anil Wali,NCI,41,2026,"NCI-J (30, 73%); NCI-I (1, 2%)","ZCA1-SRB (9, 22%); ZCA1 (2, 5%); ZCA1-RTRB (1, 2%)",K01 (32); U54 (9)
Anjali Singh,NIAID,41,2026,"HIVD (17, 41%); HVCD (1, 2%); AIDS (1, 2%)","ZAI1-NKD (4, 10%); ZRG1-F17A (3, 7%); ZAI1-SA (3, 7%); ZAI1-KKS (2, 5%); ZRG1-IIDB (2, 5%)",R01 (21); P01 (4); U01 (4); R61 (3); F31 (2); K01 (2)
Anthony Thomas Dibello,NCATS,41,2026,,"ZTR1-CI (29, 71%); ZRG1-MCST (8, 20%); ZTR1-SRC (3, 7%); ZRG1-MBBC (1, 2%)",T32 (23); R25 (9); UM1 (3); K12 (3); UL1 (1); TL1 (1)
Inna Belfer,NCCIH,41,2026,"NPI (5, 12%); BNRS (3, 7%); SPS (2, 5%); BMHO (1, 2%); MNPS (1, 2%)","ZAT1-AM (5, 12%); ZRG1-BDCN (4, 10%); ZRG1-CCHI (4, 10%); ZRG1-IFCN (3, 7%); ZRG1-SCIL (3, 7%)",R01 (27); R13 (5); R00 (3); F31 (2); K99 (1); U24 (1)
James Gao,NEI,41,2026,"PED2 (6, 15%); PED1 (3, 7%); GHD (3, 7%); DPVS (2, 5%); CDMA (1, 2%)","ZRG1-NV (5, 12%); ZRG1-HSS (4, 10%); ZRG1-VH (3, 7%); ZRG1-GGG (2, 5%); ZEY1-VSN (2, 5%)",R01 (27); R21 (5); U24 (4); R50 (2); R15 (1); R24 (1)
Jessica Falcone,NIBIB,41,2026,"ISD (11, 27%); BTSS (8, 20%); BMBI (4, 10%); BTEN (3, 7%); BNVT (2, 5%)","ZRG1-BBBT (4, 10%); ZRG1-RCCS (1, 2%); ZRG1-IFCN (1, 2%); ZRG1-IVBH (1, 2%); ZRG1-MDCN (1, 2%)",R01 (22); R21 (15); R56 (1); DP2 (1); P41 (1); R03 (1)
Jonathan Jacob Sabbagh,NIMH,41,2026,"APDA (4, 10%); NPAS (3, 7%); MESH (2, 5%); ALP (1, 2%)","ZMH1-ERB (8, 20%); ZRG1-F01A (7, 17%); ZRG1-F01B (4, 10%); ZRG1-F02A (3, 7%); ZRG1-F03B (3, 7%)",R01 (11); F31 (11); F30 (6); F32 (3); R33 (2); R61 (2)
Lanay Marie Mudd,NCCIH,41,2026,,"ZRG1-CCHI (10, 24%); ZAT1-SUP (6, 15%); ZAT1-AM (4, 10%); ZAT1-BH (3, 7%); ZAT1-MQ (3, 7%)",R01 (17); U24 (4); R34 (4); K23 (4); K24 (3); R13 (2)
Melisa Ray Creamer,NIDA,41,2026,"LHB (9, 22%); ARM (4, 10%); BGES (2, 5%); PPAH (2, 5%); CIHB (2, 5%)","ZDA1-LXF (3, 7%); ZRG1-F16 (3, 7%); ZRG1-RPHB (3, 7%); ZRG1-F18 (2, 5%); ZRG1-EPH (2, 5%)",R01 (19); R21 (8); F31 (4); K01 (3); K23 (2); R36 (2)
Reiko Toyama,NICHD,41,2025,"CHHD-C (5, 12%); TAG (4, 10%); GHD (4, 10%); SBDD (2, 5%); PN (2, 5%)","ZRG1-F05 (4, 10%); ZHD1-DSR (4, 10%); ZRG1-F03A (2, 5%); ZRG1-CB (2, 5%); ZRG1-F10B (1, 2%)",R01 (19); F30 (4); R13 (4); R21 (3); F31 (2); T32 (2)
Shawn Patrick Mulvaney,NIBIB,41,2026,"EBIT (13, 32%); ISD (12, 29%); BMBI (1, 2%); DBTD (1, 2%)","ZRG1-MCST (6, 15%); ZRG1-BBBT (5, 12%); ZRG1-IMST (1, 2%); ZRG1-BST (1, 2%); ZEB1-OSR (1, 2%)",R01 (22); R21 (15); R03 (2); P41 (1); R15 (1)
Tawnya C McKee,NCI,41,2025,"CBSS (9, 22%); MCDC (6, 15%); INN (1, 2%); DT (1, 2%); ATA (1, 2%)","ZCA1-TCRB (7, 17%); ZCA1-SRB (5, 12%); ZCA1-RPRB (2, 5%); ZRG1-TIO (1, 2%); ZRG1-OTC2 (1, 2%)",R01 (24); R33 (5); R50 (4); R21 (2); R37 (2); UH3 (2)
"William Dunty, Jr",NIAAA,41,2026,"NAL (7, 17%); AA-1 (3, 7%); TDPS (1, 2%); CMIR (1, 2%); PN (1, 2%)","ZAA1-JJ (11, 27%); ZAA1-GG (6, 15%); ZRG1-CN (2, 5%); ZRG1-IFCN (1, 2%); ZDA1-SKM (1, 2%)",R01 (14); U01 (8); U24 (3); F31 (3); K08 (2); F30 (2)
Carol C Taylor-Burds,NINDS,40,2026,"NSD-A (20, 50%); NSD-B (15, 38%)","ZRG1-CN (2, 5%); ZRG1-AN (2, 5%); ZRG1-BN (1, 2%)",R61 (20); U01 (10); R33 (10)
Jane Cecelia Hettinger,NIA,40,2026,"APDA (2, 5%); BMHO (2, 5%); LHB (2, 5%); ASPA (1, 2%); CNN (1, 2%)","ZRG1-BBBP (14, 35%); ZAG1-ZIJ (4, 10%); ZRG1-SEIR (4, 10%); ZRG1-BP (4, 10%); ZRG1-HDM (1, 2%)",R01 (27); R44 (5); RF1 (3); R43 (2); R35 (1); R33 (1)
Jane M Knisely,NIAID,40,2026,"VID (7, 18%); VMD (5, 12%); VIRA (4, 10%); VIRB (3, 8%); IHD (2, 5%)","ZAI1-FDS (2, 5%); ZRG1-DCAI (2, 5%); ZRG1-F07C (1, 2%); ZAI1-JHM (1, 2%); ZRG1-AIDC (1, 2%)",R01 (26); R21 (7); R43 (2); K08 (2); F31 (1); R44 (1)
Joshua Bryan Radke,NIAID,40,2026,"HCAC (23, 57%); HIVD (3, 8%); AIDS (2, 5%); HIBI (1, 2%); EDIT (1, 2%)","ZAI1-JHM (2, 5%); ZRG1-F17A (2, 5%); ZAI1-RCU (2, 5%); ZAI1-BJM (2, 5%); ZRG1-DCAI (1, 2%)",R01 (23); R21 (4); F31 (2); R56 (2); R37 (2); DP2 (1)
Joshua R Wolff,NINR,40,2026,"HPC (1, 2%); MESH (1, 2%); CMGC (1, 2%); CIHB (1, 2%)","ZNR1-REV (16, 40%); ZRG1-SCIL (6, 15%); ZRG1-CCHI (4, 10%); ZRG1-HSS (3, 8%); ZDK1-GRB (2, 5%)",T32 (20); R44 (7); R01 (4); R41 (3); R43 (3); R21 (1)
Manuel H Moro,NIA,40,2026,"CMAD (3, 8%); AGCD-4 (1, 2%); ICER (1, 2%)","ZAG1-ZIJ (15, 38%); ZRG1-MSOS (4, 10%); ZRG1-EMS (2, 5%); ZRG1-MOSS (2, 5%); ZRG1-NV (2, 5%)",R43 (8); R44 (7); R24 (6); R01 (5); R21 (3); R42 (1)
Marcy Ellen Burstein,NIMH,40,2026,"SERV (6, 15%); EMHI (6, 15%)","ZMH1-ERB (22, 55%); ZRG1-IVBH (1, 2%); ZRG1-MOSS (1, 2%); ZRG1-BP (1, 2%); ZRG1-SCIL (1, 2%)",R34 (20); R01 (16); R61 (1); P50 (1); R21 (1); DP2 (1)
Satoko Janet Kuramoto-Crawford,NIDA,40,2026,"BGES (5, 12%); ASPB (4, 10%); LHB (2, 5%); SSPB (1, 2%); PDRP (1, 2%)","ZDA1-JRB (6, 15%); ZDA1-SXC (5, 12%); ZRG1-F16 (4, 10%); ZDA1-LXF (2, 5%); ZRG1-HSS (2, 5%)",R01 (17); R21 (5); R25 (4); F31 (4); R33 (2); K01 (2)
Sujata Madhukar Shanbhag,NHLBI,40,2026,"CCHS (6, 15%); MPPA (5, 12%); TDPS (3, 8%); MABS (2, 5%); IGIS (2, 5%)","ZHL1-CSR (3, 8%); ZRG1-HSS (3, 8%); ZRG1-RCCS (3, 8%); ZRG1-IVBH (1, 2%); ZMD1-JT (1, 2%)",R01 (27); R44 (2); R15 (2); R56 (1); R33 (1); R43 (1)
Amy B Goldstein,NIDA,39,2026,"IPTA (4, 10%); PDRP (2, 5%); SSPB (2, 5%); NIDA-K (2, 5%); LHB (2, 5%)","ZRG1-SCIL (4, 10%); ZDA1-SAI (4, 10%); ZAA1-GG (2, 5%); ZRG1-HSS (2, 5%); ZDA1-TXT (2, 5%)",R01 (14); T32 (5); R34 (4); R21 (3); K99 (2); U24 (2)
Asad Umar,NCI,39,2026,"CPSS (6, 15%); BMHO (2, 5%); EITA (1, 3%); CMPC (1, 3%); MABS (1, 3%)","ZCA1-SRC (8, 21%); ZCA1-RPRB (3, 8%); ZRG1-OTC (2, 5%); ZCA1-GRB (1, 3%); ZCA1 (1, 3%)",R01 (16); R37 (7); OT2 (7); P01 (3); R21 (2); R35 (1)
Chamindi Seneviratne,NIAAA,39,2026,"ARM (3, 8%); AA-3 (3, 8%); NAL (3, 8%); APDA (1, 3%); AA-1 (1, 3%)","ZAA1-GG (8, 21%); ZAA1-DD (3, 8%); ZRG1-CCHI (2, 5%); ZRG1-NV (2, 5%); ZRG1-AN (2, 5%)",R01 (19); R43 (4); R21 (3); R44 (3); K23 (3); U01 (2)
Cindy Win Kyi,NCI,39,2026,"MSFB (2, 5%); EBIT (2, 5%); CMT (2, 5%); MSFC (1, 3%); ITD (1, 3%)","ZCA1-TCRB (10, 26%); ZCA1-SRB (5, 13%); ZRG1-BTC (5, 13%); ZRG1-BBBT (2, 5%); ZRG1-BST (1, 3%)",R01 (13); R61 (10); R33 (4); U54 (4); R21 (4); R50 (1)
Claire Zhu,NCI,39,2026,"CHD (3, 8%); CHSA (2, 5%); CONC (1, 3%); CMPC (1, 3%); HSQE (1, 3%)","ZCA1-TCRB (8, 21%); ZCA1-RPRB (3, 8%); ZCA1-RTRB (3, 8%); ZRG1-HSS (3, 8%); ZRG1-IVBH (2, 5%)",U01 (16); R01 (14); R37 (4); R21 (1); UH2 (1); UH3 (1)
Hiroko Iida,NIDCR,39,2026,"ODHS (5, 13%); DSR (3, 8%); HHD (2, 5%); BCHI (1, 3%); HCCS (1, 3%)","ZDE1-YM (7, 18%); ZDE1 (5, 13%); ZDE1-TO (4, 10%); ZRG1-HSS (3, 8%); ZRG1-IVBH (2, 5%)",R03 (14); R01 (9); U01 (4); R21 (4); UH3 (4); R56 (3)
Huiming Zhang,NCI,39,2026,"EITA (7, 18%); IGIS (4, 10%); ITD (3, 8%); CTIS (3, 8%); IPCA (2, 5%)","ZRG1-SBIB (7, 18%); ZCA1-SRB (4, 10%); ZRG1-ISB (3, 8%); ZCA1-TCRB (2, 5%); ZCA1-RPRB (1, 3%)",R01 (26); R37 (5); U24 (5); R03 (1); R50 (1); U01 (1)
Jennifer A Couch,NCI,39,2025,"MSFB (5, 13%); BBM (2, 5%); MSFC (2, 5%); CBP (1, 3%); CG (1, 3%)","ZCA1-TCRB (8, 21%); ZCA1-SRB (5, 13%); ZCA1-GRB (3, 8%); ZRG1-MDCN (1, 3%); ZCA1-PCRB (1, 3%)",R01 (17); R35 (4); R50 (3); R03 (3); R33 (3); R37 (2)
Jennifer Lynn Pacheco,NIMH,39,2026,"CPDD (18, 46%); NPAS (3, 8%); PDRP (2, 5%); EITN (1, 3%); HCMF (1, 3%)","ZMH1-ERB (6, 15%); ZRG1-BP (3, 8%); ZMH1 (1, 3%); ZRG1-BBBP (1, 3%)",R01 (33); R21 (3); UF1 (2); U01 (1)
Mary Elizabeth Bowen,NINR,39,2026,"NRRC (89) (4, 10%); NRRC(89) (4, 10%); NRRC(83) (3, 8%); NRRC(90) (3, 8%); NRRC(85) (2, 5%)","ZRG1-SCIL (1, 3%); ZNR1-REV (1, 3%); ZRG1-SEIR (1, 3%); ZRG1-HSS (1, 3%); ZRG1-IVBH (1, 3%)",R01 (12); K23 (8); K01 (5); K99 (4); R00 (4); K24 (2)
Shavon Artis Dickerson,NIDDK,39,2026,"HPC (4, 10%); DDK-B (3, 8%); ODHS (3, 8%); CMGC (3, 8%); HHD (2, 5%)","ZDK1-GRB (8, 21%); ZRG1-EMS (8, 21%); ZRG1-BBBP (1, 3%); ZDK1 (1, 3%); ZRG1-KUDS (1, 3%)",R01 (23); P30 (8); K23 (5); K01 (2); R25 (1)
Yvonne Duglas Tabor,NCI,39,2026,"THI (2, 5%); ACTS (1, 3%); BMCD (1, 3%); GHD (1, 3%); MCT1 (1, 3%)","ZCA1-SRB (12, 31%); ZRG1-OBT (4, 10%); ZRG1-CDPT (3, 8%); ZCA1-RTRB (1, 3%); ZRG1-BTC (1, 3%)",R03 (17); R01 (14); R15 (3); R50 (3); R37 (1); R35 (1)
Carmela Marie Reichel,NIDA,38,2026,"IPTA (6, 16%); ARM (3, 8%); NIDA-L (2, 5%); ICSC (1, 3%); CIDH (1, 3%)","ZRG1-CCHI (5, 13%); ZDA1-IXN (2, 5%); ZDA1-SKM (2, 5%); ZDA1-JRB (2, 5%); ZRG1-CN (2, 5%)",UG3 (5); R01 (4); R21 (4); K23 (4); U01 (3); UH3 (3)
Christopher M Gordon,NIMH,38,2026,"PPAH (11, 29%); HIBI (11, 29%)","ZMH1-ERB (8, 21%); ZRG1-CCHI (3, 8%); ZRG1-RPHB (2, 5%); ZAI1-CD (1, 3%); ZAI1-DNV (1, 3%)",R01 (20); P30 (9); R34 (3); K23 (3); R21 (2); K24 (1)
Frank Perna,NCI,38,2026,"LCBH (8, 21%); CIHB (3, 8%); HPC (2, 5%); SIHH (2, 5%); CLHP (2, 5%)","ZRG1-RPHB (3, 8%); ZRG1-CCHI (3, 8%); ZCA1-TCRB (2, 5%); ZCA1-SRB (2, 5%); ZCA1-RPRB (1, 3%)",R01 (26); R21 (5); R33 (3); R34 (2); U01 (1); R37 (1)
Gerard Lacourciere,NIAID,38,2026,"HVCD (11, 29%); HIVD (2, 5%)","ZAI1-PP (6, 16%); ZAI1-JBS (5, 13%); ZRG1-IIDB (3, 8%); ZAI1-SAG (3, 8%); ZRG1-DCAI (2, 5%)",R01 (23); R61 (3); R33 (3); R44 (2); R21 (2); F31 (2)
Jia Bei Wang,NIDA,38,2026,"IPTA (9, 24%); ARM (8, 21%); NIDA-L (4, 11%)","ZDA1-IXN (4, 11%); ZDA1-PXN (3, 8%); ZRG1-CCHI (3, 8%); ZDA1-SAI (2, 5%); ZDA1-SKM (1, 3%)",R01 (15); UG3 (10); UH3 (5); R21 (3); U01 (2); R34 (2)
Lanyn P Taliaferro,NIAID,38,2026,,"ZAI1-HSC (27, 71%); ZAI1-MR (6, 16%); ZAI1-JA (3, 8%); ZRG1-CTH (1, 3%); ZAI1-SB (1, 3%)",R21 (27); U01 (6); U19 (3); R44 (1); P01 (1)
Maranke Irene Koster,NICHD,38,2026,"PN (3, 8%); TAG (3, 8%); CHHD-C (3, 8%); GHD (2, 5%); SBDD (2, 5%)","ZRG1-F05 (4, 11%); ZRG1-F03A (4, 11%); ZHD1-DSR (2, 5%); ZRG1-F10B (2, 5%); ZHD1-SRC (1, 3%)",R01 (18); F30 (6); F31 (3); F32 (3); R13 (2); R21 (2)
Marjorie Ann Garvey,NIMH,38,2026,"CPDD (7, 18%); PDRP (2, 5%); APDA (1, 3%); NPAS (1, 3%)","ZMH1-ERB (20, 53%); ZRG1-BP (2, 5%); ZRG1-BST (2, 5%); ZMH1 (1, 3%); ZRG1-IVBH (1, 3%)",R01 (15); R33 (11); R61 (7); R21 (3); RF1 (2)
Michelle Heacock,NIEHS,38,2026,"CE (8, 21%); MG (6, 16%); MSFA (1, 3%); MSFD (1, 3%); SIEE (1, 3%)","ZES1-LWJ (9, 24%); ZRG1-KUDS (3, 8%); ZRG1-F08 (2, 5%); ZES1-BWD (1, 3%); ZRG1-F04 (1, 3%)",R01 (23); R35 (5); F31 (3); K99 (2); R21 (2); R56 (1)
Sallie Jayne Weaver,NCI,38,2026,"HSQE (7, 18%); SIHH (4, 11%); ODHS (2, 5%); ICSC (1, 3%); CHSA (1, 3%)","ZCA1-TCRB (6, 16%); ZRG1-HSS (4, 11%); ZCA1-SRB (3, 8%); ZCA1-RPRB (2, 5%); ZCA1 (1, 3%)",R01 (25); UG3 (4); R03 (3); R37 (3); P01 (1); R00 (1)
Shimian Zou,NHLBI,38,2026,"HTBT (5, 13%); HCCS (4, 11%); HT (2, 5%); ANIE (1, 3%); GHD (1, 3%)","ZHL1-CSR (6, 16%); ZRG1-IVBH (4, 11%); ZHL1-PPG (1, 3%); ZRG1-CDB (1, 3%); ZHL1 (1, 3%)",R01 (22); R21 (4); UH3 (3); R43 (2); P01 (1); K01 (1)
Tiffani Bailey Lash,NIBIB,38,2026,"CIDH (5, 13%); ISD (2, 5%); ITD (2, 5%); MRS (1, 3%); TDPS (1, 3%)","ZEB1-OSR (9, 24%); ZRG1-HSS (6, 16%); ZRG1-IVBH (3, 8%); ZRG1-BBBT (3, 8%); ZEB1 (2, 5%)",R01 (19); R21 (7); U54 (5); R03 (2); UE5 (1); P41 (1)
Zulekha I Sayyed,NCI,38,2026,"BCO (4, 11%); GRIC (4, 11%); MONC (2, 5%); MCT2 (2, 5%); CCB (1, 3%)","ZCA1-PCRB (7, 18%); ZRG1-SCIL (5, 13%); ZRG1-BTC (2, 5%); ZCA1-SRB (2, 5%); ZRG1-OBT (1, 3%)",R01 (24); R13 (12); R50 (2)
Claudia L Thompson,NIEHS,37,2026,"EHS(P) (17, 46%); EHS (P) (7, 19%); CIHB (2, 5%); EHS(P0) (2, 5%); SIEE (1, 3%)","ZRG1-EPH (7, 19%); ZES1-VSM (5, 14%); ZES1-LWJ (2, 5%); ZRG1-MOSS (2, 5%); ZRG1 (2, 5%)",P30 (25); R01 (6); R21 (3); U01 (2); R03 (1)
David H Weinberg,NICHD,37,2025,"PN (11, 30%); CHHD-B (3, 8%); CMPC (1, 3%); IPTA (1, 3%); CIDH (1, 3%)","ZHD1-DSR (6, 16%); ZRG1-F06 (3, 8%); ZHD1 (1, 3%); ZRG1-EMS (1, 3%); ZRG1-MCST (1, 3%)",R01 (18); R13 (4); UC2 (4); R21 (3); F30 (2); K23 (2)
Douglas Sun-Il Kim,NIMH,37,2026,"MNG (3, 8%); BTEN (2, 5%); PMDA (1, 3%); BMRD (1, 3%); BNVT (1, 3%)","ZMH1-ERB (20, 54%); ZRG1-RCCS (2, 5%); ZRG1-BN (2, 5%); ZRG1-BCMB (1, 3%); ZRG1-IIDB (1, 3%)",R01 (8); UH3 (6); U01 (5); DP2 (4); R24 (3); U24 (3)
Erin Burke Quinlan,NCCIH,37,2026,"MESH (6, 16%); NPI (4, 11%); NPAS (2, 5%); BMHO (1, 3%)","ZAT1-JM (4, 11%); ZAT1-AM (3, 8%); ZAT1-PS (3, 8%); ZAT1-SH (3, 8%); ZRG1-IFCN (1, 3%)",R01 (14); U24 (6); R21 (5); F31 (3); R33 (2); F32 (1)
George Papanicolaou,OD,37,2026,"DCMM (4, 11%); CFOT (2, 5%); CFOT (02) (1, 3%); CFOT(02)-1 (1, 3%)","ZRG1-BBBT (19, 51%); ZRG1-IVBH (8, 22%); ZOD1-SRC (3, 8%); ZRG1 (2, 5%)",R03 (20); OT2 (10); R25 (4); U24 (3)
Irina N Krasnova,NCATS,37,2026,"AIMR (1, 3%); AI (1, 3%)","ZTR1-CI (20, 54%); ZGM1-RCB (6, 16%); ZTR1-SRC (5, 14%); ZRG1-CDB (2, 5%); ZGM1 (1, 3%)",R03 (21); P20 (6); UM1 (2); KL2 (2); UL1 (2); K12 (2)
Jagpreet Singh Nanda,NIGMS,37,2026,,"ZGM1-RCB (30, 81%); ZGM1 (6, 16%); ZRG1-CDB (4, 11%); ZRG1-CB (2, 5%); ZRG1-MGG (1, 3%)",R16 (19); P20 (12); R25 (3); P30 (2); UC2 (1)
James D Churchill,NIMH,37,2026,,"ZMH1-ERB (23, 62%); ZNS1-SRB (6, 16%); ZRG1-BBBP (3, 8%); ZRG1-F03B (2, 5%); ZRG1-CB (1, 3%)",K99 (13); R01 (11); R25 (5); U01 (3); F31 (1); F32 (1)
Maureen Monaghan Center,NIDDK,37,2024,"LCBH (10, 27%); DDK-B (6, 16%); BMHO (6, 16%); PRDP (2, 5%); MESH (2, 5%)","ZDK1-GRB (3, 8%); ZRG1-RPHB (2, 5%)",R01 (26); K23 (6); K01 (3); R18 (1); K08 (1)
Robert N Mahon Iii,NIAID,37,2026,"HCAC (8, 22%); AIDS (5, 14%); HCCS (1, 3%); MID (1, 3%)","ZAI1-RCU (5, 14%); ZRG1-IDM (4, 11%); ZAI1-JBS (3, 8%); ZRG1-AARR (3, 8%); ZRG1-HDM (1, 3%)",R01 (22); K24 (7); U01 (4); R21 (2); R37 (1); K01 (1)
Tatiana Pasternak,NINDS,37,2025,"HCMF (8, 22%); LMDN (5, 14%); NST-2 (2, 5%); CP (1, 3%); LAM (1, 3%)","ZRG1-IFCN (3, 8%); ZRG1-BP (3, 8%); ZRG1-BDCN (1, 3%); ZRG1-BBBP (1, 3%); ZRG1-ETTN (1, 3%)",R01 (33); R00 (2); R21 (1); R35 (1)
Cindy P Lawler,NIEHS,36,2026,"NAL (4, 11%); BGES (4, 11%); SIEE (3, 8%); NAME (2, 6%); PMDA (1, 3%)","ZES1-LWJ (7, 19%); ZRG1-KUDS (2, 6%); ZRG1-F01A (1, 3%); ZES1-LAT (1, 3%); ZES1-QL (1, 3%)",R01 (23); R21 (4); K99 (3); R35 (2); R03 (2); F31 (1)
Daniel Stephen Johnston,NICHD,36,2026,"ICER (7, 19%); CMIR (5, 14%); PN (3, 8%); CHHD-R (2, 6%); EITA (1, 3%)","ZHD1-DSR (3, 8%); ZRG1-EMS (2, 6%); ZRG1-EMNR (2, 6%); ZRG1-F06A (2, 6%); ZRG1-F05 (1, 3%)",R01 (23); F31 (3); R21 (2); R44 (1); R13 (1); R33 (1)
Danielle L Daee,NCI,36,2026,"CHD (9, 25%); CHSB (5, 14%); CHSA (4, 11%); CG (2, 6%); GHD (1, 3%)","ZCA1-SRB (5, 14%); ZRG1-BTC (2, 6%); ZRG1-EPH (2, 6%); ZCA1-TCRB (1, 3%); ZRG1-IVBH (1, 3%)",R01 (26); R03 (7); R00 (1); U01 (1); R37 (1)
Dena Fischer,NIDCR,36,2026,"NPI (1, 3%); LHB (1, 3%)","ZDE1-YM (22, 61%); ZRG1-MSOS (4, 11%); ZDE1-JK (2, 6%); ZDE1-GZ (2, 6%); ZRG1-SBIB (1, 3%)",UH3 (15); U01 (8); UG3 (7); R01 (2); U19 (1); R34 (1)
Elizabeth M Perruccio,NIAAA,36,2026,"HBPP (9, 25%); AA-1 (7, 19%); IVPP (2, 6%); MTE (1, 3%); XNDA (1, 3%)","ZAA1-DD (4, 11%); ZAA1-CC (3, 8%); ZAA1-GG (3, 8%); ZRG1-KUDS (1, 3%); ZRG1-RCCS (1, 3%)",R01 (19); R21 (7); F30 (2); T35 (1); R03 (1); F31 (1)
Hoang Van Le,NIDA,36,2026,"MCNP (6, 17%); NPI (3, 8%); BRLE (3, 8%); MSFA (2, 6%); IPCA (2, 6%)","ZRG1-MDCN (2, 6%); ZDA1-IXR (1, 3%); ZDA1-SKP (1, 3%); ZRG1-IMM (1, 3%); ZDA1-MXY (1, 3%)",R01 (19); R21 (11); R15 (1); R13 (1); R37 (1); R03 (1)
Jonathan A Glock,NIAID,36,2026,"EDIT (4, 11%); MID-B (1, 3%); DMPA (1, 3%); CRFS (1, 3%); MID (1, 3%)","ZAI1-FDS (10, 28%); ZRG1-DCAI (9, 25%); ZRG1-AIDC (1, 3%); ZRG1-IDIB (1, 3%); ZRG1-IMST (1, 3%)",R21 (16); R01 (7); R44 (5); R43 (4); K23 (1); K24 (1)
Neel Tushar Dhruv,NINDS,36,2026,"NAL (5, 14%); SMN (4, 11%); NSD-A (3, 8%); NAME (2, 6%); CNNT (2, 6%)","ZRG1-AN (7, 19%); ZNS1-SRB (3, 8%); ZRG1-NV (2, 6%); ZRG1-BBBP (1, 3%)",R01 (19); RF1 (7); R61 (5); R56 (2); R33 (2); R35 (1)
Yan Zhou,NIAID,36,2026,"HIVD (16, 44%); HVCD (6, 17%); AIDS (1, 3%); VACC (1, 3%)","ZRG1-F17A (4, 11%); ZRG1-DCAI (3, 8%); ZRG1-IIDA (2, 6%); ZAI1-JBS (1, 3%); ZAI1-JHM (1, 3%)",R01 (22); F31 (5); R21 (3); R56 (2); K01 (1); U19 (1)
Ali Sharma,NLM,35,2026,,"ZLM1-ZH (17, 49%); ZLM1-AS (5, 14%); ZLM1-JL (5, 14%); ZLM1-LT (3, 9%); ZRG1-BBBT (3, 9%)",G13 (17); R25 (12); R13 (6)
Andrea Nicole Burnett,NCI,35,2026,"CHD (6, 17%); HSQE (2, 6%); CHSB (2, 6%); SIHH (2, 6%); HHD (2, 6%)","ZCA1-SRB (5, 14%); ZCA1-TCRB (4, 11%); ZCA1-RTRB (2, 6%); ZCA1-PCRB (1, 3%); ZRG1-HSS (1, 3%)",R01 (18); U01 (6); R37 (3); R03 (2); R13 (2); UH3 (2)
Cara Elisabeth Pugliese,NIMH,35,2026,"SERV (7, 20%); EMHI (5, 14%); CIHB (1, 3%); HSQE (1, 3%); CPDD (1, 3%)","ZMH1-ERB (17, 49%); ZRG1-BP (2, 6%); ZRG1-CCHI (1, 3%)",R01 (15); R34 (13); R21 (2); P50 (1); R61 (1); R33 (1)
Carmen Moten,NIAID,35,2026,,"ZAI1-PP (10, 29%); ZAI1-TC (5, 14%); ZAI1-SPJ (5, 14%); ZAI1-EC (3, 9%); ZAI1-JTS (3, 9%)",R25 (33); UE5 (1); UC2 (1)
Gabriel Y Lai,NIMHD,35,2026,"PBKD (2, 6%); HBPP (2, 6%); MESH (2, 6%); RPPH (1, 3%); BMCD (1, 3%)","ZRG1-PSE (5, 14%); ZMD1-MLS (3, 9%); ZMD1-JT (2, 6%); ZMD1-DRI (2, 6%); ZRG1-SBIB (2, 6%)",R01 (19); U54 (3); R21 (3); R44 (2); F30 (1); F31 (1)
Gregory Louis Greenwood,NIMH,35,2024,"HIBI (17, 49%); PPAH (10, 29%)","ZRG1-RPHB (3, 9%); ZRG1-CCHI (2, 6%); ZRG1-SCIL (1, 3%); ZRG1-AARR (1, 3%); ZRG1-BBBP (1, 3%)",R01 (21); K23 (6); K01 (3); R21 (2); R34 (2); R56 (1)
Jane W Fountain,NINDS,35,2025,"CNBT (12, 34%); MCT1 (3, 9%); CAMP (2, 6%); NST-1 (2, 6%); BINP (2, 6%)","ZRG1-MCTC (2, 6%); ZNS1-SRB (1, 3%); ZRG1-OTC1 (1, 3%)",R01 (30); R21 (2); K08 (1); R35 (1); K01 (1)
Jennie Lynn Conroy,NCATS,35,2026,,"ZTR1-CI (21, 60%); ZTR1-SRC (6, 17%); ZRG1-MCST (6, 17%); ZRG1-SCIL (1, 3%); ZRG1-MBBC (1, 3%)",T32 (24); KL2 (3); UL1 (3); UM1 (2); K12 (2); U13 (1)
Justin Michael Benavidez,NCI,35,2026,"TPM (4, 11%); TEHM (3, 9%); NCI-I (2, 6%); MCTB (2, 6%); TME (1, 3%)","ZRG1-CTH (6, 17%); ZRG1-OTC (4, 11%); ZRG1-BTC (2, 6%); ZRG1-OTC1 (1, 3%); ZCA1-SRB (1, 3%)",R01 (25); R21 (3); R37 (2); R00 (2); U01 (1); R56 (1)
Karen Elizabeth Seymour,NIDA,35,2026,"IPTA (14, 40%); ARM (5, 14%); NIDA-L (2, 6%); BMHO (1, 3%); ASPB (1, 3%)","ZDA1-JXB (2, 6%); ZRG1-CCHI (1, 3%); ZRG1-ICN (1, 3%); ZDA1-SAI (1, 3%); ZRG1-RPHB (1, 3%)",R01 (9); R34 (6); R21 (5); UH3 (4); UG3 (4); U01 (4)
Keith W Crawford,NIAID,35,2026,"HVCD (7, 20%); HCCS (6, 17%); PPAH (4, 11%); AIDS (2, 6%); ISD (1, 3%)","ZAI1-VS (6, 17%); ZRG1-AARR (2, 6%); ZRG1-IIDA (2, 6%); ZAI1 (1, 3%); ZAI1-DNV (1, 3%)",R01 (18); R61 (3); R21 (3); R33 (3); K23 (1); R37 (1)
Kimberly Dawn Petry Hammer,NIGMS,35,2026,,"ZGM1-RCB (30, 86%); ZGM1 (5, 14%); ZRG1-BP (2, 6%); ZRG1-CDB (2, 6%); ZRG1-CTH (1, 3%)",R16 (17); P20 (13); P30 (3); U54 (2)
Laurie M Ryan,NIA,35,2026,"CNN (2, 6%); APDA (1, 3%); ASG (1, 3%); NAME (1, 3%); NMBH (1, 3%)","ZRG1-BBBP (8, 23%); ZAG1-ZIJ (8, 23%); ZRG1-IVBH (3, 9%); ZRG1-BDCN (2, 6%); ZRG1-HSS (2, 6%)",R01 (25); R33 (2); R25 (2); U19 (2); R03 (1); R35 (1)
Leela Rani Avula,NCI,35,2026,"NANO (4, 11%); DMP (2, 6%); NCI-I (2, 6%); IGIS (2, 6%); CTIS (2, 6%)","ZRG1-IMST (5, 14%); ZRG1-SBIB (2, 6%); ZRG1-MCST (2, 6%); ZRG1-BST (2, 6%); ZRG1-ISB (1, 3%)",R01 (27); R00 (2); R37 (2); R50 (2); R21 (1); R56 (1)
Luis E Dettin,NICHD,35,2026,"ICER (9, 26%); BNRS (5, 14%); NNRS (4, 11%); NMB (2, 6%); MNG (1, 3%)","ZRG1-EMS (3, 9%); ZRG1-EMNR (2, 6%); ZRG1-F06 (1, 3%); ZRG1-F03A (1, 3%); ZRG1-T06C (1, 3%)",R01 (24); K99 (3); F31 (2); R21 (2); R03 (2); R37 (1)
Maureen Kalambu Akubu-Odero,NINR,35,2026,"HPC (2, 6%); CMGC (2, 6%); NRRC(82) (1, 3%); NRCS (1, 3%); ODHS (1, 3%)","ZNR1-REV (14, 40%); ZRG1-HSS (3, 9%); ZRG1-CB (1, 3%); ZRG1-SCIL (1, 3%); ZRG1-CCHI (1, 3%)",R01 (22); R25 (6); K23 (2); K01 (1); R56 (1); F30 (1)
Melissa Trevino,NIA,35,2026,"AGCD-2 (3, 9%); HCMF (3, 9%); SPIP (3, 9%); APDA (3, 9%); MESH (1, 3%)","ZAG1-ZIJ (6, 17%); ZRG1-BBBP (5, 14%); ZRG1-BP (1, 3%); ZRG1-RPHB (1, 3%); ZRG1-IVBH (1, 3%)",R01 (16); K01 (4); R61 (3); RF1 (3); R21 (2); P01 (1)
Sarah Vidal,NIDA,35,2026,"PDRP (6, 17%); ARM (5, 14%); MESH (1, 3%); CIDH (1, 3%); BGES (1, 3%)","ZDA1-LXF (4, 11%); ZRG1-SCIL (4, 11%); ZRG1-F16 (3, 9%); ZRG1-F18 (2, 6%); ZRG1-PSE (1, 3%)",R01 (12); K01 (6); R21 (4); F31 (3); K08 (2); R36 (2)
Tatiana Nikolayevna Balachova,NIAAA,35,2026,"AA-2 (8, 23%); SPIP (3, 9%); CIHB (3, 9%); HPC (2, 6%); IPTA (2, 6%)","ZAA1-GG (3, 9%); ZAA1-DD (2, 6%); ZRG1-BP (2, 6%); ZRG1-RPHB (1, 3%); ZRG1-CCHI (1, 3%)",R01 (13); R61 (4); F31 (4); R34 (3); K01 (3); R21 (2)
William Stuart Reynolds,NIDDK,35,2026,"DDK-D (10, 29%); KUFD (7, 20%); BMHO (2, 6%); ICSC (1, 3%); CRFS (1, 3%)","ZDK1-GRB (4, 11%); ZRG1-NINC (1, 3%); ZRG1-EPH (1, 3%); ZRG1-CCHI (1, 3%)",R01 (19); K23 (11); K12 (5)
Angela L Holmes,NIDA,34,2026,"NIDA-K (6, 18%)","ZDA1-SKM (12, 35%); ZDA1-HXO (5, 15%); ZRG1-CCHI (3, 9%); ZRG1-CDB (2, 6%); ZNS1-SRB (2, 6%)",R25 (33); UC2 (1)
Augusto Frederico Santos Schmidt,NICHD,34,2026,"CHHD-A (5, 15%); ICSC (2, 6%); RPPH (2, 6%); EITN (1, 3%); DBD (1, 3%)","ZRG1-NV (3, 9%); ZRG1-EMS (3, 9%); ZRG1-KUDS (2, 6%); ZHD1-DSR (1, 3%); ZRG1-RPHB (1, 3%)",R01 (13); R21 (9); K23 (6); R44 (2); R42 (1); R56 (1)
Avraham Rasooly,NCI,34,2026,"TIO (8, 24%); CPSS (8, 24%); TIR (2, 6%); CIC (1, 3%); RTB (1, 3%)","ZRG1-OTC (4, 12%); ZRG1-CDPT (3, 9%); ZRG1-TIO (1, 3%); ZRG1-MCTC (1, 3%); ZRG1-CTH (1, 3%)",R01 (23); R21 (9); R37 (1); P01 (1)
Dallas Anderson,NIA,34,2026,"AIMR (7, 21%); NAME (5, 15%); ASG (3, 9%); AGCD-4 (2, 6%); ANIE (1, 3%)","ZAG1-ZIJ (5, 15%); ZRG1-AN (2, 6%); ZRG1-BDCN (2, 6%); ZRG1-EPH (1, 3%); ZRG1-RPHB (1, 3%)",R01 (20); RF1 (3); U01 (2); U19 (2); R21 (2); P01 (1)
Paige A Green,NCI,34,2026,"BMIO (4, 12%); MESH (2, 6%); CMPC (2, 6%); CMGC (2, 6%); BMHO (2, 6%)","ZRG1-BBBP (2, 6%); ZRG1-BDCN (2, 6%); ZCA1-SRB (2, 6%); ZRG1-BRLE (1, 3%); ZAG1-ZIJ (1, 3%)",R01 (26); R37 (2); R00 (2); R35 (1); R15 (1); R21 (1)
Patricia Greenwel,NIDDK,34,2024,"DNPD (15, 44%); DHMI (3, 9%); DEV1 (2, 6%); BMBI (1, 3%); ICI (1, 3%)","ZRG1-DKUS (2, 6%); ZRG1-DNPD (2, 6%); ZDK1-GRB (1, 3%); ZRG1-KUDS (1, 3%)",R01 (33); R00 (1)
Rebecca Ferrer,NCI,34,2026,"SPIP (10, 29%); CMGC (5, 15%); ARM (2, 6%); CHSA (1, 3%); BMHO (1, 3%)","ZCA1-RTRB (3, 9%); ZRG1-BBBP (2, 6%); ZRG1-CCHI (2, 6%); ZRG1-SEIR (1, 3%); ZCA1-RPRB (1, 3%)",R01 (23); R37 (6); R00 (3); R21 (1); R34 (1)
Tuba Halise Fehr,NIBIB,34,2026,"CMT (6, 18%); MABS (4, 12%); BTSS (2, 6%); GDD (2, 6%); DT (2, 6%)","ZRG1-MCST (3, 9%); ZRG1-BTC (1, 3%); ZEB1-OSR (1, 3%); ZRG1-IMST (1, 3%); ZRG1-BCMB (1, 3%)",R01 (18); R21 (11); R56 (2); DP1 (1); DP2 (1); R15 (1)
Wenxing Zha,NIAAA,34,2026,"AA-2 (9, 26%); ARM (5, 15%); LHB (4, 12%); AA-3 (2, 6%); AA-2 (AA) (2, 6%)","ZAA1-GG (5, 15%); ZRG1-RPHB (3, 9%); ZRG1-CCHI (2, 6%); ZRG1-BP (1, 3%); ZAA1-SRC (1, 3%)",R01 (16); F31 (5); K01 (4); K02 (2); R00 (2); K08 (1)
Argenia Lanisha Necole Doss,NINDS,33,2026,"DBD (4, 12%); CMBG (2, 6%); NDPR (2, 6%); CNNT (2, 6%); NC (1, 3%)","ZNS1-SRB (13, 39%); ZNS1 (8, 24%); ZRG1-MDCN (4, 12%); ZRG1-BN (1, 3%)",R01 (19); U01 (12); U2C (1); R21 (1)
Bhadrasain Vikram,NCI,33,2026,"RTB (9, 27%); CONC (5, 15%); CTIS (2, 6%); MCDC (1, 3%); IPCA (1, 3%)","ZCA1-SRB (7, 21%); ZRG1-CTH (3, 9%); ZCA1 (2, 6%); ZCA1-RPRB (1, 3%); ZRG1-TIR (1, 3%)",R01 (20); U54 (5); R37 (3); R21 (2); UH3 (1); U01 (1)
Fei Wang,NIA,33,2026,"CMAD (3, 9%); ICER (3, 9%); CMIR (2, 6%); HCCS (2, 6%); KUFD (2, 6%)","ZAG1-ZIJ (7, 21%); ZRG1-BBBT (1, 3%); ZRG1-KUDS (1, 3%); ZRG1-F05 (1, 3%); ZRG1-T06A (1, 3%)",R01 (21); R21 (3); R56 (3); K07 (1); R15 (1); RF1 (1)
I-Jen Castle,NIAAA,33,2026,"ARM (5, 15%); AA-2 (4, 12%); IPTA (2, 6%); SSPB (2, 6%); LHB (2, 6%)","ZDA1-SKM (3, 9%); ZAA1-DD (3, 9%); ZAA1-CC (2, 6%); ZRG1-SCIL (1, 3%); ZDA1-SXM (1, 3%)",R01 (15); T32 (7); R21 (2); R03 (2); F31 (2); R34 (1)
Julia L Zehr,NIMH,33,2026,"CPDD (10, 30%); PDRP (4, 12%); DBD (2, 6%); NPAS (2, 6%); HCMF (1, 3%)","ZMH1-ERB (8, 24%); ZRG1-BP (4, 12%); ZRG1-BBBP (1, 3%); ZRG1-CN (1, 3%)",R01 (25); R21 (2); UF1 (2); RF1 (2); U01 (1); R15 (1)
Leonardo Maria Angelone,NIDA,33,2026,"NSD-C (1, 3%)","ZRG1-CCHI (7, 21%); ZDA1-GXM (7, 21%); ZDA1-SAI (4, 12%); ZDA1-SUY (4, 12%); ZRG1-SCIL (3, 9%)",R44 (17); R43 (10); R41 (4); R42 (1); U44 (1)
Luciana B Crotti Espinoza,NHLBI,33,2026,"HTBT (5, 15%); MCBS(MA) (3, 9%); PTHE (2, 6%); BTSS (2, 6%); MCBS(OA) (2, 6%)","ZRG1-F10C (4, 12%); ZHL1-CSR (1, 3%); ZRG1-CN (1, 3%); ZRG1-F04B (1, 3%); ZRG1-F07C (1, 3%)",R01 (15); K08 (6); F30 (3); K99 (2); F31 (2); K23 (1)
Nadra Tyus,NINR,33,2026,"CMGC (3, 9%); NRRC(86) (2, 6%); BMHO (2, 6%); NRRC(83) (2, 6%); MESH (2, 6%)","ZRG1-CCHI (4, 12%); ZRG1-RPHB (3, 9%); ZRG1-F16 (2, 6%); ZES1-LWJ (1, 3%); ZNR1-REV (1, 3%)",R01 (16); F31 (5); K23 (2); R00 (2); R21 (2); P20 (1)
Natalie Katherine Trzcinski,NINDS,33,2026,,"ZNS1-SRB (29, 88%); ZRG1-NV (3, 9%); ZRG1-BN (1, 3%)",U24 (29); R34 (3); U01 (1)
Sean Patrick McCarthy,NINDS,33,2026,"BIND (1, 3%)","ZNS1-SRB (31, 94%); ZRG1-BBBT (1, 3%)",U24 (28); U01 (2); UG3 (2); UH3 (1)
Sumana Mukherjee Dey,NCI,33,2026,"CBSS (7, 21%); MCDC (5, 15%); DT (2, 6%); CG (2, 6%); BMCD (1, 3%)","ZCA1-SRB (5, 15%); ZCA1-TCRB (2, 6%); ZCA1-RPRB (2, 6%); ZRG1-CTH (1, 3%); ZCA1-RTRB (1, 3%)",R01 (18); UH3 (6); R21 (3); R37 (3); U24 (2); UH2 (1)
Tara Lynn Deyampert,NICHD,33,2026,"ICER (3, 9%); KUFD (2, 6%); PPAH (2, 6%); BTSS (2, 6%); HCCS (2, 6%)","ZHD1-DSR (3, 9%); ZRG1-RPHB (2, 6%); ZRG1-DKUS (1, 3%); ZRG1-IMST (1, 3%); ZRG1-PSE (1, 3%)",R01 (18); R21 (6); K23 (4); R33 (2); T32 (1); F30 (1)
Vanessa White,NCI,33,2026,"BMHO (1, 3%)","ZCA1-RTRB (31, 94%); ZRG1-CCHI (1, 3%)",UG1 (31); R01 (1); R34 (1)
Venera Barsaku,NIAID,33,2026,,"ZRG1-SCIL (19, 58%); ZAI1-RD (12, 36%); ZAI1-KJK (1, 3%); ZAI1-LG (1, 3%)",R13 (33)
Yang Zhou,NIGMS,33,2026,,"ZGM1-RCB (18, 55%); ZGM1 (4, 12%); ZRG1-SCIL (4, 12%); ZRG1-IMST (3, 9%); ZRG1-MCST (2, 6%)",P20 (11); R16 (8); UT2 (4); R44 (4); P30 (3); R43 (2)
Carlos Oswaldo Garrido,NIMHD,32,2026,"HPC (3, 9%); SPIP (2, 6%); PDRP (2, 6%); HIBI (1, 3%); HDEP (1, 3%)","ZMD1-DRI (9, 28%); ZRG1-F16 (3, 9%); ZRG1-F18 (2, 6%); ZRG1-BBBP (1, 3%); ZMD1-KNL (1, 3%)",R01 (14); K01 (4); F31 (3); R21 (2); U54 (2); K99 (2)
Christina Dawn George,NCI,32,2026,"CPSS (3, 9%); DHMI (2, 6%); MCT1 (1, 3%)","ZCA1-PCRB (6, 19%); ZCA1-SRB (6, 19%); ZRG1-SCIL (5, 16%); ZRG1-CDPT (3, 9%); ZCA1 (2, 6%)",R13 (11); R01 (8); R03 (5); R50 (4); R15 (2); R00 (1)
Daniel Evan Falk,NIAAA,32,2026,"AA-3 (13, 41%); ARM (5, 16%); BGES (1, 3%); IPTA (1, 3%); AA-1 (1, 3%)","ZAA1-GG (4, 12%); ZRG1-CCHI (2, 6%); ZRG1-MCST (1, 3%); ZRG1-MBBC (1, 3%); ZAA1-DD (1, 3%)",R01 (17); R21 (5); R43 (2); U43 (2); R34 (2); K01 (2)
Jaclyn Marie Durkin,NIMH,32,2026,,"ZRG1-NV (13, 41%); ZRG1-ISB (7, 22%); ZRG1-ETTN (4, 12%); ZMH1-ERB (3, 9%); ZRG1-MCST (2, 6%)",R44 (19); R41 (6); R43 (4); SB1 (2); R42 (1)
Lynn S Adams,NCI,32,2026,"ICSC (5, 16%); CMGC (4, 12%); ODHS (2, 6%); DIRH (1, 3%); BMHO (1, 3%)","ZRG1-HSS (8, 25%); ZCA1-RPRB (3, 9%); ZCA1-SRB (3, 9%); ZCA1-RTRB (3, 9%); ZCA1 (2, 6%)",R01 (18); R37 (6); U01 (4); R35 (1); R34 (1); UG3 (1)
Molykutty J Aryankalayil,NCI,32,2026,"RTB (17, 53%); MCDC (1, 3%); MABS (1, 3%); NANO (1, 3%); BCO (1, 3%)","ZRG1-CTH (6, 19%); ZCA1-SRB (2, 6%); ZRG1-TIR (1, 3%); ZRG1-IMST (1, 3%); ZCA1-RTRB (1, 3%)",R01 (25); R21 (3); R37 (3); R00 (1)
Nicholas Aaron Hodges,NCI,32,2026,"CBSS (4, 12%); CHSA (2, 6%); MCDC (2, 6%); CDMA (1, 3%); ISD (1, 3%)","ZCA1-RPRB (9, 28%); ZCA1-TCRB (3, 9%); ZRG1-BTC (3, 9%); ZCA1-RTRB (2, 6%); ZRG1-SBIB (1, 3%)",R01 (13); U01 (7); R21 (5); R33 (3); UH3 (2); R61 (1)
Paul Okano,NCI,32,2024,"CE (8, 25%); MG (3, 9%); CG (3, 9%); MCT1 (2, 6%); MGA (2, 6%)","ZRG1-OBT (4, 12%); ZCA1-SRB (1, 3%)",R01 (30); R37 (1); R35 (1)
Rebecca Lynn Krupenevich,NIA,32,2026,,"ZAG1-ZIJ (10, 31%); ZRG1-BP (9, 28%); ZRG1-SCIL (5, 16%); ZMD1-JT (2, 6%); ZRG1-CCHI (2, 6%)",R44 (11); R43 (10); P30 (3); R33 (2); R41 (2); U24 (2)
Ronit I Yarden,NHLBI,32,2026,"GHD (4, 12%); CHSA (4, 12%); CRD (4, 12%); LHB (3, 9%); CCHS (2, 6%)","ZRG1-IVBH (3, 9%); ZRG1-BP (2, 6%); ZRG1-HSS (1, 3%); ZRG1-MGG (1, 3%); ZRG1-EPH (1, 3%)",R01 (28); R21 (3); R03 (1)
Tom Chih-Chuang Hu,NHLBI,32,2026,"CTIS (5, 16%); CRD (4, 12%); IRAP (3, 9%); EITA (2, 6%); CDMA (2, 6%)","ZRG1-EPH (4, 12%); ZRG1-RCCS (2, 6%); ZRG1-CCHI (1, 3%); ZRG1-BBBT (1, 3%)",R01 (21); R21 (3); R43 (3); R56 (1); K23 (1); K01 (1)
Abdul Tawab-Amiri,NCI,31,2026,,"ZCA1-SRB (17, 55%); ZCA1-RTRB (8, 26%); ZRG1-CDPT (3, 10%); ZCA1-RPRB (2, 6%); ZRG1-HSS (1, 3%)",R50 (31)
Asur R Srinath,NIAMS,31,2026,"SBDD (12, 39%); SBSR (7, 23%); MTE (3, 10%); AMS (2, 6%); GHD (1, 3%)","ZRG1-BBBT (3, 10%); ZRG1-MSOS (1, 3%)",R01 (25); R24 (3); R03 (1); R21 (1); K08 (1)
Beverly Ruffin,NIAAA,31,2026,"AA-2 (7, 23%); SPIP (3, 10%); AA-3 (2, 6%); IPTA (2, 6%); PDRP (2, 6%)","ZAA1-GG (6, 19%); ZRG1-BP (3, 10%); ZRG1-SCIL (2, 6%); ZRG1-F02A (1, 3%)",R01 (10); F31 (7); K01 (3); K23 (3); R34 (3); R21 (2)
Bryanna Nicole Schwartz,NHLBI,31,2026,"CCHS (5, 16%); BBHV (3, 10%); CLTR (OA) (2, 6%); CLTR(OA) (2, 6%); BTSS (2, 6%)","ZHL1-CSR (5, 16%); ZRG1-CDD (2, 6%); ZRG1-MCST (1, 3%); ZRG1-RCCS (1, 3%); ZRG1-IVBH (1, 3%)",R01 (15); R21 (4); U01 (4); R61 (2); U24 (1); UG3 (1)
Chhanda Dutta,NIA,31,2026,"AIMR (3, 10%); NAME (2, 6%); CCHS (2, 6%); NIA-C (1, 3%); AGCD-3 (1, 3%)","ZAG1-ZIJ (7, 23%); ZRG1-EMS (5, 16%); ZAG1 (2, 6%); ZRG1-BDCN (1, 3%); ZRG1-F06 (1, 3%)",R01 (11); R21 (4); U19 (3); U54 (2); R43 (2); RF1 (2)
Cibu Paul Thomas,NIA,31,2026,"LMDN (5, 16%); HCMF (4, 13%); CDIN (2, 6%); AGCD-1 (2, 6%); CNNT (1, 3%)","ZRG1-AN (4, 13%); ZRG1-F01B (3, 10%); ZAG1-ZIJ (3, 10%); ZRG1-BP (1, 3%); ZRG1-F01A (1, 3%)",R01 (9); R21 (8); RF1 (5); F31 (4); F30 (1); K99 (1)
Corinne M Silva,NIDDK,31,2026,"HSDO (4, 13%); BNRS (3, 10%); PN (2, 6%); POMD (2, 6%); NNRS (2, 6%)","ZRG1-EMS (3, 10%); ZRG1-EMNR (2, 6%); ZRG1-ICN (1, 3%); ZDK1-GRB (1, 3%)",R01 (26); K01 (2); K23 (1); U01 (1); R03 (1)
David Isaac Leitman,NIMH,31,2024,"APDA (7, 23%); SPIP (3, 10%); NPAS (2, 6%); MESH (1, 3%); LHB (1, 3%)","ZRG1-BBBP (7, 23%); ZMH1-ERB (3, 10%); ZRG1-VH (1, 3%); ZRG1 (1, 3%); ZRG1-BDCN (1, 3%)",R01 (25); R21 (2); R61 (1); R33 (1); U01 (1); R03 (1)
Jean M Lawrence,NIDDK,31,2026,"DDK-B (8, 26%); KEDD (3, 10%); HSQE (2, 6%); CMGC (1, 3%); CIDO (1, 3%)","ZDK1-GRB (6, 19%); ZDK1 (1, 3%); ZRG1-PSE (1, 3%); ZRG1-HSS (1, 3%); ZRG1-EMS (1, 3%)",R01 (16); U01 (6); K01 (5); K23 (2); K08 (2)
Jessica Marie Calzola,NCI,31,2026,"NCI-F (10, 32%)","ZCA1-SRB (7, 23%); ZRG1-RPHB (4, 13%); ZCA1-PCRB (3, 10%); ZCA1-RPRB (2, 6%); ZCA1 (2, 6%)",R25 (14); U54 (14); R13 (3)
Melissa Rotunno,NCI,31,2026,"CHD (4, 13%); CHSA (2, 6%); CHSB (1, 3%); BDMA (1, 3%); CG (1, 3%)","ZCA1-SRC (14, 45%); ZCA1-RPRB (1, 3%); ZRG1-MGG (1, 3%); ZRG1-BST (1, 3%); ZRG1 (1, 3%)",OT2 (14); R01 (7); U01 (3); U24 (2); R15 (1); P01 (1)
Scott Janis,NINDS,31,2026,"ANIE (2, 6%); NMBH (1, 3%); NAME (1, 3%); CDMA (1, 3%); CIDH (1, 3%)","ZNS1-SRB (21, 68%); ZRG1-DIRH (1, 3%); ZRG1-PSE (1, 3%); ZNS1 (1, 3%); ZRG1-BDCN (1, 3%)",U01 (11); R01 (10); UG3 (2); U44 (2); K23 (2); UH3 (2)
Shadab Fatima Hussain,NCI,31,2026,"NCI-F (10, 32%); NCI-J (9, 29%)","ZRG1-BTC (4, 13%); ZRG1-MOSS (3, 10%); ZRG1-IMST (3, 10%); ZRG1-RPHB (2, 6%); ZCA1-RTRB (1, 3%)",R25 (14); K22 (9); U54 (8)
Angela R Fernandez,NIMHD,30,2026,"HPC (2, 7%); LCBH (1, 3%); SIHH (1, 3%); DIRH (1, 3%); BMHO (1, 3%)","ZMD1-DRI (6, 20%); ZRG1-SCIL (4, 13%); ZRG1-HDM (3, 10%); ZMD1-ML (2, 7%); ZMD1-IN (2, 7%)",R01 (18); K23 (2); R21 (2); U19 (2); K01 (2); K99 (1)
Cerise Elliott,NIA,30,2026,"NIA -T (2, 7%); CNN (1, 3%); APDA (1, 3%); ITN (1, 3%); SEDH (1, 3%)","ZAG1-ZIJ (20, 67%); ZRG1-AN (15, 50%); ZRG1-PSE (2, 7%); ZRG1-IMST (1, 3%); ZRG1-RPHB (1, 3%)",P30 (17); R01 (7); U24 (3); R35 (2); R56 (1)
Colin F Fletcher,NHGRI,30,2026,"GNOM-G (6, 20%); GCAT (2, 7%)","ZHG1-HGR (13, 43%); ZRG1-MGG (4, 13%); ZRG1-BST (3, 10%); ZRG1-BCMB (1, 3%); ZRG1-GGG (1, 3%)",U24 (8); UM1 (6); R01 (6); U01 (3); R13 (1); K01 (1)
Gabriel Anaya,NHLBI,30,2026,"CCHS (5, 17%); CDMA (5, 17%); CIDH (3, 10%); CRD (3, 10%); ASPB (1, 3%)","ZRG1-HSS (5, 17%); ZHL1-CSR (2, 7%); ZRG1-SBIB (1, 3%)",R01 (23); R21 (4); U01 (1); R03 (1); R56 (1)
Nancy Lynne Jones,NIMHD,30,2025,"HHD (3, 10%); CIHB (2, 7%); LHB (1, 3%); SSPA (1, 3%); CLHP (1, 3%)","ZMD1-XLN (5, 17%); ZMD1-DRI (3, 10%); ZRG1-F18 (2, 7%); ZMD1-KNL (2, 7%); ZRG1-F16 (2, 7%)",R01 (15); U54 (2); F31 (2); S21 (2); F30 (2); K01 (2)
Serena Po-Lan Chu,NIMH,30,2026,"EMHI (10, 33%); HPC (1, 3%); CMGC (1, 3%); CIDH (1, 3%)","ZMH1-ERB (13, 43%); ZRG1-HSS (2, 7%); ZMH1 (1, 3%); ZRG1-PSE (1, 3%); ZRG1-CCHI (1, 3%)",R01 (16); R34 (10); R03 (1); R33 (1); R15 (1); P50 (1)
Shailesh Kumar,NIAAA,30,2026,"AA-4 (6, 20%); NAL (6, 20%); ARM (3, 10%); NPAS (3, 10%); AA-3 (2, 7%)","ZAA1-CC (4, 13%); ZAA1-GG (3, 10%); ZAA1 (1, 3%); ZRG1-ICN (1, 3%)",R01 (15); F31 (3); U01 (3); K01 (2); K23 (2); K99 (1)
Ye Yan,NHLBI,30,2026,"CRD (5, 17%); CHSA (3, 10%); GHD (2, 7%); KEDD (1, 3%); SEDH (1, 3%)","ZHL1-CSR (11, 37%); ZHL1 (3, 10%); ZRG1-RPHB (1, 3%); ZRG1-PSE (1, 3%); ZMD1-JT (1, 3%)",R01 (17); UG3 (5); UH3 (5); R44 (1); R43 (1); R03 (1)
Andrew Louden,NHLBI,29,2026,"HTBT (2, 7%); MCBS(OA) (1, 3%); CSB (1, 3%); BMHO (1, 3%)","ZHL1-CSR (12, 41%); ZRG1-F10C (6, 21%); ZAT1-SN (1, 3%); ZRG1-F03B (1, 3%); ZRG1-F08 (1, 3%)",U01 (6); F31 (5); R01 (3); K01 (3); F32 (2); U24 (2)
Heather L Kimmel,NIDA,29,2026,"ARM (6, 21%); SSPA (3, 10%); LHB (2, 7%); SSPB (2, 7%); IPTA (1, 3%)","ZRG1-RPHB (3, 10%); ZRG1-ICN (3, 10%); ZRG1 (2, 7%); ZRG1-CCHI (2, 7%); ZRG1-F16 (2, 7%)",R01 (18); K01 (3); U54 (3); K23 (2); F31 (2); R21 (1)
James Luo,NHLBI,29,2026,"GHD (3, 10%); TDPS (2, 7%); ASPA (2, 7%); GVE (1, 3%); AVI (1, 3%)","ZRG1-IVBH (3, 10%); ZMD1-JT (2, 7%); ZRG1-BBBT (2, 7%); ZRG1-ISB (2, 7%); ZHL1-CSR (1, 3%)",R01 (20); R43 (3); R44 (2); R33 (1); R21 (1); R15 (1)
Maria Leia Roditis,NCI,29,2026,"IPTA (5, 17%); ARM (2, 7%); HPC (2, 7%); CIHB (1, 3%); SPIP (1, 3%)","ZRG1-RPHB (4, 14%); ZCA1-RPRB (4, 14%); ZRG1-CCHI (3, 10%); ZRG1-CTH (1, 3%); ZCA1-TCRB (1, 3%)",R01 (20); R34 (2); R21 (2); U01 (1); U54 (1); R00 (1)
Paige Marie Anderson,NIMH,29,2026,,"ZRG1-NV (20, 69%); ZRG1-ETTN (5, 17%); ZRG1-SBIB (1, 3%); ZRG1 (1, 3%); ZRG1-MCST (1, 3%)",R44 (18); R43 (11)
Sanita Bharti,NCI,29,2026,"MCDC (6, 21%); CBSS (4, 14%); CHSA (1, 3%); TPM (1, 3%); CII (1, 3%)","ZCA1-SRB (7, 24%); ZCA1-RPRB (4, 14%); ZRG1-CDPT (3, 10%); ZCA1-TCRB (2, 7%); ZCA1-RTRB (1, 3%)",R01 (10); UH3 (6); UM1 (6); R37 (3); R21 (2); UH2 (2)
Stefanie A Nelson,NCI,29,2026,"CHD (8, 28%); CG (4, 14%); CHSB (4, 14%); GHD (1, 3%); BMCD (1, 3%)","ZCA1-SRC (4, 14%); ZCA1-GRB (1, 3%); ZRG1-GGG (1, 3%); ZRG1-EPH (1, 3%); ZCA1-RTRB (1, 3%)",R01 (17); OT2 (4); R21 (2); U24 (2); R35 (1); R00 (1)
Sudha Srinivasan,NINDS,29,2026,"HCCS (13, 45%); CNBT (2, 7%); HVCD (2, 7%); HCAC (1, 3%); HIVD (1, 3%)","ZRG1-CN (5, 17%); ZRG1-BDCN (2, 7%); ZNS1-SRB (1, 3%); ZRG1-IDIB (1, 3%); ZMH1-ERB (1, 3%)",R01 (19); R21 (4); RF1 (2); R35 (1); R03 (1); R56 (1)
Yvonne Marie Bennett,NIMH,29,2026,"EITN (9, 31%); NPAS (2, 7%); ITN (2, 7%); HCMF (1, 3%); BMRD (1, 3%)","ZRG1-ETTN (4, 14%); ZRG1-MCST (3, 10%); ZRG1-NINC (2, 7%); ZRG1-IMST (1, 3%); ZRG1-NV (1, 3%)",R01 (21); RF1 (4); R21 (3); R03 (1)
Boris Yevgenyevich Sabirzhanov,NIDA,28,2026,,"ZDA1-SUY (7, 25%); ZDA1-GXM (6, 21%); ZDA1-SKM (5, 18%); ZRG1-NV (4, 14%); ZRG1-CCHI (2, 7%)",R43 (10); R44 (9); R42 (3); R41 (3); UE5 (3)
Chloe Olivia Huelsnitz,NIMHD,28,2026,"CIHB (3, 11%); PDRP (2, 7%); HPC (2, 7%); PPAH (1, 4%); HHD (1, 4%)","ZRG1-SCIL (5, 18%); ZMD1-DRI (3, 11%); ZMD1-MLS (2, 7%); ZMD1 (1, 4%); ZRG1-IVBH (1, 4%)",R01 (16); R21 (3); K01 (3); P50 (2); R44 (1); K23 (1)
Christina Elizabeth Hatch,NIDA,28,2026,"NIDA-K (1, 4%)","ZRG1-PSE (26, 93%); ZRG1 (2, 7%); ZRG1-F18 (1, 4%)",U01 (24); U24 (2); R25 (1); R36 (1)
Clay Mash,OD,28,2026,,"ZRG1-EPH (28, 100%)",UH3 (11); UG3 (10); R36 (5); U24 (1); F32 (1)
Collene Lawhorn,NIMH,28,2026,"NPAS (12, 43%); APDA (3, 11%); LHB (2, 7%); HCMF (1, 4%); BNRS (1, 4%)","ZRG1-BDCN (3, 11%); ZRG1-BP (3, 11%); ZRG1-CN (2, 7%)",R01 (22); RF1 (4); R21 (2)
Goli Samimi,NCI,28,2026,"CPSS (2, 7%); ASG (2, 7%); HHD (1, 4%); CBSS (1, 4%); CMPC (1, 4%)","ZCA1-SRB (3, 11%); ZCA1-SRC (3, 11%); ZRG1-NV (2, 7%); ZRG1-EMS (2, 7%); ZCA1-TCRB (1, 4%)",R01 (13); R21 (7); OT2 (3); R37 (2); R15 (1); R34 (1)
Jayne Christen,NCI,28,2026,"TIO (3, 11%); DMPC (2, 7%); CIC (2, 7%); CII (2, 7%); GDD (2, 7%)","ZCA1-SRB (6, 21%); ZRG1-CDPT (3, 11%); ZRG1-IMST (1, 4%); ZCA1-RTRB (1, 4%); ZRG1-MCST (1, 4%)",R01 (15); R21 (6); R03 (2); R37 (2); R00 (2); R15 (1)
Katrina L Foster,NIDA,28,2026,"NIDA-L (4, 14%); IPTA (3, 11%); HIBI (1, 4%); ARM (1, 4%)","ZRG1-CCHI (3, 11%); ZDA1-TXT (2, 7%); ZDA1-BSW (2, 7%); ZDA1-SAI (2, 7%); ZDA1-PXN (2, 7%)",UG3 (10); U01 (7); R01 (5); R21 (2); R34 (1); UG1 (1)
Kristopher J Bough,NCATS,28,2026,,"ZTR1-CI (13, 46%); ZTR1-SRC (6, 21%); ZTR1-SBIR (2, 7%); ZRG1-MBBC (2, 7%); ZTR1 (1, 4%)",K12 (5); UM1 (5); U01 (3); R43 (3); KL2 (2); TL1 (2)
Linda Karine Zane,NCI,28,2025,,"ZRG1-CDPT (15, 54%); ZRG1-CTH (3, 11%); ZRG1-ISB (3, 11%); ZRG1-MCST (2, 7%); ZCA1-RPRB (2, 7%)",R44 (12); R43 (11); R41 (4); R42 (1)
Marjorie Perloff,NCI,28,2026,"CPSS (4, 14%); MESH (2, 7%); TTT (1, 4%); CONC (1, 4%); NRCS (1, 4%)","ZCA1-SRB (4, 14%); ZRG1-OTC (2, 7%); ZCA1-RPRB (2, 7%)",R01 (21); R21 (3); R50 (1); U01 (1); R03 (1); R37 (1)
Nadezda Radoja,NIA,28,2026,,"ZRG1-NV (17, 61%); ZAG1-ZIJ (7, 25%); ZRG1-BBBT (1, 4%); ZRG1-ISB (1, 4%); ZRG1-AN (1, 4%)",R44 (11); R43 (10); R41 (4); R42 (2); R21 (1)
Nicole Marie Everson,NCI,28,2026,"SPIP (3, 11%); HPC (2, 7%); NCI-I (2, 7%); ICSC (2, 7%); BMHO (2, 7%)","ZRG1-CCHI (4, 14%); ZCA1-SRB (2, 7%); ZRG1-SCIL (2, 7%); ZCA1-RTRB (2, 7%); ZRG1-HSS (2, 7%)",R01 (17); R21 (3); R00 (3); R03 (2); R37 (2); R34 (1)
Roberto L Flores,NIA,28,2026,"ASG (3, 11%); CMAD (3, 11%); SAT (2, 7%); MABS (1, 4%); SBSR (1, 4%)","ZAG1-ZIJ (4, 14%); ZRG1-IIDA (2, 7%); ZAG1 (1, 4%); ZRG1-BDCN (1, 4%); ZRG1 (1, 4%)",R01 (14); R21 (8); U54 (2); U01 (1); R37 (1); K99 (1)
Ying Liu,NICHD,28,2026,"CMIR (6, 21%); ICER (5, 18%); PN (4, 14%); ITD (1, 4%); EITA (1, 4%)","ZRG1-F06 (5, 18%); ZRG1-EMS (4, 14%); ZRG1-F06A (2, 7%)",R01 (14); F31 (5); R21 (4); F32 (2); R44 (1); R37 (1)
Yordan Valtchov Kostov,NIDA,28,2026,"NSD-C (4, 14%)","ZDA1-SUY (5, 18%); ZDA1-CEM (4, 14%); ZRG1-MCST (4, 14%); ZRG1-NV (3, 11%); ZRG1-CCHI (2, 7%)",R43 (14); R44 (9); U44 (3); R42 (1); UG3 (1)
Zorina S Galis,NHLBI,28,2026,"AVI (4, 14%); BBHV (3, 11%); CDD (3, 11%); IVPP (2, 7%); VCMB (2, 7%)","ZRG1-CDD (3, 11%); ZHL1-CSR (2, 7%); ZRG1-IMST (1, 4%); ZRG1-RCCS (1, 4%); ZRG1-IVPP (1, 4%)",R01 (23); R35 (3); U01 (1); DP1 (1)
Alanna Lee Kulchak Rahm,NHGRI,27,2026,"GNOM-G (6, 22%); GHD (1, 4%); GVE (1, 4%)","ZHG1-HGR (17, 63%); ZRG1-BBBT (1, 4%); ZRG1-BST (1, 4%)",U01 (8); R01 (6); K08 (5); R35 (3); U24 (3); K01 (1)
Angela Malaspina,NIAID,27,2026,"HIVD (17, 63%); NANO (1, 4%); BMBI (1, 4%); INN (1, 4%)","ZRG1-F17A (2, 7%); ZAI1-RB (1, 4%); ZAI1-JP (1, 4%); ZRG1-AARR (1, 4%); ZRG1-IDIB (1, 4%)",R01 (17); R21 (2); R56 (2); UM1 (1); R37 (1); R33 (1)
Barbara E Laughon,NIAID,27,2024,"CRFS (3, 11%); MABS (2, 7%); DDR (2, 7%); IRAP (2, 7%); HCAC (1, 4%)","ZRG1-DDR (3, 11%); ZRG1-IDM (3, 11%); ZAI1-MFH (2, 7%); ZAI1-SAS (2, 7%); ZAI1-MSA (1, 4%)",R01 (18); R21 (5); U01 (3); R34 (1)
Beth Babecki,NIDA,27,2025,,"ZRG1-F02A (21, 78%); ZRG1-F03B (4, 15%); ZRG1-F03A (1, 4%); ZRG1-F01B (1, 4%)",F31 (23); F32 (4)
Brooks Andrew Gross,NINDS,27,2026,"NSD-C (9, 33%)","ZNS1-SRB (13, 48%); ZRG1-NV (4, 15%); ZRG1 (1, 4%); ZRG1-BST (1, 4%)",UH3 (10); UG3 (8); U44 (3); R13 (2); R25 (1); U41 (1)
Carol R Haft,NIDDK,27,2024,"BMDM (12, 44%); POMD (3, 11%); DDK-B (2, 7%); CIDO (2, 7%); CSME (2, 7%)","ZRG1-BBBT (1, 4%); ZRG1-EMNR (1, 4%); ZDK1-GRB (1, 4%); ZRG1-EMS (1, 4%)",R01 (24); K01 (1); RC2 (1); K08 (1)
David T Eton,NCI,27,2026,"ICSC (3, 11%); HSQE (2, 7%); BMHO (1, 4%); PDRP (1, 4%); ODHS (1, 4%)","ZCA1-SRB (8, 30%); ZCA1-TCRB (5, 19%); ZRG1-CCHI (2, 7%); ZRG1-HSS (1, 4%)",R01 (15); U01 (4); R37 (3); R21 (3); R34 (2)
Ebony B Madden,OD,27,2026,"CFOT(01)-1 (24, 89%); CFOT(03) (3, 11%); CFOT (03) (3, 11%)",,OT2 (27)
Elizabeth Wonderlich Janci,NIAID,27,2026,"HVCD (4, 15%); PPAH (2, 7%); AIDS (2, 7%); HIVD (2, 7%); ISD (1, 4%)","ZAI1-VS (6, 22%); ZRG1-AARR (2, 7%); ZAI1-CB (1, 4%); ZAI1-CD (1, 4%); ZAI1 (1, 4%)",U01 (7); R01 (7); K24 (4); R21 (3); R61 (1); R43 (1)
Elizabeth Barnett Pathak,NHLBI,27,2026,"HCCS (3, 11%); CCHS (1, 4%); HIVD (1, 4%); KEDD (1, 4%); HIBI (1, 4%)","ZRG1-EPH (15, 56%); ZHL1-CSR (13, 48%); ZRG1-IIDB (1, 4%); ZRG1-DCAI (1, 4%); ZRG1-IIDA (1, 4%)",U01 (15); R01 (8); K01 (2); DP1 (1); R21 (1)
Erin Margaret Parker,NIDA,27,2026,"CIHB (4, 15%); ARM (2, 7%); SSPA (1, 4%); HSOD (1, 4%); SSPB (1, 4%)","ZRG1-F16 (3, 11%); ZDA1-LXF (3, 11%); ZRG1-F18 (2, 7%); ZRG1-HSS (2, 7%); ZRG1-EPH (2, 7%)",R01 (12); R21 (4); R36 (3); F31 (2); K01 (2); R03 (2)
Gregory Evans,NCI,27,2026,,"ZRG1-ISB (8, 30%); ZRG1-CDPT (3, 11%); ZRG1-CTH (3, 11%); ZCA1-TCRB (2, 7%); ZRG1-MOSS (2, 7%)",R44 (19); R42 (4); SB1 (2); R43 (1); R41 (1)
J Manuel Perez,NCI,27,2026,"RTB (10, 37%); CTIS (1, 4%); IGIS (1, 4%); EITA (1, 4%); CII (1, 4%)","ZRG1-CTH (4, 15%); ZRG1-ISB (2, 7%); ZCA1-SRB (1, 4%); ZRG1-IMST (1, 4%); ZRG1-TIR (1, 4%)",R01 (19); R21 (4); R37 (2); R03 (1); R00 (1)
Konstantin Salnikow,NCI,27,2025,"CCB (6, 22%); CAMP (5, 19%); TCB (4, 15%); MCT1 (2, 7%); MONC (1, 4%)","ZCA1-RPRB (2, 7%); ZRG1-CB (1, 4%); ZCA1-SRB (1, 4%); ZCA1-RTRB (1, 4%); ZRG1-MCTC (1, 4%)",R01 (21); R35 (2); P01 (2); R37 (1); R00 (1)
Margaret Christine Grabb,NIMH,27,2026,"DBD (2, 7%); MESH (1, 4%); CPDD (1, 4%)","ZMH1-ERB (7, 26%); ZRG1-BP (5, 19%); ZRG1-MCST (3, 11%); ZRG1-NV (3, 11%); ZRG1-ISB (2, 7%)",R44 (9); R01 (5); R43 (4); SB1 (3); R61 (2); R33 (2)
Mehrdad Mohseni,NCI,27,2026,,"ZCA1-SRB (15, 56%); ZCA1-RTRB (7, 26%); ZRG1-HSS (2, 7%); ZRG1-CDPT (2, 7%); ZCA1-RPRB (1, 4%)",R50 (27)
Pamela M Marcus,NCI,27,2026,"CHD (3, 11%); SIHH (3, 11%); HSOD (2, 7%); CDMA (2, 7%); HSQE (1, 4%)","ZRG1-HSS (4, 15%); ZCA1-SRB (3, 11%); ZCA1-RPRB (1, 4%); ZRG1-HDM (1, 4%); ZRG1-CCHI (1, 4%)",R01 (20); R03 (2); UG3 (2); R37 (1); R50 (1); UH3 (1)
Rachelle Salomon,NCI,27,2026,"DMPC (4, 15%); BMBI (2, 7%); CIC (2, 7%); TIR (2, 7%); CII (1, 4%)","ZCA1-SRB (3, 11%); ZRG1-CDPT (3, 11%); ZCA1-RPRB (2, 7%); ZRG1-MCST (1, 4%); ZRG1-TIO (1, 4%)",R01 (14); R21 (8); R37 (2); R03 (1); R35 (1); R50 (1)
Theresa Teslovich Woo,NIDDK,27,2026,"HSDO (13, 48%); HCMF (2, 7%); CIDO (2, 7%); DDK-B (2, 7%); ARM (1, 4%)","ZDK1-GRB (1, 4%); ZRG1-EMS (1, 4%); ZRG1-EPH (1, 4%)",R01 (21); K01 (3); K23 (2); R15 (1)
Unja Hayes,FIC,27,2026,,"ZRG1-ICP (12, 44%); ZRG1-OTC1 (7, 26%); ZRG1 (7, 26%); ZRG1-CN (7, 26%); ZRG1-BDCN (1, 4%)",K43 (9); D43 (7); K01 (4); R21 (3); RF1 (3); R01 (1)
Adam L Hartman,NINDS,26,2026,"ANIE (3, 12%); EITN (2, 8%); CNBT (1, 4%); NST-1 (1, 4%); MNG (1, 4%)","ZNS1-SRB (4, 15%); ZRG1-BDCN (3, 12%); ZRG1-CN (2, 8%); ZRG1-F18 (1, 4%); ZRG1-SEIR (1, 4%)",R01 (16); UH3 (2); K23 (2); UG3 (2); F31 (1); U01 (1)
Akanni Yao Clarke,NIA,26,2026,"CNTN (3, 12%); ASG (2, 8%); CNN (1, 4%); CDMA (1, 4%); HCCS (1, 4%)","ZRG1-BBBP (12, 46%); ZRG1-AN (2, 8%); ZRG1-MCST (2, 8%); ZAG1-ZIJ (1, 4%); ZRG1-CN (1, 4%)",R01 (21); UG3 (4); R41 (1)
Beshaun Jamaal Davis,NIMH,26,2026,"SERV (7, 27%); EMHI (2, 8%); HSQE (1, 4%); ALP (1, 4%)","ZMH1-ERB (11, 42%); ZRG1-HSS (2, 8%); ZRG1-HDM (1, 4%); ZRG1-SCIL (1, 4%)",R01 (16); R34 (7); UF1 (2); R61 (1)
Carmen I Rios,NIAID,26,2026,,"ZAI1-HSC (13, 50%); ZRG1-DCAI (5, 19%); ZAI1-KGH (4, 15%); ZRG1-CTH (3, 12%); ZRG1-OTC1 (1, 4%)",U01 (22); R44 (3); R43 (1)
Christina Huang Liu,NIMH,26,2026,"BNVT (3, 12%); DBD (1, 4%); CMT (1, 4%); APDA (1, 4%); NBVP (1, 4%)","ZMH1-ERB (8, 31%); ZRG1-NV (4, 15%); ZRG1-CVRS (2, 8%); ZRG1-ETTN (2, 8%); ZRG1-MCST (1, 4%)",R01 (13); U24 (3); S10 (3); DP2 (2); R21 (2); R03 (2)
Christine Jessup,FIC,26,2026,"ICP1 (1, 4%)","ZRG1-OBT (14, 54%); ZRG1-ICP (4, 15%); ZRG1-IIDA (4, 15%); ZRG1-IDIA (2, 8%); ZRG1-IDM (1, 4%)",U01 (7); U2R (7); R01 (6); K43 (3); K01 (2); RF1 (1)
Christos F Patriotis,NCI,26,2026,"CBSS (5, 19%); CONC (1, 4%); CHD (1, 4%); MCDC (1, 4%)","ZCA1-SRB (5, 19%); ZCA1-TCRB (5, 19%); ZCA1-PCRB (3, 12%); ZCA1 (1, 4%); ZCA1-GRB (1, 4%)",R01 (11); U01 (4); U24 (3); U2C (3); U54 (2); R61 (1)
Eddie Billingslea,NIGMS,26,2026,,"ZRG1-MCST (16, 62%); ZRG1-IVBH (1, 4%); ZRG1-IMST (1, 4%); ZRG1-BST (1, 4%); ZGM1-BBCB (1, 4%)",R43 (10); R44 (8); U01 (5); R41 (2); R42 (1)
Fassil Ketema,NHLBI,26,2026,"HCCS (7, 27%); MPPB (4, 15%); CCHS (3, 12%); CHSA (2, 8%); CLTR(MA) (2, 8%)","ZHL1-CSR (2, 8%); ZRG1-RCCS (1, 4%); ZRG1-TDPS (1, 4%); ZRG1-IDIB (1, 4%)",R01 (22); U24 (1); UH3 (1); R21 (1); R35 (1)
Franklin Willem Yates,NICHD,26,2026,"PPAH (8, 31%); HIBI (2, 8%); DIRH (1, 4%); IRAP (1, 4%); BHI (1, 4%)","ZRG1-CCHI (3, 12%); ZRG1-IMST (2, 8%); ZHD1-DSR (2, 8%); ZRG1-F17B (1, 4%); ZRG1-AARR (1, 4%)",R01 (15); R21 (6); R33 (2); F31 (1); K08 (1); U01 (1)
Greg Bissonette,NIGMS,26,2026,"BNRS (1, 4%)","ZGM1-RCB (17, 65%); ZGM1 (6, 23%); ZRG1-BDCN (4, 15%); ZGM1-TRN (1, 4%); ZRG1-BN (1, 4%)",R16 (10); S06 (5); U54 (3); P20 (2); P50 (2); U24 (1)
Joannella Morales,NHGRI,26,2026,"BDMA (3, 12%); GNOM-G (3, 12%); ASPA (1, 4%); KNOD (1, 4%); CRD (1, 4%)","ZHG1-HGR (11, 42%); ZRG1-MGG (3, 12%); ZHG1 (1, 4%); ZRG1-BST (1, 4%); ZRG1-SEIR (1, 4%)",R01 (8); U24 (6); U01 (6); K99 (3); R56 (1); R21 (1)
Lokesh Agrawal,NCI,26,2026,"CBSS (4, 15%); CONC (1, 4%); MCDC (1, 4%); XNDA (1, 4%); DT (1, 4%)","ZCA1-TCRB (8, 31%); ZCA1-RPRB (3, 12%); ZRG1-CTH (2, 8%); ZRG1-CDPT (2, 8%); ZCA1-SRB (1, 4%)",R01 (11); U01 (10); R21 (2); R37 (1); R33 (1); R61 (1)
Maliha R Ilias,NHLBI,26,2026,"SIHH (3, 12%); MPOR(MA) (2, 8%); MCBS(JA) (2, 8%); MPOR (JA) (1, 4%); MPOR(JA) (1, 4%)","ZHL1-CSR (5, 19%); ZRG1-HSS (2, 8%); ZRG1-CCHI (2, 8%); ZRG1-SCIL (1, 4%)",R01 (11); UH3 (3); K23 (3); K24 (2); K08 (1); R61 (1)
Allison Gillaspy,NHLBI,25,2026,"HTBT (3, 12%); HT (1, 4%); TAG (1, 4%); BMBI (1, 4%); MCBS(MA) (1, 4%)","ZRG1-F10C (6, 24%); ZHL1-CSR (2, 8%); ZRG1-F09A (1, 4%); ZRG1-ISB (1, 4%); ZRG1-F09B (1, 4%)",R01 (10); F31 (6); F30 (3); R33 (2); R21 (2); K08 (1)
Amanda Joy Price,NIMH,25,2024,"GHD (8, 32%); BGES (2, 8%); MNG (1, 4%); EITN (1, 4%); NMBH (1, 4%)","ZMH1-ERB (8, 32%); ZHG1-HGR (1, 4%)",R01 (21); U01 (1); R21 (1); RM1 (1); U24 (1)
Elizabeth Anne Sarma,NCI,25,2026,"HSQE (4, 16%); SIHH (4, 16%); DIRH (1, 4%); NCI-I (1, 4%); PRDP (1, 4%)","ZRG1-HSS (3, 12%); ZCA1-SRB (2, 8%); ZCA1-TCRB (1, 4%); ZCA1-RTRB (1, 4%)",R01 (16); R37 (3); R03 (2); R00 (2); R21 (2)
Joseph Jeffrey Chiarenzelli,NIA,25,2026,,"ZRG1-BP (6, 24%); ZRG1-SCIL (6, 24%); ZRG1-CCHI (4, 16%); ZAG1-ZIJ (3, 12%); ZRG1-RPHB (2, 8%)",R44 (12); R43 (8); R42 (2); R01 (1); U24 (1); R41 (1)
Jovier D Evans,NIMH,25,2026,"SERV (3, 12%); EMHI (1, 4%); MESH (1, 4%); ALP (1, 4%)","ZMH1-ERB (16, 64%); ZRG1-HSS (2, 8%); ZRG1-EMNR (1, 4%); ZMH1 (1, 4%); ZRG1-PSE (1, 4%)",R01 (14); R33 (5); R61 (2); U54 (1); P50 (1); U01 (1)
Lindsay Regina Pool,NHLBI,25,2026,"CRD (4, 16%); SEDH (3, 12%); CHSB (2, 8%); KEDD (2, 8%); LCBH (1, 4%)","ZRG1-HSS (2, 8%); ZRG1 (1, 4%); ZRG1-EMS (1, 4%); ZRG1-RCCS (1, 4%)",R01 (25)
Miri Gitik,NIAAA,25,2026,"AA-2 (5, 20%); NAL (3, 12%); AA-4 (3, 12%); BGES (2, 8%); PMDA (1, 4%)","ZAA1-CC (7, 28%); ZAA1-DD (3, 12%); ZAA1-GG (1, 4%); ZRG1-BP (1, 4%)",R01 (8); K01 (4); T32 (3); U01 (2); P50 (2); K99 (1)
Rebekah A Van Raaphorst,NIDDK,25,2026,"DDK-C (3, 12%); DDK-B (1, 4%)","ZDK1-GRB (17, 68%); ZRG1-SCIL (4, 16%); ZRG1-EMS (1, 4%)",R13 (20); R25 (5)
Ruth Kirby,NHLBI,25,2026,"AVI (7, 28%); NMHD (3, 12%); CRD (2, 8%); HLBP (1, 4%); HLBP(JA) (1, 4%)","ZHL1-CSR (4, 16%); ZRG1-IVBH (2, 8%)",R01 (23); P01 (1); R15 (1)
Sandhya Xirasagar,NHGRI,25,2026,,"ZHG1-HGR (19, 76%); ZRG1-BBBT (4, 16%); ZRG1-BST (1, 4%); ZRG1-BTC (1, 4%); ZRG1-MGG (1, 4%)",R25 (8); U24 (7); T32 (4); UG3 (3); RM1 (1); U01 (1)
Shahnaz Khan,NHLBI,25,2026,"SIHH (3, 12%); HSQE (2, 8%); ODHS (2, 8%); MPOR (JA) (1, 4%); DIRH (1, 4%)","ZHL1-CSR (6, 24%); ZRG1-HSS (3, 12%); ZRG1-SCIL (2, 8%); ZRG1-F16 (1, 4%); ZRG1-EMS (1, 4%)",R01 (12); UH3 (3); R33 (3); T32 (2); K01 (2); K24 (1)
Steven Theodore Pittenger,NCATS,25,2026,"ATB (1, 4%)","ZTR1-RD (10, 40%); ZRG1-MBBC (7, 28%); ZRG1-MCST (2, 8%); ZRG1-MOSS (1, 4%); ZRG1-KUDS (1, 4%)",R21 (18); R44 (2); R43 (2); R13 (2); DP2 (1)
Veronica Chollette,NCI,25,2025,"SIHH (5, 20%); ODHS (2, 8%); HSQE (2, 8%); CHSA (1, 4%); HPC (1, 4%)","ZRG1-HSS (2, 8%); ZCA1-TCRB (2, 8%); ZCA1-PCRB (1, 4%); ZRG1-HDM (1, 4%); ZCA1-RTRB (1, 4%)",R01 (17); R34 (2); R37 (2); UG3 (2); R13 (1); R00 (1)
Wolfgang W Leitner,NIAID,25,2024,"III (6, 24%); CMIB (3, 12%); CMIA (2, 8%); SAT (2, 8%); IHD (2, 8%)","ZAI1-VSR (3, 12%); ZRG1-IIDA (1, 4%); ZRG1-BCMB (1, 4%); ZRG1-EMNR (1, 4%)",R01 (17); R21 (3); U01 (3); DP1 (1); R56 (1)
Allahna Lauren Esber,NICHD,24,2026,"PPAH (4, 17%); HCCS (3, 12%); HIBI (2, 8%); CHHD-M (1, 4%); CHHD-H (1, 4%)","ZRG1-AARR (5, 21%); ZRG1-F17B (2, 8%); ZHD1-SRC (1, 4%); ZHD1 (1, 4%); ZRG1-HSS (1, 4%)",R01 (11); R33 (4); R21 (3); K01 (1); K25 (1); R03 (1)
Amornrat Chanlongbutra,NIMH,24,2026,"SERV (5, 21%); CPDD (2, 8%); HHD (1, 4%); DIRH (1, 4%); BMRD (1, 4%)","ZRG1-HSS (6, 25%); ZMH1-ERB (5, 21%); ZRG1-HDM (1, 4%); ZAG1-ZIJ (1, 4%)",R01 (19); R34 (3); U01 (1); RF1 (1)
Azadeh Shoaibi,NEI,24,2026,"HHD (1, 4%); NAME (1, 4%); PED1 (1, 4%); KEDD (1, 4%); NPI (1, 4%)","ZEY1-VSN (12, 50%); ZRG1-NV (4, 17%); ZRG1-HSS (3, 12%)",UG1 (8); R01 (7); R21 (5); R34 (4)
Barbara L Mulach,NIAID,24,2026,"MID-B (2, 8%); AITC (1, 4%)","ZAI1-CAB (6, 25%); ZRG1-SCIL (6, 25%); ZAI1-LK (4, 17%); ZAI1-RD (3, 12%); ZAI1-BJM (1, 4%)",R13 (21); T32 (3)
Bimal Kumar Chakrabarti,NIAID,24,2026,"HIVD (15, 62%); HVCD (1, 4%)","ZRG1-DCAI (3, 12%); ZAI1-VS (1, 4%); ZAI1-KKS (1, 4%); ZAI1-RCU (1, 4%); ZAI1-JBS (1, 4%)",R01 (12); R21 (5); P01 (4); R56 (2); F30 (1)
Claire Ellen McCarthy,NCI,24,2026,"CE (4, 17%); CPSS (3, 12%); EDD (2, 8%); SIEE (1, 4%); HBPP (1, 4%)","ZCA1-SRB (3, 12%); ZRG1-CVRS (3, 12%); ZCA1-RPRB (2, 8%); ZCA1-TCRB (2, 8%)",R01 (16); U01 (6); R21 (1); R37 (1)
Dana L Wolff-Hughes,NCI,24,2026,"BMHO (2, 8%); CIDH (2, 8%); CDMA (1, 4%); KNOD (1, 4%); NCI-I (1, 4%)","ZRG1-IVBH (4, 17%); ZCA1-SRB (3, 12%); ZRG1-HSS (3, 12%); ZRG1-SCIL (1, 4%); ZCA1 (1, 4%)",R01 (17); R03 (3); R21 (2); R00 (1); U01 (1)
Jeffrey Hildesheim,NCI,24,2026,"TCB (4, 17%); CAMP (4, 17%); TME (3, 12%); MONC (2, 8%); MCT2 (1, 4%)","ZCA1-SRB (2, 8%); ZCA1-RPRB (2, 8%); ZRG1-OBT (2, 8%); ZCA1-RTRB (1, 4%); ZCA1-GRB (1, 4%)",R01 (17); R35 (3); P01 (2); R37 (1); R50 (1)
Jenelle Rose Walker,NICHD,24,2026,"RPPH (2, 8%); KNOD (2, 8%); SIHH (2, 8%); HPC (2, 8%); PDRP (1, 4%)","ZRG1-CCHI (2, 8%); ZRG1-RPHB (1, 4%); ZDK1-GRB (1, 4%); ZHD1-DSR (1, 4%); ZRG1-EPH (1, 4%)",R01 (18); K23 (2); R44 (1); K99 (1); R21 (1); R33 (1)
Joanad'Arc C Roe,NIAID,24,2026,"AIDS (4, 17%); PPAH (3, 12%); HCCS (1, 4%); HIBI (1, 4%)","ZAI1-JBS (7, 29%); ZAI1-MSA (2, 8%); ZAI1-RCU (2, 8%); ZAI1-CB (1, 4%); ZAI1-KSW (1, 4%)",U01 (9); R01 (5); R21 (2); UG3 (2); K08 (1); DP2 (1)
Jyoti Dayal,NHGRI,24,2026,"BDMA (6, 25%); GCAT (3, 12%); GVE (2, 8%); GHD (1, 4%); BCHI (1, 4%)","ZHG1-HGR (7, 29%); ZRG1-BBBT (2, 8%); ZRG1-MGG (2, 8%); ZRG1-BST (1, 4%); ZRG1-SBIB (1, 4%)",R01 (12); U01 (7); U24 (2); R21 (2); R56 (1)
Makeda J Williams,NHLBI,24,2026,"HCCS (1, 4%); MPOR(MA) (1, 4%); NITM(OA) (1, 4%); SIHH (1, 4%); CMGC (1, 4%)","ZRG1-HSS (10, 42%); ZRG1-BTC (3, 12%); ZRG1-BDCN (3, 12%); ZHL1-CSR (1, 4%)",R01 (11); R61 (3); UH3 (3); K23 (2); UE5 (2); U01 (1)
Marcia Vasconcellos Fournier,NICHD,24,2026,"TAG (6, 25%); GHD (2, 8%); CHHD-C (1, 4%); PN (1, 4%); SBDD (1, 4%)","ZRG1-MGG (6, 25%); ZHD1-DSR (3, 12%); ZHG1-HGR (2, 8%); ZRG1 (1, 4%); ZRG1-IMST (1, 4%)",R01 (10); R03 (8); P01 (3); U24 (2); U2C (1)
Mary Garcia-Cazarin,NIAMS,24,2026,,"ZAR1-FY (12, 50%); ZAR1-KM (7, 29%); ZAR1-YL (4, 17%); ZAR1 (1, 4%)",P30 (22); P50 (2)
Mary Yaa Sedegah Masterson,NHLBI,24,2026,"SIHH (6, 25%); MPOR(JA) (3, 12%); MPOR (JA) (2, 8%); DIRH (1, 4%); CRD (1, 4%)","ZRG1-HSS (3, 12%); ZHL1-CSR (2, 8%); ZRG1-BP (1, 4%)",R01 (12); K23 (4); K01 (3); UG3 (3); UH3 (1); R34 (1)
Precilla L Belin,NCI,24,2026,"NCI-A (21, 88%)","ZRG1-CDPT (4, 17%); ZCA1-RTRB (1, 4%); ZCA1 (1, 4%)",P30 (24)
Rao L Divi,NCI,24,2026,"CHD (2, 8%); CG (2, 8%); HSOD (1, 4%); CHSA (1, 4%); CDMA (1, 4%)","ZCA1-TCRB (6, 25%); ZRG1-HSS (1, 4%); ZRG1-CTH (1, 4%); ZCA1 (1, 4%); ZRG1-BBBT (1, 4%)",R01 (13); U01 (4); R21 (3); U24 (2); R37 (1); R13 (1)
Tam L Nguyen,NIDA,24,2026,,"ZRG1-NV (7, 29%); ZDA1-SUY (6, 25%); ZDA1-SAI (3, 12%); ZDA1-DRO (3, 12%); ZRG1-IMST (1, 4%)",R43 (11); R44 (8); R41 (4); R42 (1)
Thomas L Eggerman,NIDDK,24,2026,"TAG (3, 12%); HSDO (2, 8%); DDK-B (2, 8%); GHD (1, 4%); LCMI (1, 4%)","ZDK1-GRB (9, 38%); ZRG1-EMNR (1, 4%); ZRG1-EMS (1, 4%)",R01 (12); P30 (7); U24 (2); K23 (1); R56 (1); K01 (1)
Victoria Pemberton,NHLBI,24,2026,"RPPH (4, 17%); CLTR(OA) (2, 8%); HSQE (2, 8%); CLTR(MA) (2, 8%); RIBT (1, 4%)","ZRG1-RCCS (2, 8%); ZHL1-CSR (1, 4%); ZRG1-CCHI (1, 4%)",R01 (14); U24 (3); UH3 (2); R21 (2); R33 (1); R34 (1)
Wen G Chen,NCCIH,24,2026,"NIC (3, 12%); NSD-A (2, 8%)","ZAT1-JM (8, 33%); ZAT1-SH (3, 12%); ZRG1-BCMB (2, 8%); ZAT1-PJ (1, 4%); ZAT1-SRC (1, 4%)",R01 (12); U24 (4); DP1 (2); R33 (2); R61 (1); DP2 (1)
Bethany Deeds,NIDA,23,2026,,"ZDA1-YXF (23, 100%); ZDA1 (1, 4%)",U01 (21); U24 (2)
Debbie Vitalis,NHLBI,23,2026,"SIHH (4, 17%); HSQE (2, 9%); PPAH (1, 4%); DIRH (1, 4%); MPOR(MA) (1, 4%)","ZRG1-HSS (3, 13%); ZRG1-F16 (2, 9%); ZHL1-CSR (1, 4%); ZMD1-XLN (1, 4%); ZRG1-F17B (1, 4%)",R01 (9); K23 (3); R21 (3); R34 (2); F31 (2); UC2 (1)
Gladys Orock Tataw-Ayuketah,NHLBI,23,2026,"BMIO (3, 13%); BMHO (2, 9%); SSPT(OA) (2, 9%); RIBT (1, 4%); HSQE (1, 4%)","ZHL1-CSR (1, 4%); ZRG1-HSS (1, 4%)",R01 (17); R34 (2); R03 (1); R21 (1); R61 (1); R33 (1)
Gretchen Carlyle Scott,NINDS,23,2026,"BMHO (1, 4%); ANIE (1, 4%)","ZNS1-SRB (20, 87%); ZRG1-BDCN (1, 4%); ZRG1-CN (1, 4%)",U24 (15); R01 (3); U01 (2); UH3 (2); UG3 (1)
Heather Colley,NHGRI,23,2026,"GNOM-G (3, 13%); GNOM(O1)-G (1, 4%)","ZHG1-HGR (15, 65%); ZRG1-MGG (4, 17%); ZRG1-F08 (3, 13%); ZRG1-MBBC (1, 4%)",R25 (10); T32 (8); F31 (3); U13 (1); K00 (1)
Heather Lynn Rusch,NIMH,23,2026,"APDA (10, 43%); NPAS (4, 17%); MESH (1, 4%); BMHO (1, 4%); LHB (1, 4%)","ZRG1-BBBP (2, 9%); ZMH1-ERB (1, 4%); ZRG1-APDA (1, 4%)",R01 (17); R21 (3); R33 (1); RF1 (1); R15 (1)
Holly Renee Campbell-Rosen,NIMH,23,2026,"SERV (2, 9%); HIBI (2, 9%); HPC (1, 4%); SIHH (1, 4%); SPIP (1, 4%)","ZMH1-ERB (9, 39%); ZRG1-IMST (1, 4%); ZRG1-HSS (1, 4%); ZRG1-SCIL (1, 4%)",R01 (12); R03 (3); R34 (3); K23 (2); K01 (1); R33 (1)
Jill Mattia,NIDCR,23,2026,"BMIO (1, 4%); MFSR (1, 4%)","ZDE1-YM (17, 74%); ZDE1-CF (3, 13%); ZRG1-SCIL (1, 4%)",UH3 (16); UG3 (5); U01 (1); R01 (1)
Li Zhang,NHGRI,23,2026,"GCAT (4, 17%); BMRD (3, 13%); BDMA (3, 13%); GVE (2, 9%); GNOM-G (2, 9%)","ZHG1-HGR (4, 17%); ZRG1-MCST (2, 9%); ZRG1-HSS (1, 4%); ZRG1-BP (1, 4%)",R01 (11); R44 (3); U01 (2); R56 (1); R21 (1); R35 (1)
Morris Flood,NIDA,23,2026,,"ZRG1-SCIL (9, 39%); ZRG1-CCHI (3, 13%); ZDA1-GXM (2, 9%); ZDA1-CEM (2, 9%); ZDA1-SKM (2, 9%)",R44 (13); R43 (6); R41 (3); R42 (1)
Nina B Silverberg,NIA,23,2026,"BMIO (1, 4%); AGCD-4 (1, 4%)","ZAG1-ZIJ (20, 87%); ZRG1-AN (3, 13%)",P30 (20); R01 (1); R13 (1); RF1 (1)
Noffisat Oki,NIDCR,23,2026,"CTIS (3, 13%); CDMA (2, 9%); EITA (2, 9%); MCDC (1, 4%); TPM (1, 4%)","ZDE1-CC (3, 13%); ZRG1-HSS (3, 13%); ZRG1-IVBH (2, 9%); ZRG1-SCIL (1, 4%); ZDE1-YM (1, 4%)",R01 (15); R03 (3); R21 (1); U01 (1); RM1 (1); R56 (1)
Sonia S Lee,NICHD,23,2026,"HCCS (2, 9%); CHHD-A (1, 4%); CPDD (1, 4%); DBD (1, 4%); CHHD-R (1, 4%)","ZHD1-DSR (7, 30%); ZRG1-AARR (3, 13%); ZRG1-F17B (2, 9%); ZHD1-SRC (1, 4%); ZRG1-HSS (1, 4%)",R01 (8); UG1 (4); R33 (4); R13 (2); UH3 (1); F30 (1)
Thomas C Radman,NCATS,23,2026,"CDMA (1, 4%)","ZTR1-SRC (15, 65%); ZTR1-CI (4, 17%); ZTR1 (4, 17%); ZRG1-MBBC (2, 9%); ZRG1-HSS (1, 4%)",UL1 (5); TL1 (5); KL2 (5); UM1 (2); UG3 (2); K12 (2)
Winona Richey Nice,NIBIB,23,2026,"IGIS (16, 70%); BTSS (3, 13%); ITD (2, 9%); IPCA (1, 4%); INN (1, 4%)",,R01 (16); R21 (4); R15 (1); R03 (1); U01 (1)
Altaf Mohammed,NCI,22,2026,"CPSS (6, 27%)","ZCA1-RTRB (5, 23%); ZCA1-SRB (4, 18%); ZRG1-MBBC (4, 18%); ZCA1-TCRB (2, 9%); ZRG1-CTH (1, 5%)",UG3 (12); R01 (5); UH3 (2); U24 (1); R37 (1); P01 (1)
Beena Akolkar,NIDDK,22,2026,"DDK-B (2, 9%); BMDM (2, 9%); KNOD (2, 9%); KEDD (2, 9%); HAI (1, 5%)","ZDK1-GRB (5, 23%); ZRG1-EMS (5, 23%)",R01 (16); K23 (2); R03 (2); K08 (1); R56 (1)
Brian S Sorg,NCI,22,2026,"CMT (5, 23%); ATA (2, 9%); CBSS (1, 5%); BTSS (1, 5%); NANO (1, 5%)","ZCA1-TCRB (5, 23%); ZCA1-RPRB (2, 9%); ZTR1-TC (1, 5%); ZRG1-BCMB (1, 5%); ZRG1-SBIB (1, 5%)",R01 (8); R21 (4); R37 (3); R33 (2); UH3 (1); R35 (1)
Cheryse A Sankar,NINDS,22,2026,"HSQE (1, 5%); AIMR (1, 5%); HHD (1, 5%)","ZNS1-SRB (14, 64%); ZRG1-BP (1, 5%); ZRG1-EPH (1, 5%); ZRG1-IFCN (1, 5%); ZGM1-RCB (1, 5%)",R01 (6); RF1 (3); R34 (3); K01 (2); U01 (2); R37 (1)
Danielle M Carrick,NCI,22,2026,"CHSA (4, 18%); CHSB (3, 14%); CHD (3, 14%); NCI-J (1, 5%); CG (1, 5%)","ZCA1-RTRB (4, 18%); ZCA1-TCRB (2, 9%); ZCA1-SRB (1, 5%); ZRG1-OTC (1, 5%); ZRG1-OBT (1, 5%)",R01 (10); U01 (5); R37 (3); R03 (2); U19 (1); R21 (1)
John Frederic Kunz,NHLBI,22,2026,"CHSB (5, 23%); CHSA (4, 18%); CCHS (2, 9%); CRD (2, 9%); KEDD (1, 5%)","ZHL1-CSR (1, 5%); ZRG1-EPH (1, 5%)",R01 (21); R21 (1)
Margaret Elizabeth Mayer,NCI,22,2026,"IPTA (5, 23%); CIHB (3, 14%); HPC (3, 14%); DIRH (2, 9%); SSPB (1, 5%)","ZRG1-RPHB (3, 14%); ZRG1-ICN (2, 9%); ZRG1-CCHI (1, 5%); ZCA1-SRB (1, 5%)",R01 (14); R21 (3); R00 (2); U54 (2); R34 (1)
Marina Protopopova,NIAID,22,2026,"HVCD (9, 41%); HCAC (1, 5%); AIDS (1, 5%)","ZRG1-IIDB (3, 14%); ZRG1-F17A (2, 9%); ZAI1-LAR (2, 9%); ZAI1-SS (1, 5%); ZAI1-MSA (1, 5%)",R01 (6); R21 (4); R61 (3); R24 (2); F31 (2); R33 (1)
Min He,NCI,22,2026,"NCI-A (18, 82%)","ZCA1-RTRB (4, 18%); ZRG1-CDPT (2, 9%); ZCA1 (1, 5%)",P30 (22)
Piotr Grodzinski,NCI,22,2026,"IGIS (2, 9%); IPCA (2, 9%); CTIS (2, 9%); ATA (2, 9%); NANO (1, 5%)","ZRG1-IMST (4, 18%); ZRG1-SBIB (3, 14%); ZCA1-PCRB (1, 5%); ZRG1-CTH (1, 5%); ZRG1-BBBT (1, 5%)",R01 (17); R00 (1); U01 (1); R37 (1); R13 (1); R21 (1)
Susan Eileen Borja,NIMH,22,2026,"NPAS (11, 50%); MESH (2, 9%); PDRP (2, 9%); LAM (1, 5%); CPDD (1, 5%)","ZRG1-BBBP (2, 9%); ZRG1-PSE (1, 5%); ZMH1-ERB (1, 5%)",R01 (19); R33 (1); RF1 (1); R03 (1)
Tisha R A Wiley,NIDA,22,2026,"ODHS (7, 32%); CDMA (1, 5%); SIHH (1, 5%); CIHB (1, 5%); DIRH (1, 5%)","ZRG1-HSS (5, 23%); ZRG1-HDM (1, 5%); ZTR1-DPI (1, 5%); ZRG1-F16 (1, 5%); ZDA1-LXF (1, 5%)",R01 (12); K01 (5); K23 (1); DP2 (1); F31 (1); R21 (1)
Tonse N Raju,OD,22,2026,,"ZRG1-BBBP (19, 86%); ZRG1-EMS (19, 86%)",UG1 (20); U24 (2)
Triesta M Fowler,NIMHD,22,2026,"HHD (6, 27%); HSQE (2, 9%); CMGC (1, 5%); SIHH (1, 5%); ODHS (1, 5%)","ZMD1-DRI (4, 18%); ZRG1-HSS (2, 9%); ZRG1-RPHB (1, 5%); ZMD1-MLS (1, 5%); ZMD1-JT (1, 5%)",R01 (9); R21 (6); R44 (2); K01 (2); P50 (1); K08 (1)
Zhaoxia Ren,NICHD,22,2024,"BTSS (1, 5%); CHHD-B (1, 5%); PN (1, 5%); NMBH (1, 5%)","ZRG1-EMNR (7, 32%); ZRG1-MCST (5, 23%); ZHD1-DSR (4, 18%); ZRG1-EMS (1, 5%); ZRG1-MDCN (1, 5%)",R01 (16); P50 (2); R24 (1); T32 (1); R44 (1); K23 (1)
Adelina Ewura-Abena Bartels,NIAID,21,2024,,"ZAI1-CAB (8, 38%); ZAI1-LK (7, 33%); ZAI1-BJM (3, 14%); ZAI1-MFH (1, 5%); ZAI1-KJK (1, 5%)",R13 (21)
Cashell E Jaquish,NHLBI,21,2026,"CHSB (4, 19%); CHSA (3, 14%); CRD (3, 14%); GHD (2, 10%); IVPP (1, 5%)","ZRG1-RPHB (1, 5%); ZRG1-CCHI (1, 5%)",R01 (19); R21 (2)
Catherine Melissa Pichardo,NIMHD,21,2026,"CIHB (2, 10%); ODHS (2, 10%); CDMA (1, 5%); HHD (1, 5%); SSPA (1, 5%)","ZMD1-DRI (5, 24%); ZRG1-F16 (3, 14%); ZRG1-HSS (2, 10%); ZRG1-SCIL (1, 5%); ZRG1-F18 (1, 5%)",R01 (9); R21 (3); F30 (3); K01 (2); K18 (1); K23 (1)
Christopher Gentry Duncan,NIEHS,21,2026,"SIEE (2, 10%); BDMA (1, 5%); SSPB (1, 5%); ASPB (1, 5%)","ZES1-BWD (5, 24%); ZRG1-BBBT (4, 19%); ZRG1-MCST (4, 19%); ZRG1-BST (2, 10%); ZES1-LWJ (1, 5%)",R24 (6); U24 (5); R01 (5); R50 (2); R03 (1); R13 (1)
Christopher Wellington,NHGRI,21,2026,"GNOM-G (5, 24%); BDMA (4, 19%); GCAT (4, 19%); GVE (2, 10%)","ZHG1-HGR (6, 29%); ZRG1-MGG (3, 14%)",U24 (10); R01 (10); R13 (1)
Curt Tavis Dellavalle,NCI,21,2026,"CHD (6, 29%); SEDH (4, 19%); CHSB (1, 5%); SSPA (1, 5%); CHSA (1, 5%)","ZCA1-SRB (3, 14%); ZRG1-OBT (1, 5%); ZCA1-RTRB (1, 5%); ZRG1-EPH (1, 5%)",R01 (11); R21 (3); UH3 (2); R03 (2); U01 (2); R37 (1)
Elyse Rachelle Grossman,NIDA,21,2026,"CIHB (4, 19%); SSPA (3, 14%); ARM (1, 5%); LHB (1, 5%); CLHP (1, 5%)","ZRG1-F18 (4, 19%); ZRG1-HDM (1, 5%); ZDA1-GXM (1, 5%); ZDA1-LXF (1, 5%); ZRG1-HSS (1, 5%)",R01 (9); K01 (3); R36 (2); R03 (2); R37 (1); F32 (1)
Emrin U Horgusluoglu,NCCIH,21,2026,"CDMA (1, 5%); POMD (1, 5%)","ZRG1-CCHI (3, 14%); ZRG1-IVBH (2, 10%); ZRG1-BN (2, 10%); ZRG1-SCIL (1, 5%); ZAT1-JM (1, 5%)",R01 (7); R41 (3); R43 (3); U24 (2); K08 (1); U01 (1)
Eunyoung Kim,NIMH,21,2026,"MNG (2, 10%); HCMF (1, 5%); CDMA (1, 5%); BDMA (1, 5%); NC (1, 5%)","ZRG1-RCCS (5, 24%); ZMH1-ERB (4, 19%); ZRG1-MCST (2, 10%); ZRG1-NV (2, 10%); ZMH1 (1, 5%)",R01 (10); DP2 (5); R21 (4); R24 (1); R50 (1)
Farris Keith Tuma,NIMH,21,2026,"APDA (5, 24%); NPAS (4, 19%); CIDH (1, 5%); MESH (1, 5%); PMDA (1, 5%)","ZMH1-ERB (4, 19%); ZRG1-BBBP (1, 5%); ZRG1-RPHB (1, 5%); ZRG1-CN (1, 5%); ZRG1-NINC (1, 5%)",R01 (13); R61 (4); R21 (2); R03 (1); R33 (1)
Gallya Gannot,NCATS,21,2026,,"ZTR1-SRC (9, 43%); ZTR1-CI (7, 33%); ZRG1-HSS (2, 10%); ZTR1-SBIR (1, 5%); ZRG1-MBBC (1, 5%)",UL1 (3); K12 (3); UM1 (3); KL2 (3); TL1 (3); RC2 (2)
Jamie Mihoko Doyle,NCATS,21,2026,,"ZTR1-SRC (12, 57%); ZTR1-CI (6, 29%); ZTR1-CG (1, 5%); ZRG1-MCST (1, 5%); ZRG1-MGG (1, 5%)",TL1 (4); KL2 (4); UM1 (4); UL1 (4); K12 (4); R13 (1)
Joseph J Breen,NIAID,21,2026,"CMIB (1, 5%); PRID (1, 5%); CTIS (1, 5%)","ZRG1-CFS (6, 29%); ZAI1-TC (4, 19%); ZAI1-MR (2, 10%); ZRG1-BBBT (1, 5%); ZRG1-ICN (1, 5%)",R01 (6); U01 (4); R24 (4); R21 (3); U24 (1); U54 (1)
Kathleen Nelle Fenton,NHLBI,21,2026,"BTSS (3, 14%); SAT (1, 5%); MABS (1, 5%)","ZRG1-ISB (8, 38%); ZRG1-HSS (2, 10%); ZRG1-SEIR (2, 10%); ZRG1 (2, 10%); ZRG1-NV (1, 5%)",R01 (9); R44 (6); R41 (4); SB1 (1); R43 (1)
Minnjuan Wyncephel Flournoy Floyd,NIDDK,21,2026,"CMGC (2, 10%); DDK(M1)-1-B (2, 10%); BMHO (2, 10%); HHD (1, 5%); LCBH (1, 5%)","ZDK1-GRB (6, 29%); ZRG1-HSS (3, 14%); ZRG1-RPHB (1, 5%); ZRG1-T06A (1, 5%)",R01 (14); K23 (3); R34 (2); R18 (1); K99 (1)
Mollie A Minear,NHGRI,21,2026,"GNOM-G (2, 10%); GVE (1, 5%); BMRD (1, 5%)","ZHG1-HGR (13, 62%); ZRG1-MGG (3, 14%); ZRG1-BST (2, 10%); ZRG1-EMNR (1, 5%)",U01 (9); U24 (7); R01 (4); RM1 (1)
Rebecca Eve Hommer,NINDS,21,2026,"AIMR (4, 19%); ANIE (1, 5%); NMBH (1, 5%); NAME (1, 5%); ASG (1, 5%)","ZAT1-SH (4, 19%); ZNS1-SRB (3, 14%); ZRG1-EMS (1, 5%); ZNS1-SRC (1, 5%); ZRG1-F01B (1, 5%)",R01 (7); U01 (3); UG3 (3); RF1 (2); UH3 (2); R25 (1)
Sonya Roberson,NCI,21,2026,"NCI-A (16, 76%)","ZCA1-RTRB (4, 19%); ZCA1 (2, 10%); ZRG1-CTH (2, 10%); ZRG1-CDPT (1, 5%)",P30 (21)
Susan Alison Laessig,OD,21,2026,,"ZRG1-EPH (21, 100%)",UG3 (11); UH3 (9); U24 (1)
Tanya Agurs-Collins,NCI,21,2026,"LCBH (6, 29%); PRDP (2, 10%); BMHO (2, 10%); BMIO (1, 5%); SIHH (1, 5%)","ZRG1-CCHI (2, 10%); ZCA1-TCRB (2, 10%); ZCA1-SRB (1, 5%); ZRG1-HSS (1, 5%); ZRG1-CTH (1, 5%)",R01 (15); R37 (2); R34 (2); UG3 (1); P01 (1)
Tatiana Meza-Cervera,NIMH,21,2026,,"ZRG1-F16 (11, 52%); ZMH1-ERB (9, 43%); ZRG1-F18 (1, 5%)",F31 (11); R13 (9); R36 (1)
Vanessa J Marshall,NIMHD,21,2026,"SPIP (2, 10%); SSPB (1, 5%); CIHB (1, 5%); HHD (1, 5%); CMGC (1, 5%)","ZMD1-XLN (6, 29%); ZMD1-DRI (3, 14%); ZMD1-KNL (2, 10%); ZRG1-SCIL (1, 5%); ZRG1-CCHI (1, 5%)",R01 (9); S21 (6); K23 (3); R43 (2); U54 (1)
Amanda A Melillo,NIDCR,20,2026,"MCDC (1, 5%)","ZRG1-IIDA (14, 70%); ZDE1-YM (3, 15%); ZRG1-SBIB (1, 5%); ZRG1-MBBC (1, 5%)",U01 (12); R03 (4); U24 (2); R21 (1); DP1 (1)
Amy Colleen Palin,NIAID,20,2026,"HIVD (6, 30%)","ZAI1-RCU (3, 15%); ZRG1-IIDB (2, 10%); ZAI1-SB (1, 5%); ZAI1-DNV (1, 5%); ZAI1-JP (1, 5%)",R01 (7); R24 (2); P01 (2); R21 (2); U24 (1); R33 (1)
Deborah Hayes,NIAID,20,2026,,"ZAI1-JTS (7, 35%); ZAI1-TCB (5, 25%); ZAI1-VSR (2, 10%); ZRG1-RCCS (2, 10%); ZAI1-HSC (1, 5%)",U01 (18); R01 (1); R34 (1)
Emily Laura Caporello,NINDS,20,2025,,"ZRG1-NV (8, 40%); ZRG1-ETTN (3, 15%); ZRG1-MCST (2, 10%); ZRG1-BST (2, 10%); ZRG1-RPHB (1, 5%)",R44 (13); R42 (3); SB1 (2); UB1 (1); R41 (1)
Joan M Ohayon,NINDS,20,2026,"CIDH (1, 5%)","ZNS1-SRB (18, 90%); ZNS1-SRC (1, 5%)",U24 (13); U01 (3); OT2 (1); UG3 (1); R01 (1); UH3 (1)
John Leo Clifford,NCI,20,2026,"CPSS (5, 25%); CNBT (3, 15%); NOMD (1, 5%); DBDT (1, 5%)","ZCA1-SRB (3, 15%); ZCA1-RTRB (2, 10%); ZRG1-CN (1, 5%); ZCA1-SRC (1, 5%); ZCA1 (1, 5%)",R01 (15); R21 (3); U54 (2)
Karen Marie Plevock Haase,NHLBI,20,2026,"SIHH (3, 15%); DIRH (2, 10%); CMGC (2, 10%); MPOR (JA) (1, 5%); ODHS (1, 5%)","ZHL1-CSR (3, 15%); ZRG1-SCIL (2, 10%); ZRG1-HSS (2, 10%); ZMD1-DRI (1, 5%); ZRG1-EMS (1, 5%)",R01 (9); R13 (3); K01 (2); K23 (2); R34 (2); R43 (1)
Kris A Wetterstrand,NHGRI,20,2026,"GVE (6, 30%); GCAT (4, 20%); GNOM-G (2, 10%); GHD (1, 5%); BDMA (1, 5%)","ZHG1-HGR (7, 35%)",R01 (16); K99 (2); R03 (1); R21 (1)
Naoko Ishibe Simonds,NCI,20,2026,"CHD (4, 20%); CBSS (2, 10%); CHSB (2, 10%); CHSA (1, 5%); CPSS (1, 5%)","ZCA1-SRB (4, 20%); ZRG1-EPH (2, 10%); ZCA1-RTRB (1, 5%); ZRG1-PSE (1, 5%); ZCA1 (1, 5%)",R01 (12); U01 (3); R21 (2); P01 (1); R56 (1); R50 (1)
Passley R Hargrove,NCATS,20,2026,,"ZTR1-TC (10, 50%); ZRG1-MCST (3, 15%); ZRG1-KUDS (3, 15%); ZTR1-CG (1, 5%); ZRG1-BBBT (1, 5%)",UH3 (8); R43 (4); U2C (2); R44 (2); R13 (1); R41 (1)
Ramachandran Nmn Arudchandran,NINDS,20,2026,"NSD-A (5, 25%)","ZNS1-SRB (7, 35%); ZRG1-ETTN (6, 30%); ZRG1-NV (2, 10%)",R33 (8); UG3 (5); R61 (3); UH3 (3); U44 (1)
Randiak Alaro,NCI,20,2026,,"ZCA1-SRB (8, 40%); ZCA1-RPRB (8, 40%); ZCA1 (4, 20%); ZCA1-PCRB (4, 20%)",U01 (16); R13 (4)
Sangeeta Ahuja Ghosh,NCI,20,2026,"NCI-J (18, 90%)","ZCA1-RPRB (1, 5%); ZCA1 (1, 5%)",K08 (18); R25 (1); U54 (1)
Sarah Elizabeth Robinson Schwartz,NINDS,20,2026,"NSD-C (12, 60%); BTEN (1, 5%)","ZNS1-SRB (4, 20%); ZRG1-NV (3, 15%)",UH3 (10); UG3 (6); U44 (2); R61 (2)
Sarika Rane Parasuraman,NIAAA,20,2026,"AA-2 (2, 10%); CIHB (2, 10%); LHB (2, 10%); SSPA (2, 10%); SSPB (2, 10%)","ZAA1-GG (5, 25%); ZRG1-CCHI (1, 5%)",R01 (8); F31 (5); R03 (2); R21 (2); K23 (1); R56 (1)
Amanda Marie Acevedo,NCI,19,2026,"CMGC (3, 16%); BMHO (2, 11%); LCBH (2, 11%); NCI-I (1, 5%); HSDO (1, 5%)","ZRG1-SCIL (3, 16%); ZCA1-TCRB (3, 16%); ZCA1-SRB (1, 5%); ZRG1-CCHI (1, 5%)",R01 (9); UC2 (2); R00 (2); R37 (2); R21 (2); R34 (1)
Amy Davidoff,NCI,19,2026,"ODHS (7, 37%); HHD (4, 21%); ICSC (1, 5%)","ZRG1-HSS (3, 16%); ZCA1-RTRB (2, 11%); ZCA1-SRB (2, 11%)",R01 (12); R37 (3); R00 (2); R50 (1); R03 (1)
Aruna R Natarajan,NHLBI,19,2024,"RIBT (4, 21%); LIRR (2, 11%); LCMI (2, 11%); CTIS (2, 11%); PN (1, 5%)","ZRG1-PSE (2, 11%); ZRG1-CVRS (1, 5%)",R01 (17); R21 (1); K23 (1)
Arundhati Gogineni,NIMHD,19,2026,"SPIP (3, 16%); PDRP (2, 11%); ARM (1, 5%); CIHB (1, 5%)","ZMD1-DRI (3, 16%); ZRG1-BP (1, 5%); ZMD1-XLN (1, 5%); ZMD1-JT (1, 5%); ZRG1-F16 (1, 5%)",R01 (6); R21 (4); K01 (3); R43 (2); U54 (2); F32 (1)
Behnoosh Ramji Momin,NCI,19,2026,"CHD (2, 11%); SSPA (1, 5%); CHSA (1, 5%); KNOD (1, 5%); CHSB (1, 5%)","ZRG1-SCIL (4, 21%); ZCA1-TCRB (3, 16%); ZCA1-SRB (1, 5%); ZCA1-PCRB (1, 5%); ZRG1-OBT (1, 5%)",R01 (6); U01 (4); UC2 (3); R37 (2); UH3 (1); R13 (1)
Christine Q Chang,NHGRI,19,2026,,"ZHG1-HGR (18, 95%); ZRG1-SEIR (1, 5%)",R01 (12); U01 (4); R21 (1); R35 (1); R56 (1)
Eric Michael Hudak,NINDS,19,2026,"NSD-C (7, 37%)","ZNS1-SRB (9, 47%); ZRG1-NV (2, 11%); ZRG1-BST (1, 5%)",UH3 (6); UG3 (6); RM1 (4); U44 (2); U41 (1)
Francisco Leyva,NCATS,19,2026,,"ZTR1-CI (9, 47%); ZTR1-SRC (6, 32%); ZRG1-MCST (2, 11%); ZTR1 (1, 5%); ZRG1-MBBC (1, 5%)",UM1 (5); K12 (4); UL1 (2); TL1 (2); KL2 (2); U01 (1)
Jared P Reis,NHLBI,19,2026,"CRD (2, 11%); CHSA (2, 11%); RPPH (2, 11%); CHSB (1, 5%); CLHP (1, 5%)","ZHL1-CSR (2, 11%); ZRG1-HDM (1, 5%)",R01 (17); R35 (1); R13 (1)
Jason Carlos Sousa,NIDA,19,2026,"NIDA-L (6, 32%); DBTD (1, 5%); EDD (1, 5%); NIDA-S-L (1, 5%)","ZDA1-IXN (7, 37%); ZDA1-YXF (1, 5%); ZDA1-GXM (1, 5%); ZGM1-RCB (1, 5%); ZRG1-BP (1, 5%)",UH3 (9); U01 (3); R21 (2); UG3 (2); P30 (1); R16 (1)
Kayla Jean Hurd,NIDDK,19,2026,,"ZDK1-GRB (16, 84%); ZRG1-SCIL (3, 16%); ZDK1 (1, 5%)",R13 (13); U01 (5); U24 (1)
Krista A Zanetti,OD,19,2026,,"ZRG1-EPH (19, 100%)",UG3 (10); UH3 (8); U24 (1)
Kristin Kathleen Kano,OD,19,2026,"CFOT (1, 5%); CFOT (04) (1, 5%); CFOT(04) (1, 5%)","ZOD1-SRC (15, 79%); ZRG1-BBBT (2, 11%)",OT2 (17); U54 (1); U24 (1)
Merriline M Vedamony,NIAID,19,2026,,"ZAI1-MMO (9, 47%); ZAI1-TC (7, 37%); ZAI1-JA (2, 11%); ZAI1 (2, 11%); ZRG1-KUDS (1, 5%)",U01 (18); R44 (1)
Mesfin Awoke Bekalu,NIMH,19,2026,"SIHH (3, 16%); EMHI (1, 5%); SERV (1, 5%); CMGC (1, 5%); PPAH (1, 5%)","ZRG1-CCHI (6, 32%); ZMH1-ERB (1, 5%); ZRG1-CN (1, 5%); ZRG1-HDM (1, 5%); ZRG1-RPHB (1, 5%)",R01 (7); R21 (5); R33 (4); K01 (2); RF1 (1)
Mona A Puggal,NHLBI,19,2026,"CHSB (5, 26%); CHSA (3, 16%); KNOD (1, 5%); CCHS (1, 5%); SSPB (1, 5%)","ZRG1-SCIL (4, 21%); ZGM1-TRN (1, 5%); ZRG1-EMNR (1, 5%); ZRG1-HDM (1, 5%)",R01 (18); P01 (1)
Peter Ujhazy,NCI,19,2026,,"ZCA1-RPRB (12, 63%); ZCA1-SRB (5, 26%); ZCA1-TCRB (1, 5%); ZCA1-GRB (1, 5%); ZCA1 (1, 5%)",P50 (13); U01 (3); U24 (2); R50 (1)
Raul N Mandler,NIDA,19,2026,"HCCS (3, 16%); NPAS (1, 5%); CRD (1, 5%); HIBI (1, 5%); NIDA-L (1, 5%)","ZDA1-TXT (2, 11%); ZRG1-RCCS (1, 5%); ZRG1-RPHB (1, 5%); ZRG1-CCHI (1, 5%); ZRG1-HSS (1, 5%)",R01 (11); K24 (2); R21 (2); U01 (1); R34 (1); DP1 (1)
Robin Cline Vanderpool,NCI,19,2026,"CMGC (3, 16%); ICSC (1, 5%); PRDP (1, 5%); CIDH (1, 5%); SIHH (1, 5%)","ZCA1-RPRB (4, 21%); ZCA1-SRB (2, 11%); ZRG1-HDM (1, 5%); ZCA1-PCRB (1, 5%); ZMD1-KNL (1, 5%)",R01 (11); P50 (3); R37 (2); R21 (2); R13 (1)
Shannon Sharee Givens-Bradley,NINR,19,2026,"CMGC (2, 11%); CIDH (1, 5%); LCBH (1, 5%); NRCS (1, 5%); PN (1, 5%)","ZRG1-HSS (3, 16%); ZNR1-REV (2, 11%); ZRG1-CCHI (2, 11%); ZRG1-SCIL (1, 5%); ZRG1-BBBP (1, 5%)",R01 (15); F31 (2); R25 (1); K23 (1)
Stephen Anthony Gallo,NIAID,19,2026,"AITC (1, 5%)","ZAI1-RCU (4, 21%); ZAI1-VSR (3, 16%); ZAI1-RK (3, 16%); ZRG1-CDB (2, 11%); ZRG1-F07C (2, 11%)",R38 (11); F31 (4); R25 (3); K38 (1)
Tiina K Urv,NCATS,19,2026,"CHHD-C (1, 5%)","ZTR1-RD (9, 47%); ZTR1-CG (3, 16%); ZRG1-BBBT (2, 11%); ZRG1-CCHI (1, 5%); ZRG1-MCST (1, 5%)",R21 (8); R13 (4); R43 (3); R44 (1); R25 (1); U2C (1)
Tristan David McClure-Begley,NIDA,19,2026,"NMB (3, 16%); MCNP (3, 16%); HCCS (2, 11%)","ZDA1-JRB (3, 16%); ZDA1-GXM (2, 11%); ZDA1-SKP (2, 11%); ZDA1-SKM (1, 5%); ZGM1-RCB (1, 5%)",R21 (8); R01 (5); R03 (1); R13 (1); R16 (1); K01 (1)
Yong Yao,NIMH,19,2026,,"ZMH1-ERB (18, 95%); ZMH1 (2, 11%); ZRG1-OBT (1, 5%)",R01 (7); UM1 (5); U24 (4); U01 (3)
Young S Kim,NCI,19,2026,"CPSS (11, 58%); DHMI (1, 5%); BMIO (1, 5%)","ZCA1-SRB (3, 16%); ZRG1-OTC (1, 5%); ZRG1-HDM (1, 5%); ZRG1-BTC (1, 5%)",R01 (15); R21 (2); R03 (1); U01 (1)
Annette R Kaufman,NCI,18,2026,"LHB (3, 17%); IPTA (2, 11%); CIHB (2, 11%); HSQE (1, 6%); ARM (1, 6%)","ZCA1-RTRB (2, 11%); ZRG1-CCHI (2, 11%); ZRG1-HDM (1, 6%); ZCA1-TCRB (1, 6%); ZRG1-RPHB (1, 6%)",R01 (13); R21 (1); R61 (1); R00 (1); R37 (1); R33 (1)
Benfeard Leechelle Williams,NIA,18,2026,"ASG (2, 11%); MESH (2, 11%); AGCD-3 (1, 6%); AGCD-2 (1, 6%); AGCD-4 (1, 6%)","ZRG1-NV (5, 28%); ZRG1-AN (2, 11%); ZRG1-BDCN (1, 6%); ZRG1-MCST (1, 6%); ZRG1-BBBP (1, 6%)",R61 (6); R44 (3); K23 (3); UG3 (2); R42 (1); SB1 (1)
Chandra Keller,NIA,18,2026,"ODHS (3, 17%); HSQE (2, 11%); ICSC (1, 6%); HHD (1, 6%)","ZRG1-HSS (4, 22%); ZRG1-HDM (3, 17%); ZAG1-ZIJ (2, 11%); ZRG1-VH (1, 6%); ZRG1-CCHI (1, 6%)",R01 (15); RF1 (1); R21 (1); R03 (1)
Christopher Hartshorn,NCATS,18,2026,,"ZTR1-SRC (6, 33%); ZTR1-CI (6, 33%); ZRG1-MBBC (3, 17%); ZTR1 (2, 11%); ZRG1-MGG (1, 6%)",UM1 (5); K12 (5); KL2 (3); UL1 (2); TL1 (2); U24 (1)
Christopher Lynch,NIDDK,18,2026,,"ZDK1-GRB (18, 100%)",P30 (18)
Dana K Andersen,NIDDK,18,2024,"DNPD (4, 22%); KEDD (2, 11%); ICER (1, 6%); CIDH (1, 6%); ODHS (1, 6%)","ZRG1-DKUS (4, 22%); ZDK1-GRB (1, 6%)",R01 (18)
Dave J Kaufman,NHGRI,18,2026,"GNOM-G (3, 17%)","ZRG1-SEIR (15, 83%)",R01 (9); K01 (4); R00 (2); K00 (1); F99 (1); K99 (1)
David Clark,NICHD,18,2025,"CHHD-M (3, 17%); CHHD-A (1, 6%); HPC (1, 6%); PRDP (1, 6%); CTIS (1, 6%)","ZRG1-EMNR (4, 22%); ZRG1-RPHB (1, 6%); ZHD1-DSR (1, 6%); ZRG1-DKUS (1, 6%)",R01 (8); UG1 (3); K23 (2); K99 (2); U24 (1); R21 (1)
Fayna C Diaz San Segundo,NIAID,18,2026,,"ZAI1-SJ (12, 67%); ZAI1-SAS (4, 22%); ZAI1-ZL (2, 11%); ZRG1-KUDS (2, 11%)",UC7 (14); U19 (4)
Guangying Wu,NINDS,18,2026,"NSD-C (7, 39%)","ZNS1-SRB (8, 44%); ZRG1-NV (3, 17%)",UH3 (7); UG3 (6); U44 (3); R61 (2)
Gurvaneet Randhawa,NCI,18,2026,"ICSC (3, 17%); DIRH (2, 11%); SIHH (2, 11%); HHD (2, 11%); PRDP (1, 6%)","ZCA1-RPRB (2, 11%); ZRG1-VH (1, 6%); ZRG1-HDM (1, 6%); ZCA1-RTRB (1, 6%)",R01 (14); R00 (2); R37 (1); R21 (1)
Jana Drgonova,NIDA,18,2026,"DBDT (1, 6%); NIDA-L (1, 6%); RPPH (1, 6%); PRID (1, 6%); CMIR (1, 6%)","ZDA1-IXN (3, 17%); ZDA1-JRB (2, 11%); ZDA1-JXB (1, 6%); ZRG1-ISB (1, 6%); ZDA1-TXT (1, 6%)",R21 (7); UH3 (5); R01 (4); UG3 (1); U01 (1)
Joseph Thomas Ciccolo,NCI,18,2026,"IPTA (6, 33%); HIBI (3, 17%); ARM (3, 17%); HPC (1, 6%); LHB (1, 6%)","ZCA1-RTRB (2, 11%); ZRG1-CCHI (1, 6%); ZRG1-SCIL (1, 6%); ZRG1-CTH (1, 6%)",R01 (17); P01 (1)
Keva Wontoria Collier Kidemu,NIDA,18,2026,"ARM (3, 17%); SPIP (1, 6%); MESH (1, 6%); PDRP (1, 6%); SSPA (1, 6%)","ZRG1-F16 (3, 17%); ZDA1-MXS (2, 11%); ZDA1-GXM (1, 6%); ZAG1-ZIJ (1, 6%); ZRG1-HSS (1, 6%)",R01 (6); F31 (2); K23 (2); K01 (2); R13 (1); R36 (1)
Mary A Kautz,NIDA,18,2024,"ARM (3, 17%); MESH (1, 6%); BRLE (1, 6%); SPIP (1, 6%); NIDA-K (1, 6%)","ZRG1-CCHI (2, 11%); ZDA1-SKM (2, 11%); ZDA1-LXF (1, 6%); ZRG1-BBBP (1, 6%); ZRG1-F02A (1, 6%)",R01 (11); T32 (5); R36 (1); K01 (1)
Megan Michelle Frankowski,NINDS,18,2026,"NSD-C (8, 44%)","ZNS1-SRB (6, 33%); ZRG1-NV (3, 17%); ZRG1-SCIL (1, 6%)",UH3 (10); UG3 (2); U44 (2); R18 (2); R13 (1); R61 (1)
Mohd Mozharul Anwar,OD,18,2026,,"ZOD1-SRC (18, 100%)",OT2 (18)
Nancy J Emenaker,NCI,18,2026,"CPSS (7, 39%); CONC (2, 11%); BMHO (1, 6%); LCBH (1, 6%); MFSR (1, 6%)","ZCA1-SRB (3, 17%); ZRG1-BP (1, 6%); ZCA1-RTRB (1, 6%); ZRG1-CCHI (1, 6%)",R01 (15); R21 (1); R00 (1); R34 (1)
Pablo Cure,NCATS,18,2026,,"ZTR1-CI (11, 61%); ZTR1-SRC (3, 17%); ZRG1-MCST (2, 11%); ZRG1-CDB (1, 6%); ZRG1-MGG (1, 6%)",K12 (5); UM1 (5); RC2 (5); UL1 (1); KL2 (1); TL1 (1)
Paul P Doria-Rose,NCI,18,2026,"ODHS (5, 28%); HSQE (4, 22%); CMGC (1, 6%); SIHH (1, 6%); PPAH (1, 6%)","ZRG1-HDM (2, 11%); ZCA1-TCRB (1, 6%); ZRG1-HSS (1, 6%); ZRG1-CDPT (1, 6%)",R01 (10); R21 (3); R37 (1); U01 (1); R34 (1); UG3 (1)
Rebecca Liddell Huppi,NCI,18,2026,"HCAC (2, 11%); PPAH (1, 6%)","ZCA1-TCRB (5, 28%); ZCA1-RPRB (4, 22%); ZRG1-IIDB (3, 17%); ZCA1-SRB (2, 11%); ZDE1-TO (2, 11%)",R01 (10); U01 (6); UM1 (2)
Rebecca Roper,NHLBI,18,2025,"SIHH (2, 11%); SSPT(MA) (1, 6%); BMHO (1, 6%); ODHS (1, 6%); SSPT (MA) (1, 6%)","ZRG1-HSS (5, 28%); ZHL1-CSR (2, 11%)",R01 (9); R33 (4); R43 (1); R61 (1); R34 (1); T32 (1)
Ruth Huab Florese,NIAID,18,2026,"VMD (2, 11%); CRFS (2, 11%); MID-B (2, 11%); EDIT (1, 6%); RPPH (1, 6%)","ZRG1-PSE (2, 11%); ZAI1-MS (1, 6%); ZAI1-MSA (1, 6%); ZTR1-RD (1, 6%); ZAI1-KP (1, 6%)",R01 (7); U01 (4); K23 (2); R21 (1); U54 (1); K01 (1)
Sidney Wang Fu,NCI,18,2026,"MCDC (3, 17%); EITA (1, 6%); HBPP (1, 6%); CONC (1, 6%)","ZCA1-TCRB (5, 28%); ZCA1-SRB (2, 11%); ZRG1-CDPT (2, 11%); ZCA1-RTRB (1, 6%); ZCA1-PCRB (1, 6%)",U01 (8); R01 (5); UH2 (2); U2C (1); R37 (1); R03 (1)
Tyler Beck,NCATS,18,2026,,"ZTR1-SRC (17, 94%); ZRG1-MBBC (1, 6%)",OT2 (17); R44 (1)
Vani Pariyadath,NIDA,18,2024,"ARM (5, 28%); NPAS (3, 17%); HCMF (3, 17%); MESH (2, 11%); PDRP (2, 11%)","ZDA1-LXF (1, 6%)",R01 (15); K01 (3)
William N Elwood,NIDCR,18,2026,"CMPC (1, 6%); DSR (1, 6%); SPIP (1, 6%); BMIO (1, 6%); HSQE (1, 6%)","ZDE1-YM (3, 17%); ZRG1-SCIL (2, 11%); ZRG1-HSS (2, 11%); ZRG1-RPHB (1, 6%); ZDE1-CC (1, 6%)",R01 (5); UH3 (4); R21 (3); R42 (1); R35 (1); R03 (1)
Xenia Tigno,NIAMS,18,2026,,"ZRG1-PSE (9, 50%); ZRG1-EMNR (9, 50%); ZRG1-HSS (2, 11%)",K12 (18)
Geraldina Dominguez,NCI,17,2026,"HCCS (1, 6%); PPAH (1, 6%); HCAC (1, 6%)","ZCA1-TCRB (7, 41%); ZRG1-IIDB (3, 18%); ZRG1-AARR (2, 12%); ZCA1 (1, 6%); ZCA1-RPRB (1, 6%)",U54 (7); R01 (6); DP1 (3); R03 (1)
Gina Patience Roussos,NIMHD,17,2026,"CMGC (2, 12%); PDRP (1, 6%); LCBH (1, 6%); CIDO (1, 6%); RPPH (1, 6%)","ZMD1-DRI (4, 24%); ZMD1-XLN (2, 12%); ZMD1-KNL (2, 12%); ZRG1-RPHB (1, 6%); ZRG1 (1, 6%)",R01 (8); K01 (2); UC2 (1); U24 (1); K99 (1); K23 (1)
Heather D'Angelo,NCI,17,2026,"CLHP (1, 6%); LHB (1, 6%); CIDH (1, 6%); CIHB (1, 6%); HPC (1, 6%)","ZCA1-RPRB (3, 18%); ZRG1-HSS (2, 12%); ZRG1-CCHI (2, 12%); ZRG1-HDM (1, 6%); ZCA1-SRB (1, 6%)",R01 (15); R03 (1); P20 (1)
Jennifer Croswell,NCI,17,2026,"CHD (3, 18%); ODHS (3, 18%); HSOD (2, 12%); HSQE (2, 12%); HDEP (1, 6%)","ZRG1-HSS (1, 6%); ZCA1-SRB (1, 6%); ZRG1-HDM (1, 6%)",R01 (15); P01 (1); R37 (1)
Julia Lynn Bachman,NINDS,17,2026,,"ZNS1-SRB (9, 53%); ZRG1-NV (8, 47%)",R61 (11); U19 (2); RF1 (2); RM1 (1); U24 (1)
Lawrence A Beck,NIGMS,17,2024,,"ZRG1-CB (9, 53%); ZGM1-RCB (6, 35%); ZRG1-IMST (1, 6%); ZRG1-CDB (1, 6%)",R25 (10); R16 (6); R44 (1)
Leah Hubbard,NCI,17,2026,,"ZCA1-RPRB (15, 88%); ZCA1-TCRB (2, 12%); ZCA1 (1, 6%)",P50 (9); U54 (5); U19 (2); P20 (1)
Leonardo Cubillos,NIMH,17,2026,"SERV (2, 12%); SIHH (1, 6%); HIBI (1, 6%)","ZMH1-ERB (11, 65%); ZRG1-BDCN (2, 12%); ZMH1 (1, 6%)",R34 (9); R01 (6); RF1 (1); K23 (1)
Manana Sukhareva,NIBIB,17,2026,"BMBI (4, 24%); INN (2, 12%); CMT (2, 12%); GDD (1, 6%); ISD (1, 6%)","ZRG1-BBBT (3, 18%); ZRG1-MCST (1, 6%)",R01 (9); R21 (5); R15 (1); R03 (1); R56 (1)
Maria Silvina Frech,NCI,17,2026,"PRID (1, 6%)","ZCA1-SRB (13, 76%); ZCA1-RTRB (3, 18%); ZCA1 (1, 6%)",UG1 (12); U54 (3); R01 (1); U24 (1)
Marquitta Jonisse White,NIAMS,17,2026,,"ZRG1-HSS (12, 71%); ZRG1-PSE (5, 29%)",K12 (17)
Mercedes Rubio,NIGMS,17,2026,,"ZGM1-RCB (12, 71%); ZRG1-HDM (1, 6%); ZGM1 (1, 6%); ZRG1-CTH (1, 6%); ZRG1-EPH (1, 6%)",R16 (14); P20 (2); S06 (1)
Michael Wolz,NHLBI,17,2026,"BMRD (6, 35%); CHSB (3, 18%); ASPA (3, 18%); ASPB (2, 12%); CDMA (1, 6%)","ZRG1-HSS (2, 12%); ZHL1-CSR (1, 6%)",R01 (15); R21 (2)
Molly Elizabeth Maher,NCI,17,2026,"NCI-A (5, 29%)","ZCA1-SRB (7, 41%); ZCA1-RTRB (4, 24%); ZCA1-RPRB (1, 6%)",R50 (12); P30 (5)
Paul Anthony Burns,NIMHD,17,2026,"MESH (3, 18%); SPIP (1, 6%); ODHS (1, 6%); HHD (1, 6%); HDEP (1, 6%)","ZMD1-DRI (2, 12%); ZMD1-IN (2, 12%); ZRG1-SCIL (1, 6%); ZRG1-EPH (1, 6%); ZRG1-RPHB (1, 6%)",R01 (12); K23 (1); R44 (1); U54 (1); R00 (1); R43 (1)
Que Dang,NIAID,17,2026,"HIVD (4, 24%)","ZRG1-DCAI (3, 18%); ZRG1-AARR (2, 12%); ZAI1-VS (1, 6%); ZAI1-KGH (1, 6%); ZRG1-BCMB (1, 6%)",R01 (8); P01 (2); R21 (2); R56 (1); U01 (1); DP1 (1)
Rene Sterling,NHGRI,17,2026,,"ZRG1-SEIR (12, 71%); ZHG1-HGR (5, 29%); ZRG1 (1, 6%); ZRG1-SCIL (1, 6%)",R01 (5); K01 (3); R21 (2); T32 (2); K99 (2); UM1 (2)
Roxanne Elaine Jensen,NCI,17,2026,"ICSC (1, 6%); ASPB (1, 6%); BMHO (1, 6%); DIRH (1, 6%); CIDH (1, 6%)","ZCA1-SRB (6, 35%); ZRG1-HSS (1, 6%); ZRG1-BBBP (1, 6%); ZRG1-VH (1, 6%); ZRG1 (1, 6%)",R01 (11); R37 (3); P50 (2); R21 (1)
Usha K Sharma,NIAID,17,2026,"HCCS (5, 29%); AIDS (2, 12%); HVCD (2, 12%); HIBI (2, 12%); PPAH (1, 6%)","ZRG1-F17B (1, 6%); ZAI1-DNV (1, 6%); ZRG1-AARR (1, 6%); ZRG1-IDIB (1, 6%); ZRG1-RPHB (1, 6%)",R01 (13); K24 (2); F31 (1); R56 (1)
Anda Mioara Vlad,NCI,16,2026,"CPSS (6, 38%); DMPA (1, 6%); HCAC (1, 6%); NCI-I (1, 6%); THI (1, 6%)","ZCA1-SRB (2, 12%); ZRG1-OTC (1, 6%); ZCA1 (1, 6%); ZCA1-TCRB (1, 6%); ZRG1-CTH (1, 6%)",R01 (11); U54 (2); R21 (2); R00 (1)
Bradley Todd Scroggins,NCI,16,2026,,"ZCA1-RPRB (13, 81%); ZRG1-BTC (4, 25%); ZCA1-SRB (1, 6%)",P50 (14); U54 (1); R50 (1)
Carolyn Reyes-Guzman,NCI,16,2026,"IPTA (2, 12%); HPC (2, 12%); LHB (2, 12%); SIHH (2, 12%); ARM (1, 6%)","ZCA1-GRB (1, 6%); ZRG1-BP (1, 6%); ZCA1-SRB (1, 6%); ZRG1-CCHI (1, 6%)",R01 (10); R37 (2); R35 (1); R00 (1); R21 (1); R03 (1)
D'Andrea R Freemon,NHLBI,16,2026,"SSPT(OA) (2, 12%); AVI (2, 12%); BTSS (1, 6%); DBD (1, 6%); RPPH (1, 6%)","ZRG1-IVBH (2, 12%); ZHL1-CSR (1, 6%); ZRG1-RPHB (1, 6%); ZRG1-HSS (1, 6%); ZMD1-JT (1, 6%)",R01 (9); R33 (2); R44 (2); R03 (1); R43 (1); R21 (1)
Elena Estela Hernandez-Ramon,NHGRI,16,2026,"GNOM-G (6, 38%)","ZHG1-HGR (7, 44%); ZRG1-F08 (3, 19%); ZRG1-MGG (1, 6%)",R25 (10); F31 (3); T32 (1); F99 (1); K00 (1)
Eric Jitsuo Shiroma,NHLBI,16,2026,"CIHB (2, 12%); DIRH (1, 6%); CMGC (1, 6%); CDMA (1, 6%); ASPA (1, 6%)","ZHL1-CSR (4, 25%); ZRG1-CCHI (2, 12%); ZAT1-SN (1, 6%); ZRG1-HSS (1, 6%)",R01 (6); R13 (4); R21 (3); R43 (2); UH3 (1)
Gerald B Sharp,NIAID,16,2026,"PPAH (8, 50%); HCAC (2, 12%); AIDS (1, 6%); HCCS (1, 6%); HIBI (1, 6%)","ZAI1-CD (1, 6%); ZAI1-JHM (1, 6%)",R01 (9); R21 (5); K08 (1); DP2 (1)
Hasnaa Shafik,NCI,16,2026,"NCI-A (16, 100%)",,P30 (16)
Jamal Dejli,NIAID,16,2026,"PPAH (4, 25%); AIDS (2, 12%); HIBI (1, 6%)","ZRG1-IIDB (2, 12%); ZAI1-KKS (1, 6%); ZRG1-CCHI (1, 6%); ZAI1-CD (1, 6%); ZAI1-SS (1, 6%)",R01 (8); UM1 (3); K24 (2); R21 (1); R61 (1); R16 (1)
James E Cummins,NIAID,16,2026,"HVCD (3, 19%); AIDS (2, 12%); HIVD (1, 6%); HIBI (1, 6%)","ZRG1-AARR (3, 19%); ZRG1-IDIB (2, 12%); ZRG1-IIDB (2, 12%); ZRG1-DCAI (1, 6%); ZAI1-VS (1, 6%)",R01 (9); R21 (2); K23 (1); R44 (1); U01 (1); K08 (1)
Jeremiah William Bertz,NIDA,16,2026,,"ZDA1-SAI (16, 100%); ZDA1-GXM (11, 69%)",UG1 (16)
Jimmy Toan Le,NEI,16,2026,"ODHS (2, 12%); AIMR (1, 6%); HHD (1, 6%); HSQE (1, 6%)","ZEY1-VSN (11, 69%)",UG1 (10); R01 (4); R21 (1); R34 (1)
Kara L Hall,NCI,16,2026,"BMIO (2, 12%); HCMF (2, 12%); PRDP (1, 6%); CMPC (1, 6%); BMHO (1, 6%)","ZRG1-HSS (2, 12%); ZCA1-TCRB (1, 6%); ZES1-LWJ (1, 6%); ZCA1-SRB (1, 6%); ZRG1-CCHI (1, 6%)",R01 (9); R34 (2); R21 (2); P20 (1); R37 (1); R00 (1)
Kenneth D Gibbs,NIGMS,16,2026,"NST-3 (1, 6%); TWD-C (1, 6%); DDK-C (1, 6%)","ZGM1-TWD (13, 81%); ZGM1 (1, 6%)",K99 (11); UE5 (4); R13 (1)
Keyvan Farahani,NHLBI,16,2026,"BTSS (3, 19%); EITA (3, 19%); CDMA (2, 12%); RTB (1, 6%); CIDH (1, 6%)","ZRG1-IVBH (2, 12%); ZRG1-ISB (1, 6%)",R01 (13); R42 (1); R21 (1); R44 (1)
Kihwa Kang,NCATS,16,2026,"GVE (1, 6%); MABS (1, 6%); PVP (1, 6%); MSI (1, 6%); IVPP (1, 6%)","ZRG1-BBBT (7, 44%); ZRG1-MCST (2, 12%); ZTR1-CG (1, 6%)",R21 (15); R13 (1)
Laura Povlich,FIC,16,2026,,"ZRG1-ICP (8, 50%); ZRG1-PSE (7, 44%); ZRG1-BTC (1, 6%)",K43 (8); U2R (7); UE5 (1)
Laurie Ann Shuman Moss,NCI,16,2026,,"ZCA1-SRB (11, 69%); ZRG1-CDPT (2, 12%); ZCA1-RTRB (1, 6%); ZCA1-RPRB (1, 6%); ZRG1-HSS (1, 6%)",R50 (16)
Leah E Mechanic,NCI,16,2026,"CHSB (3, 19%); CHD (2, 12%); BMCD (1, 6%); NCI-I (1, 6%); CHSA (1, 6%)","ZCA1-TCRB (3, 19%); ZRG1-PSE (1, 6%); ZHG1-HGR (1, 6%); ZRG1-OBT (1, 6%); ZCA1-RTRB (1, 6%)",R01 (8); U01 (4); U2C (2); R00 (2)
Melissa C Green Parker,NIAMS,16,2026,,"ZAR1-KM (16, 100%)",P30 (9); P50 (7)
Naveena Basa Janakiram,NCI,16,2026,,"ZCA1-RPRB (13, 81%); ZCA1 (3, 19%); ZCA1-SRB (2, 12%); ZRG1-BTC (2, 12%); ZCA1-SRC (1, 6%)",P50 (14); R50 (2)
Olga Marina Herren,NIMHD,16,2026,"CIHB (2, 12%); HPC (1, 6%); SSPB (1, 6%); BMHO (1, 6%); HDEP (1, 6%)","ZMD1-DRI (5, 31%); ZRG1-F16 (2, 12%); ZRG1-F18 (1, 6%); ZRG1-PSE (1, 6%); ZRG1-IVBH (1, 6%)",R01 (7); K01 (3); F31 (2); F32 (1); K99 (1); R21 (1)
Rebecca Elizabeth Kilian Mandt,NIAID,16,2026,,"ZAI1-PP (5, 31%); ZAI1-KSW (4, 25%); ZRG1-CCHI (3, 19%); ZAI1-SPJ (3, 19%); ZRG1-SCIL (1, 6%)",R24 (8); UH3 (4); R01 (3); R21 (1)
Sarah Sujata Kalia,NCI,16,2026,"CHSA (3, 19%); CHSB (1, 6%); CHD (1, 6%); HSQE (1, 6%); CG (1, 6%)","ZRG1-MGG (3, 19%); ZRG1-GGG (1, 6%); ZRG1-MCST (1, 6%); ZRG1-BST (1, 6%); ZCA1-TCRB (1, 6%)",U24 (5); R01 (5); U01 (3); R50 (1); R37 (1); P01 (1)
Sarah Kobrin,NCI,16,2026,"HSQE (4, 25%); SIHH (2, 12%); DIRH (1, 6%); HDEP (1, 6%); NRCS (1, 6%)","ZCA1-RPRB (1, 6%); ZRG1-HDM (1, 6%)",R01 (13); R37 (2); P01 (1)
Stephanie A Morris,NHGRI,16,2024,"GCAT (3, 19%); GNOM-G (2, 12%); MSFB (1, 6%); CE (1, 6%); BDMA (1, 6%)","ZHG1-HGR (4, 25%); ZRG1-GGG (2, 12%); ZRG1-BST (1, 6%); ZRG1-MCST (1, 6%)",R01 (9); U24 (4); R21 (1); K01 (1); R43 (1)
Susan Kalapura Joseph,NIMHD,16,2026,"HSQE (2, 12%); CIHB (1, 6%); ODHS (1, 6%)","ZMD1-MLS (3, 19%); ZMD1-DRI (3, 19%); ZMD1-XLN (2, 12%); ZMD1 (1, 6%); ZMD1-KNL (1, 6%)",R01 (5); U54 (3); K01 (2); S21 (2); R21 (1); P50 (1)
Weiniu Gan,NHLBI,16,2026,"GHD (5, 31%); IRAP (4, 25%); RIBT (2, 12%); CTIS (1, 6%); CRD (1, 6%)","ZRG1-VH (1, 6%); ZRG1-CVRS (1, 6%); ZHL1-SRC (1, 6%)",R01 (15); OT2 (1)
Wendy Wang,NCI,16,2026,"EITA (2, 12%); CE (1, 6%); CBP (1, 6%); CPSS (1, 6%); BMBI (1, 6%)","ZCA1-PCRB (3, 19%); ZCA1-SRB (2, 12%); ZCA1-TCRB (2, 12%); ZDE1-AC (1, 6%); ZRG1-OBT (1, 6%)",R01 (6); R13 (3); U01 (2); R21 (2); U2C (1); R33 (1)
Adora Lin,NIAID,15,2026,"BDMA (2, 13%); LCMI (1, 7%); IHD (1, 7%); MSFC (1, 7%); CMIB (1, 7%)","ZRG1-IIDB (2, 13%); ZRG1-IMM (2, 13%); ZRG1-IMHA (2, 13%); ZRG1-IDIB (1, 7%); ZRG1-DCAI (1, 7%)",R01 (9); R21 (4); R56 (1); UH2 (1)
Brittany Trottier,NIEHS,15,2026,"SIEE (1, 7%); EDD (1, 7%); SEDH (1, 7%)","ZES1-ARL (4, 27%); ZES1-BWD (2, 13%); ZES1-LAT (2, 13%); ZES1-JAB (1, 7%); ZES1-LWJ (1, 7%)",R13 (7); P42 (3); R01 (2); R21 (2); R03 (1)
Chen-Chia Christine C Chiou,NIAID,15,2026,"HCCS (5, 33%); AIDS (4, 27%); PPAH (1, 7%); HCAC (1, 7%); HIBI (1, 7%)","ZRG1-AARR (1, 7%); ZRG1-MCST (1, 7%); ZRG1-IIDA (1, 7%)",R01 (7); R21 (3); K23 (2); K24 (2); K01 (1)
Chris Boshoff,NINDS,15,2026,"NSD-B (4, 27%); NSD-A (2, 13%); ATB (2, 13%)","ZNS1-SRB (5, 33%); ZRG1-MCST (1, 7%); ZRG1-NV (1, 7%)",U01 (14); U44 (1)
Christine R Swanson-Fischer,NINDS,15,2026,"CNN (7, 47%); CMND (2, 13%); CMT (1, 7%); GHD (1, 7%); CDIN (1, 7%)","ZRG1-HSS (1, 7%)",R01 (13); R21 (2)
Devon Christine Crawford,NINDS,15,2026,,"ZNS1-SRB (13, 87%); ZRG1-BP (2, 13%)",UE5 (10); RC2 (4); UC2 (1)
Dolly Penn White,NIMHD,15,2026,"ODHS (1, 7%); SIHH (1, 7%)","ZMD1-XLN (3, 20%); ZRG1-HDM (2, 13%); ZRG1-HSS (2, 13%); ZMD1-MLS (1, 7%); ZRG1-F16 (1, 7%)",R01 (4); K23 (3); R44 (2); R21 (2); P50 (1); F31 (1)
Guoying Liu,NIBIB,15,2025,"EITA (3, 20%); CTIS (3, 20%); ITD (2, 13%); MEDI (1, 7%); EITN (1, 7%)","ZRG1-SBIB (3, 20%); ZEB1-OSR (2, 13%); ZRG1 (1, 7%)",R01 (12); P41 (2); R37 (1)
Indu Kohaar,NCI,15,2026,"MCDC (3, 20%); CDMA (1, 7%); MCTB (1, 7%)","ZCA1-SRB (4, 27%); ZCA1-PCRB (3, 20%); ZCA1-RTRB (2, 13%); ZCA1-TCRB (1, 7%)",U01 (7); R01 (4); U2C (3); R21 (1)
Joan Davis Nagel,NCATS,15,2026,,"ZTR1-SRC (9, 60%); ZTR1-CI (6, 40%); ZTR1 (2, 13%)",TL1 (3); KL2 (3); UL1 (3); K12 (2); UM1 (2); RC2 (1)
Jorge Gerardo Muniz Ortiz,NIMHD,15,2026,"MESH (1, 7%); CMGC (1, 7%); SSPA (1, 7%); CHD (1, 7%)","ZMD1-DRI (3, 20%); ZRG1-PSE (3, 20%); ZRG1-CCHI (2, 13%); ZMD1-RP (1, 7%); ZMD1-ML (1, 7%)",R01 (7); K23 (2); R00 (1); K01 (1); U54 (1); R21 (1)
Kristen Amy Porter,NIAID,15,2025,"HVCD (3, 20%); HIVD (2, 13%); HCCS (1, 7%); AIDS (1, 7%)","ZAI1-JBS (3, 20%); ZRG1-IDIB (2, 13%); ZRG1-AARR (2, 13%); ZRG1-IIDB (1, 7%)",R01 (12); R21 (2); K08 (1)
Lara Mireille Depadilla,NIDA,15,2026,"PPAH (2, 13%); BGES (1, 7%); LHB (1, 7%); MESH (1, 7%); ASPB (1, 7%)","ZRG1-PSE (2, 13%); ZDA1-SXC (1, 7%); ZDA1-IXR (1, 7%); ZRG1-F18 (1, 7%); ZDA1-LXF (1, 7%)",R01 (8); R25 (1); R13 (1); F31 (1); R21 (1); K01 (1)
Mariam Masheeb Afzal,NINDS,15,2026,,"ZNS1-SRB (14, 93%); ZNS1 (1, 7%); ZNS1-SRC (1, 7%)",U01 (8); UH3 (4); UG3 (2); OT2 (1)
Nicole C Lockhart,NHGRI,15,2026,,"ZRG1-SEIR (11, 73%); ZHG1-HGR (4, 27%); ZRG1 (1, 7%)",R01 (7); K01 (2); R03 (2); R21 (1); U24 (1); R56 (1)
Rebecca L Clark,NICHD,15,2026,,"ZHD1-DSR (12, 80%); ZHD1 (2, 13%); ZAG1-SRC (2, 13%); ZAG1 (1, 7%); ZAG1-ZIJ (1, 7%)",P2C (11); U01 (3); R24 (1)
Saroj Gopal Regmi,NCI,15,2025,,"ZCA1-TCRB (7, 47%); ZRG1-CDPT (5, 33%); ZRG1-ISB (2, 13%); ZRG1-MCST (1, 7%)",R44 (9); R42 (4); R43 (2)
Soju Chang,NCATS,15,2026,,"ZTR1-CI (10, 67%); ZTR1-SRC (5, 33%)",K12 (5); UM1 (5); UL1 (2); KL2 (2); TL1 (1)
Sudha Sivaram,NCI,15,2026,"ICP1 (1, 7%)","ZCA1-SRB (8, 53%); ZRG1-CCHI (3, 20%); ZCA1 (1, 7%); ZRG1-IMST (1, 7%); ZRG1-HDM (1, 7%)",D43 (8); R33 (4); U54 (1); K43 (1); R21 (1)
Tiffany Rolle,NIA,15,2026,"AGCD-3 (2, 13%); AGCD-4 (1, 7%); AGCD-2 (1, 7%)","ZAG1-ZIJ (2, 13%); ZRG1-F18 (2, 13%); ZRG1-F03C (2, 13%); ZRG1-EPH (2, 13%); ZRG1-F01B (1, 7%)",K01 (3); F30 (2); F31 (2); K25 (1); F99 (1); K76 (1)
Vikrant V Sahasrabuddhe,NCI,15,2026,"HCCS (2, 13%); HSQE (2, 13%); HIBI (1, 7%); HCAC (1, 7%); MCDC (1, 7%)","ZCA1-TCRB (4, 27%); ZRG1-SBIB (3, 20%); ZCA1-RPRB (1, 7%)",R01 (8); R37 (3); U01 (3); R34 (1)
Yvonne M Prutzman,NCI,15,2026,"IPTA (6, 40%); CLHP (1, 7%)","ZCA1-RPRB (2, 13%); ZCA1-TCRB (2, 13%); ZRG1-SCIL (1, 7%); ZCA1-SRB (1, 7%); ZRG1-ICN (1, 7%)",R01 (10); R34 (3); R03 (1); U54 (1)
Aniruddha Ganguly,NCI,14,2026,"CBSS (2, 14%); MCDC (1, 7%); CNBT (1, 7%); CIC (1, 7%)","ZCA1-TCRB (4, 29%); ZCA1-SRB (1, 7%); ZRG1-OBT (1, 7%); ZRG1-CTH (1, 7%); ZCA1-PCRB (1, 7%)",R01 (7); UH3 (3); UH2 (2); R21 (1); R37 (1)
Aubrey Van Kirk Villalobos,NCI,14,2026,"HCCS (1, 7%); HSOD (1, 7%); CHSA (1, 7%); DIRH (1, 7%); SIHH (1, 7%)","ZRG1-HSS (3, 21%); ZCA1-RTRB (2, 14%); ZCA1-RPRB (1, 7%); ZRG1-CCHI (1, 7%)",R01 (8); R00 (2); R21 (2); R37 (1); UG3 (1)
Christopher Garner Conrad,NINDS,14,2026,"NSD-B (7, 50%); NSD-A (5, 36%)","ZNS1-SRB (1, 7%); ZRG1-NV (1, 7%)",R61 (9); R33 (5)
Donna Mazloomdoost,NICHD,14,2026,"KUFD (3, 21%); IRAP (1, 7%); HSQE (1, 7%); BMBI (1, 7%)","ZHD1-DSR (4, 29%); ZRG1-EMS (2, 14%); ZRG1-KUDS (1, 7%); ZRG1-ISB (1, 7%)",R01 (5); K12 (4); R21 (3); R44 (2)
Elaine Wai-Ken Wong,NIAID,14,2026,"AIDS (3, 21%)","ZRG1-T07C (3, 21%); ZRG1-IIDA (3, 21%); ZAI1-DNV (2, 14%); ZAI1-SA (2, 14%); ZAI1-KSW (2, 14%)",P30 (10); T32 (4)
Emilie Charlisse F Caga-Anan,NCI,14,2026,"CG (2, 14%); CHSB (2, 14%); CHD (1, 7%); CHSA (1, 7%)","ZRG1-SEIR (3, 21%); ZRG1-OBT (2, 14%); ZHG1-HGR (2, 14%); ZCA1-RTRB (1, 7%)",R01 (8); U01 (3); R21 (2); R00 (1)
Evan Sullivan Herrmann,NIDA,14,2025,"IPTA (4, 29%); ARM (2, 14%); HCCS (1, 7%); CMIR (1, 7%)","ZDA1-SXC (1, 7%); ZDA1-IXN (1, 7%); ZRG1 (1, 7%); ZRG1-ICN (1, 7%); ZGM1-RCB (1, 7%)",R01 (6); UH3 (2); R34 (2); UG3 (1); U54 (1); R21 (1)
Hermon Russom Gebrehiwet,NINDS,14,2026,,"ZNS1-SRB (14, 100%)",U01 (14)
Melissa Zajdel,OD,14,2026,,"ZRG1-EPH (14, 100%)",UH3 (14)
Michele Lynn Pucak,NINDS,14,2026,"NSD-D (3, 21%)","ZNS1-SRB (9, 64%); ZRG1-NV (2, 14%)",U01 (11); R01 (3)
Nastaran Zahir,NCI,14,2025,"NCI-F (12, 86%)","ZCA1-RTRB (1, 7%); ZCA1-PCRB (1, 7%)",R25 (13); R13 (1)
Nicole Joy Espy,NIAID,14,2026,"HVCD (2, 14%); AIDS (1, 7%)","ZAI1-CD (2, 14%); ZAI1-SAS (2, 14%); ZAI1-BLG (1, 7%); ZAI1-LR (1, 7%); ZAI1-DNV (1, 7%)",R01 (7); U01 (2); R61 (2); K23 (2); R33 (1)
Paul Hillery,NIDA,14,2024,"DDNS (3, 21%); MCNP (1, 7%); NPI (1, 7%); SBCB (1, 7%); XNDA (1, 7%)","ZDA1-MXS (1, 7%); ZRG1-NV (1, 7%); ZRG1-MDCN (1, 7%)",R01 (12); DP1 (1); P01 (1)
Perdita Taylor-Zapata,NICHD,14,2026,"IRAP (2, 14%); ATB (2, 14%); NAME (1, 7%); HSQE (1, 7%); PN (1, 7%)","ZRG1-MCST (2, 14%); ZRG1-BP (2, 14%); ZRG1-EMNR (1, 7%); ZRG1-EMS (1, 7%)",R01 (10); U01 (2); R21 (1); R03 (1)
Peter J Perrin,NIDDK,14,2024,"DHMI (3, 21%); GMPB (3, 21%); CMIB (1, 7%)","ZRG1-DKUS (3, 21%); ZRG1-KUDS (1, 7%); ZRG1-EMNR (1, 7%); ZRG1-IDIA (1, 7%); ZDK1 (1, 7%)",R01 (13); P30 (1)
Rachel G Mayne,NCI,14,2026,"SIHH (1, 7%); HPC (1, 7%); IPTA (1, 7%); LHB (1, 7%)","ZCA1-RPRB (3, 21%); ZRG1-RPHB (3, 21%); ZDA1-YXF (1, 7%); ZRG1-CDPT (1, 7%); ZRG1-CCHI (1, 7%)",R01 (7); R21 (3); P01 (1); R34 (1); R37 (1); U01 (1)
Saravanan Shanmugam Karuppagounder,NIDA,14,2026,,"ZDA1-SUY (7, 50%); ZRG1-NV (4, 29%); ZRG1-ETTN (1, 7%); ZDA1-PXN (1, 7%); ZDA1-SKM (1, 7%)",R43 (6); R41 (5); R44 (3)
Yuling Hong,NHLBI,14,2026,"CRD (4, 29%); LHB (2, 14%); MPPB (1, 7%); KNOD (1, 7%); CICS (1, 7%)","ZRG1-PSE (1, 7%); ZRG1-EPH (1, 7%)",R01 (12); R21 (2)
Zeynep Erim,NIBIB,14,2026,,"ZEB1-OSR (13, 93%); ZRG1-MGG (2, 14%)",T32 (14)
Zoe E Huang,NLM,14,2026,"BLR (3, 21%); PPAH (2, 14%); ASPA (1, 7%)","ZLM1-ZH (4, 29%); ZLM1-LT (2, 14%); ZLM1-AS (1, 7%); ZRG1-BBBT (1, 7%)",G08 (11); R21 (3)
Allison Frances Dennis,NLM,13,2024,"BLR (7, 54%); BDMA (1, 8%)","ZLM1-AS (2, 15%); ZLM1-LT (1, 8%); ZRG1-F05 (1, 8%); ZRG1-VH (1, 8%)",R01 (11); F31 (1); K99 (1)
Audie A Atienza,NCATS,13,2026,,"ZTR1-CI (8, 62%); ZTR1-SRC (4, 31%); ZRG1-MGG (1, 8%)",UM1 (5); K12 (4); KL2 (2); UL1 (1); TL1 (1)
Caterina Bianco,NCI,13,2026,"NCI-A (11, 85%)","ZRG1-CTH (1, 8%); ZRG1-CDPT (1, 8%)",P30 (13)
Christine Marie Happel,NCATS,13,2026,,"ZRG1-MCST (7, 54%); ZTR1-CG (2, 15%); ZRG1-BBBT (2, 15%); ZTR1-SBIR (2, 15%)",UM1 (4); R44 (3); R13 (2); R43 (2); R41 (1); U44 (1)
Dobrila Doda Rudnicki,NCATS,13,2026,,"ZTR1-DPI (4, 31%); ZRG1-MCST (2, 15%); ZRG1-BBBT (1, 8%); ZTR1-CG (1, 8%); ZRG1-MBBC (1, 8%)",UH3 (4); R44 (3); R41 (2); R13 (2); R43 (2)
Elizabeth Ann Finch,NIMH,13,2026,"HCCS (2, 15%); HVCD (2, 15%)","ZRG1-F17A (5, 38%); ZMH1-ERB (3, 23%); ZRG1-F17B (1, 8%)",R01 (6); F31 (5); F32 (1); RF1 (1)
Eric Persaud,NIEHS,13,2026,,"ZES1-JAB (6, 46%); ZES1-BWD (5, 38%); ZES1-LWJ (5, 38%); ZES1-ARL (2, 15%)",U45 (6); R43 (6); R44 (1)
Fanta Kamara,NIDDK,13,2026,"DDK-B (2, 15%); DDK-C (1, 8%)","ZDK1-GRB (10, 77%); ZRG1-EMS (2, 15%)",T32 (13)
Fernando Bruno,NHLBI,13,2025,"HSQE (1, 8%); MPOR(MA) (1, 8%); BMHO (1, 8%); MPOR (JA) (1, 8%)","ZRG1-HSS (3, 23%); ZRG1-BDCN (3, 23%); ZHL1-CSR (2, 15%); ZRG1-DIRH (1, 8%)",R01 (6); UH3 (3); K23 (3); K24 (1)
Grace Peng,NIBIB,13,2026,"BTSS (5, 38%); SAT (1, 8%); MABS (1, 8%); MRS (1, 8%); IGIS (1, 8%)","ZEB1-OSR (2, 15%); ZEB1 (1, 8%); ZRG1-BBBT (1, 8%); ZRG1-IVBH (1, 8%)",R01 (9); R21 (2); P41 (2)
Nalini Raghavachari,NIA,13,2026,"ASG (2, 15%); GVE (1, 8%)","ZAG1-ZIJ (10, 77%)",R01 (8); R33 (2); R21 (1); R56 (1); RF1 (1)
Pascal A Laeng,NINDS,13,2026,"DMPB (1, 8%)","ZNS1-SRB (9, 69%); ZRG1-NV (2, 15%); ZRG1-MBBC (1, 8%)",UH3 (6); UG3 (4); U44 (1); R21 (1); R13 (1)
Ping Guan,NCI,13,2026,,"ZCA1-TCRB (9, 69%); ZCA1-RTRB (2, 15%); ZCA1-RPRB (1, 8%); ZCA1 (1, 8%); ZRG1-BTC (1, 8%)",U01 (5); R33 (5); R21 (2); R61 (1)
Sandra L San Miguel-Majors,NCI,13,2026,,"ZCA1-SRB (12, 92%); ZCA1 (3, 23%)",U54 (9); U01 (4)
Sandra A Mitchell,NCI,13,2026,"BMHO (2, 15%); ICSC (2, 15%); MFSR (1, 8%); ODHS (1, 8%); HSOD (1, 8%)","ZCA1-SRB (2, 15%); ZRG1-HSS (1, 8%); ZRG1-CCHI (1, 8%)",R01 (9); R03 (1); R37 (1); UG3 (1); R21 (1)
Somdat Mahabir,NCI,13,2026,"NCI-J (2, 15%); CHD (1, 8%); GCAT (1, 8%); CHSB (1, 8%); KEDD (1, 8%)","ZCA1-SRB (3, 23%); ZCA1-RTRB (2, 15%); ZRG1-SCIL (1, 8%); ZRG1-EPH (1, 8%)",U01 (4); R01 (4); R21 (2); UG3 (1); U24 (1); UH3 (1)
Will Aklin,NIDA,13,2026,"IPTA (5, 38%); CIDH (1, 8%)","ZDA1-SKM (2, 15%); ZDA1-IXN (2, 15%); ZDA1-IXR (1, 8%); ZRG1-RPHB (1, 8%); ZRG1-BP (1, 8%)",R01 (5); R25 (2); UG1 (2); R34 (1); P30 (1); UG3 (1)
Yongjun Sui,OD,13,2026,"TAG (1, 8%)","ZRG1-EMS (9, 69%); ZRG1-IDIB (3, 23%); ZRG1-AARR (3, 23%); ZOD1-MCST (1, 8%); ZRG1-CDB (1, 8%)",U42 (11); R13 (1); R21 (1)
Zaria Tatalovich,NCI,13,2026,"HSQE (1, 8%); SSPA (1, 8%)","ZCA1-SRB (5, 38%); ZRG1-EPH (5, 38%); ZCA1-TCRB (1, 8%)",U01 (12); R37 (1)
Amit Kumar,NCI,12,2026,"CPSS (5, 42%); NCI-I (2, 17%); HBPP (1, 8%); CHD (1, 8%)","ZCA1-SRB (1, 8%); ZCA1-RTRB (1, 8%); ZDK1-GRB (1, 8%)",R01 (4); R21 (3); R00 (2); P01 (1); R03 (1); R33 (1)
Barbara Linder,NIDDK,12,2024,"DDK-B (6, 50%); HSDO (2, 17%); LCBH (1, 8%); KNOD (1, 8%); DDK(M1)-1-B (1, 8%)","ZRG1-EMNR (1, 8%)",K23 (5); R01 (5); K99 (1); R03 (1)
Catherine Burke,NHLBI,12,2026,"ISD (1, 8%); CIDH (1, 8%); BTSS (1, 8%)","ZHL1-CSR (6, 50%); ZRG1-CCHI (1, 8%); ZRG1-ISB (1, 8%); ZRG1-HSS (1, 8%)",UM1 (5); R01 (4); U01 (1); R42 (1); R41 (1)
David A White,NIDA,12,2026,"NIDA-L (7, 58%); BRLE (1, 8%)","ZDA1-IXN (2, 17%); ZDA1-SUY (1, 8%); ZRG1-BBBP (1, 8%)",UG3 (5); UH3 (4); R01 (2); U01 (1)
Desiree Vonkollmar,OD,12,2026,"DEV1 (1, 8%); HVCD (1, 8%); HAI (1, 8%); BDMA (1, 8%)","ZRG1-MCST (3, 25%); ZRG1-IMST (2, 17%); ZRG1-EMS (1, 8%); ZRG1-NV (1, 8%); ZRG1-AARR (1, 8%)",R03 (4); R44 (3); R01 (3); R42 (1); R21 (1)
Dmitriy Krepkiy,NCATS,12,2026,,"ZTR1-TC (6, 50%); ZTR1-SBIR (2, 17%); ZEB1-OSR (1, 8%); ZTR1-CG (1, 8%); ZRG1-NV (1, 8%)",UG3 (4); U44 (2); U01 (1); UH3 (1); U2C (1); R13 (1)
Howard L Parnes,NCI,12,2026,"CPSS (9, 75%); CDP (1, 8%)","ZRG1-OBT (1, 8%); ZCA1-SRB (1, 8%)",R01 (11); P01 (1)
Igor A Kuzmin,NCI,12,2026,,"ZCA1-RPRB (10, 83%); ZRG1-BTC (3, 25%); ZRG1-CTH (1, 8%)",P50 (11); R50 (1)
Irina Alexandra Iles,NCI,12,2026,"LHB (2, 17%); SPIP (1, 8%); ARM (1, 8%); CDMA (1, 8%); CIHB (1, 8%)","ZRG1-BBBT (1, 8%); ZRG1-HSS (1, 8%); ZRG1-SEIR (1, 8%)",R01 (8); R21 (1); R37 (1); U24 (1); R03 (1)
James I Koenig,NINDS,12,2024,"BINP (5, 42%); DBD (2, 17%); NST-1 (2, 17%); ANIE (2, 17%); BTSS (1, 8%)",,R01 (9); K08 (1); K23 (1); R21 (1)
Kevin Purkiser,NHLBI,12,2026,,"ZRG1-F18 (12, 100%)",F31 (9); F32 (3)
Kirsten Anne Herrick,NCI,12,2026,"PRDP (2, 17%); CHD (1, 8%); KNOD (1, 8%); LCBH (1, 8%); SIHH (1, 8%)","ZCA1-SRB (2, 17%); ZDK1-GRB (2, 17%); ZCA1-RTRB (1, 8%); ZRG1-CCHI (1, 8%)",R01 (7); U01 (1); R03 (1); R37 (1); R00 (1); R34 (1)
Kristina Koren Hardy,NINDS,12,2026,"DBD (2, 17%); EITN (1, 8%); NPI (1, 8%); NSD-K (1, 8%); CPDD (1, 8%)","ZRG1-CN (1, 8%); ZNS1-SRB (1, 8%); ZRG1-HSS (1, 8%); ZRG1-IVBH (1, 8%)",R01 (9); U01 (2); R56 (1)
Margarita Correa-Mendez,NCI,12,2026,"SIHH (1, 8%)","ZCA1-SRB (8, 67%); ZCA1 (2, 17%); ZRG1-IMST (2, 17%); ZRG1-HSS (1, 8%)",U01 (6); U54 (2); R33 (2); R37 (1); R01 (1)
Martin Gutierrez,NIAID,12,2026,,"ZAI1-LK (5, 42%); ZAI1-RD (2, 17%); ZAI1-LG (1, 8%); ZAI1-KP (1, 8%); ZAI1-SJ (1, 8%)",R13 (12)
Negin S Atri,NEI,12,2026,"PED1 (2, 17%); CDMA (1, 8%); PED2 (1, 8%)","ZEY1-VSN (6, 50%); ZRG1-HSS (1, 8%); ZRG1-IBV (1, 8%)",R01 (4); R21 (3); UG1 (2); R34 (2); U01 (1)
Nonniekaye F Shelburne,NCI,12,2025,"CHSB (2, 17%); HSQE (2, 17%); NCI-J (1, 8%); HDEP (1, 8%); CHSA (1, 8%)","ZCA1-SRB (3, 25%); ZCA1 (1, 8%); ZCA1-TCRB (1, 8%)",R01 (7); U01 (2); R37 (2); UH3 (1)
Rachelle Sophia Brick,NCI,12,2026,"DIRH (3, 25%); PPAH (2, 17%); CDMA (1, 8%); ODHS (1, 8%); BMHO (1, 8%)","ZCA1-TCRB (1, 8%); ZCA1-SRB (1, 8%); ZRG1-HDM (1, 8%)",R01 (9); R21 (1); R34 (1); R03 (1)
Rebecca Ann Berman,NIMH,12,2026,"NPAS (4, 33%); CPDD (3, 25%); GHD (1, 8%); APDA (1, 8%); MESH (1, 8%)","ZRG1-BP (1, 8%)",R01 (10); R21 (2)
Roger Ptak,NIAID,12,2026,"HIVD (4, 33%); HVCD (2, 17%); HCAC (2, 17%); HCCS (2, 17%)","ZRG1-IIDB (1, 8%); ZRG1-IIDA (1, 8%)",R01 (5); R21 (5); R37 (1); K01 (1)
Taylor Alexander Poor,NIAID,12,2026,"SAT (8, 67%); PRID (1, 8%); LII (1, 8%); IHD (1, 8%)","ZRG1-IIDA (1, 8%)",R01 (8); R21 (4)
Thomas A Winters,NIAID,12,2026,"IHD (1, 8%)","ZAI1-KGH (8, 67%); ZAI1-SRC (2, 17%); ZAI1 (1, 8%); ZAI1-KJK (1, 8%)",U01 (10); P01 (1); R01 (1)
Vignesh Kumar Gunasekharan,NCI,12,2026,"VPI (3, 25%); CPSS (1, 8%); DBDT (1, 8%); MCV (1, 8%); VIRA (1, 8%)","ZCA1 (1, 8%); ZCA1-RTRB (1, 8%); ZRG1-CTH (1, 8%); ZCA1-SRB (1, 8%)",R01 (8); U54 (1); R35 (1); R00 (1); R37 (1)
Wen-Ying Chou,NCI,12,2024,"HHD (1, 8%); CDMA (1, 8%); BCHI (1, 8%); SPIP (1, 8%); NCI-I (1, 8%)","ZCA1-RPRB (1, 8%); ZRG1-HDM (1, 8%); ZMD1-KNL (1, 8%); ZRG1-CCHI (1, 8%)",R01 (7); R37 (3); R21 (1); R00 (1)
Aaron C Pawlyk,NICHD,11,2026,"PN (1, 9%); TAG (1, 9%)","ZRG1-MCST (4, 36%); ZHD1-DSR (3, 27%); ZRG1-BST (1, 9%); ZRG1-EMNR (1, 9%)",R01 (6); UC2 (3); R21 (2)
Amelia Jackson Pearson,NIEHS,11,2026,,"ZES1-JAB (7, 64%); ZES1-LWJ (7, 64%)",U45 (7); UH4 (4)
Anais Fern Stenson,NIMH,11,2026,"PPAH (3, 27%); HIBI (1, 9%); HCCS (1, 9%)","ZRG1-SCIL (3, 27%); ZHD1-DSR (1, 9%); ZRG1-CCHI (1, 9%); ZRG1-F17B (1, 9%)",R21 (3); R01 (3); R34 (2); K01 (2); K23 (1)
Carolina Vanessa Solis Sanabria,NIMHD,11,2025,"CHSA (1, 9%); ODHS (1, 9%); HDEP (1, 9%)","ZMD1-DRI (4, 36%); ZRG1-CCHI (1, 9%); ZRG1-F16 (1, 9%); ZMD1-MLS (1, 9%); ZRG1-RPHB (1, 9%)",R01 (4); K01 (2); K23 (1); R43 (1); F31 (1); P50 (1)
Diek Winters Wheeler,NIDA,11,2026,"NMB (3, 27%); MCNP (3, 27%); PMDA (1, 9%); BRLE (1, 9%)","ZDA1-IXR (2, 18%); ZRG1-ICN (1, 9%)",R01 (10); U01 (1)
Donna M Krasnewich,NIGMS,11,2024,"MRAA (3, 27%); BMRD (1, 9%); GCAT (1, 9%)","ZRG1 (2, 18%); ZRG1-CB (2, 18%); ZRG1-MRAF (1, 9%); ZGM1-RCB (1, 9%)",R35 (8); R01 (2); R16 (1)
Eileen Dimond,NCI,11,2026,"CCHS (1, 9%); CIDH (1, 9%); CTIS (1, 9%); MPPA (1, 9%)","ZCA1-SRB (3, 27%); ZCA1-RPRB (1, 9%); ZRG1-RPHB (1, 9%); ZCA1-RTRB (1, 9%); ZRG1-RCCS (1, 9%)",R01 (5); R21 (2); R37 (2); R33 (1); R03 (1)
Genevieve M Grimes,NCI,11,2026,"APDA (1, 9%); SIHH (1, 9%); HHD (1, 9%); CONC (1, 9%); HSQE (1, 9%)","ZCA1-RPRB (1, 9%); ZRG1-HSS (1, 9%); ZCA1-TCRB (1, 9%); ZRG1-HDM (1, 9%); ZRG1-CCHI (1, 9%)",R01 (7); R37 (2); U01 (1); UG3 (1)
Ipolia R Ramadan,NIDA,11,2026,"BRLE (5, 45%); NMB (3, 27%); PMDA (1, 9%)","ZRG1-ICN (2, 18%)",R01 (10); R03 (1)
Jeremy Brown,NINDS,11,2026,"ANIE (2, 18%); SAT (1, 9%)","ZNS1-SRB (3, 27%); ZRG1-CN (2, 18%); ZRG1-HSS (1, 9%); ZRG1-ETTN (1, 9%); ZRG1-NV (1, 9%)",R01 (4); U01 (3); UG3 (2); R21 (1); R13 (1)
Jesus Fidel Salazar-Gonzalez,NIAID,11,2026,"HIVD (3, 27%); HVCD (2, 18%)","ZRG1-F17A (4, 36%); ZRG1-IIDB (1, 9%); ZAI1-ZL (1, 9%)",F31 (4); R21 (3); R01 (2); R56 (1); R44 (1)
Laura Stoner Machlin,NICHD,11,2024,"EITN (3, 27%); HCMF (2, 18%); CHHD-H (2, 18%); BRLE (1, 9%); CPDD (1, 9%)","ZRG1-BP (1, 9%); ZRG1-BBBP (1, 9%)",R01 (9); K99 (1); R13 (1)
Li Zhu,NCI,11,2026,"ASPA (1, 9%); CIDH (1, 9%)","ZCA1-SRB (5, 45%); ZRG1-EPH (4, 36%)",U01 (8); R01 (2); R50 (1)
Liming Yang,NCI,11,2025,,"ZCA1-RTRB (11, 100%)",U24 (11)
Onn Wolf Lindwasser,NCI,11,2025,,"ZCA1-SRB (7, 64%); ZCA1-RPRB (2, 18%); ZCA1-RTRB (2, 18%)",R50 (11)
Pj Brooks,NCATS,11,2026,,"ZTR1-RD (4, 36%); ZRG1-MGG (3, 27%); ZTR1-CG (3, 27%); ZRG1 (1, 9%); ZRG1-SCIL (1, 9%)",R13 (4); UH3 (4); U01 (2); UG3 (1)
Sarah J Wheelan,NIMH,11,2026,,"ZMH1-ERB (11, 100%); ZRG1-HSS (1, 9%)",R24 (6); R01 (5)
Sarra Djemil,NCI,11,2025,,"ZRG1-CTH (4, 36%); ZRG1-CDPT (3, 27%); ZRG1-HSS (2, 18%); ZRG1-CCHI (1, 9%); ZRG1-SCIL (1, 9%)",R44 (7); R43 (2); R42 (2)
Sharon Beard,NIEHS,11,2026,,"ZES1-JAB (11, 100%); ZES1-LWJ (7, 64%)",U45 (6); UH4 (5)
Stephanie R Land,NCI,11,2026,"ARM (2, 18%); IPTA (2, 18%); SIHH (1, 9%); CMPC (1, 9%); SSPB (1, 9%)","ZRG1-RPHB (1, 9%); ZRG1-DIRH (1, 9%); ZRG1-HSS (1, 9%)",R01 (8); R21 (1); R00 (1); R03 (1)
Steven Kaufman,NICHD,11,2024,"ICER (2, 18%); HSQE (1, 9%); CHHD-R (1, 9%); RPPH (1, 9%)","ZHD1-DSR (4, 36%); ZRG1-EMNR (1, 9%); ZRG1-F02A (1, 9%)",K12 (4); R01 (4); R21 (1); R25 (1); F31 (1)
Stuart Z Shapiro,NIAID,11,2026,"HIVD (5, 45%)","ZAI1-JHM (2, 18%); ZRG1-IIDB (2, 18%); ZAI1-RB (1, 9%); ZAI1 (1, 9%); ZAI1-JBS (1, 9%)",R01 (6); UM1 (2); DP2 (1); R41 (1); R21 (1)
Tara Hiltke,NCI,11,2026,,"ZCA1-TCRB (11, 100%); ZCA1 (2, 18%)",U24 (7); U01 (4)
Veerasamy Ravichandran,NIDDK,11,2026,"CIDH (2, 18%); PRDP (1, 9%); CTIS (1, 9%); KNOD (1, 9%); EITA (1, 9%)","ZRG1-MCST (2, 18%); ZRG1-HSS (2, 18%); ZDK1-GRB (1, 9%)",R01 (8); T32 (2); RC2 (1)
Vesna Kutlesic,NICHD,11,2026,"SPIP (3, 27%); MESH (2, 18%); CHHD-A (1, 9%); CHHD-M (1, 9%); PDRP (1, 9%)","ZRG1-F18 (1, 9%); ZRG1-HSS (1, 9%)",R01 (7); F31 (1); K23 (1); R21 (1); K01 (1)
Youn Ok Lee,NCI,11,2026,"ARM (1, 9%); IPTA (1, 9%); LHB (1, 9%); EDD (1, 9%)","ZRG1-CCHI (2, 18%); ZRG1-RPHB (1, 9%); ZCA1-RPRB (1, 9%); ZCA1-TCRB (1, 9%); ZCA1-RTRB (1, 9%)",R01 (5); R37 (2); P01 (1); R34 (1); R00 (1); R15 (1)
Amanda E Garton,NIEHS,10,2026,"GHD (1, 10%); RPPH (1, 10%)","ZES1-LAT (5, 50%); ZES1-BWD (2, 20%); ZRG1-F12C (1, 10%)",R25 (7); R01 (1); K99 (1); R21 (1)
Ashley Jin Buscetta,NCI,10,2026,"BMHO (3, 30%); CMGC (1, 10%); HSOD (1, 10%); NRCS (1, 10%); SIHH (1, 10%)","ZRG1-HSS (2, 20%); ZRG1-NRCS (1, 10%); ZCA1-SRB (1, 10%)",R01 (9); R37 (1)
Ashley Smith,NCI,10,2026,"SPIP (2, 20%); CDMA (1, 10%); MESH (1, 10%); HPC (1, 10%); NRCS (1, 10%)","ZRG1-CCHI (2, 20%); ZCA1 (1, 10%); ZCA1-SRB (1, 10%); ZRG1-SEIR (1, 10%)",R01 (6); R37 (2); P01 (1); R03 (1)
Behrouz Shabestari,NIBIB,10,2026,"EITA (2, 20%); CTIS (2, 20%); ITD (1, 10%); BCHI (1, 10%); CDMA (1, 10%)","ZEB1-OSR (3, 30%); ZEB1 (1, 10%); ZRG1-BCTA (1, 10%)",R01 (5); P41 (3); R21 (2)
Bruce Daniel Hissong,NCI,10,2026,"NCI-A (6, 60%)","ZCA1-RTRB (2, 20%); ZRG1-CDPT (1, 10%); ZRG1-CTH (1, 10%)",P30 (10)
Della White,NIGMS,10,2026,,"ZGM1-RCB (5, 50%); ZRG1-CDB (3, 30%); ZGM1 (1, 10%); ZRG1-CTH (1, 10%); ZRG1-BP (1, 10%)",P30 (6); P20 (2); U54 (1); P50 (1)
Leah Tolosa Croucher,NCATS,10,2026,,"ZRG1-MCST (3, 30%); ZTR1-DPI (3, 30%); ZRG1-MBBC (2, 20%); ZRG1-BBBT (1, 10%); ZRG1 (1, 10%)",R43 (3); U01 (3); R41 (2); R44 (2)
Lindsey Nicole Friend,NIDA,10,2024,"NIDA-K (1, 10%)","ZDA1-SKM (6, 60%); ZDA1-YXF (2, 20%); ZNS1-SRB (1, 10%)",R25 (10)
Mark Andrew Robien,NIAID,10,2026,"TTT (2, 20%); PRID (2, 20%); CICS (1, 10%); XNDA (1, 10%); CDMA (1, 10%)","ZRG1-IIDB (1, 10%); ZAI1-TCB (1, 10%)",R21 (5); R01 (4); R34 (1)
Michael C Freed,NIMH,10,2025,"SERV (2, 20%); DIRH (1, 10%); CPDD (1, 10%)","ZMH1-ERB (5, 50%); ZRG1-HDM (1, 10%)",R01 (8); P50 (1); R37 (1)
Nicolas Christopher Johnston,NIDA,10,2026,,"ZRG1-F02A (5, 50%); ZRG1-F02B (2, 20%); ZRG1-F03B (2, 20%); ZRG1-F17A (1, 10%)",F31 (10)
Rebecca Anne Hardesty,NCI,10,2026,,"ZCA1-SRB (5, 50%); ZCA1-RTRB (4, 40%); ZCA1 (2, 20%); ZRG1-SCIL (1, 10%)",U54 (5); U19 (4); R13 (1)
S Percy Ivy,NCI,10,2025,"DT (1, 10%)","ZCA1-RPRB (8, 80%); ZCA1-SRB (1, 10%); ZCA1 (1, 10%)",UM1 (7); U24 (1); R50 (1); R01 (1)
Sarah Dunsmore,NCATS,10,2026,,"ZRG1-BBBT (5, 50%); ZTR1-SBIR (2, 20%); ZRG1-MCST (2, 20%); ZRG1-IVBH (1, 10%)",R43 (6); R44 (2); R42 (1); R41 (1)
Sharna R Tingle,NHGRI,10,2026,"GNOM-G (2, 20%)","ZHG1-HGR (8, 80%)",U54 (3); R25 (3); UG3 (2); UH3 (2)
Tanya S Ramey,NIDA,10,2024,"NIDA-L (3, 30%); IPTA (2, 20%); ARM (1, 10%); ASPB (1, 10%)","ZDA1-IXN (2, 20%); ZDA1-JXB (1, 10%)",UH3 (3); U01 (3); R01 (2); R21 (2)
Abera Wouhib,NIMH,9,2026,"BMRD (3, 33%); APDA (2, 22%); ASPA (2, 22%); SERV (1, 11%); PMDA (1, 11%)",,R01 (8); R21 (1)
Angela B Mariotto,NCI,9,2026,"BMRD (3, 33%); CHSA (2, 22%)","ZCA1-SRB (2, 22%); ZCA1-GRB (1, 11%); ZCA1-TCRB (1, 11%)",R01 (5); U01 (1); R35 (1); R03 (1); U24 (1)
Annalise Rosa Schoonmaker,NIAID,9,2026,"AIDS (3, 33%)","ZAI1-CD (3, 33%); ZAI1-KSW (1, 11%); ZAI1-CB (1, 11%); ZAI1-PP (1, 11%); ZRG1-IIDA (1, 11%)",P30 (6); T32 (3)
Christina H Park,OD,9,2024,,"ZRG1-EPH (9, 100%)",UG3 (8); U24 (1)
David Berrigan,NCI,9,2024,"BMHO (2, 22%); SIHH (1, 11%); BMIO (1, 11%); CIHB (1, 11%)","ZRG1-RPHB (1, 11%); ZRG1-HDM (1, 11%); ZCA1-RPRB (1, 11%); ZDK1-GRB (1, 11%)",R01 (6); R37 (2); R21 (1)
Elizabeth Anne Barr,NLM,9,2026,,"ZRG1-CCHI (5, 56%); ZRG1-EMS (4, 44%)",R25 (9)
Elyse Michelle Leevan,NCI,9,2026,,"ZCA1-SRB (9, 100%); ZCA1 (1, 11%)",UG1 (9)
Jean Yuan,NIGMS,9,2025,"BDMA (2, 22%); ASPB (2, 22%); ASG (1, 11%); ODHS (1, 11%)","ZNS1-SRB (1, 11%); ZAG1-ZIJ (1, 11%); ZRG1-ISB (1, 11%)",R01 (6); K00 (1); U54 (1); R44 (1)
Marsha Lopez,NIDA,9,2026,"ARM (2, 22%); NIDA-K (1, 11%); CIHB (1, 11%); SSPB (1, 11%)","ZDA1-MXS (2, 22%); ZDA1-SKM (2, 22%); ZDA1 (1, 11%); ZRG1-SCIL (1, 11%)",T32 (4); R01 (3); R25 (1); R13 (1)
Michelle A Mollica,NCI,9,2024,"BMHO (2, 22%); HSOD (1, 11%); CMGC (1, 11%); SPIP (1, 11%); ODHS (1, 11%)","ZCA1-SRB (2, 22%); ZCA1 (1, 11%)",R01 (5); R37 (3); P01 (1)
Rodrigo F Chuaqui,NCI,9,2024,,"ZCA1-SRB (6, 67%); ZCA1-TCRB (3, 33%)",UM1 (6); R33 (2); R21 (1)
Samson Yikealo Gebreab,NHGRI,9,2026,,"ZHG1-HGR (8, 89%); ZOD1-SRC (1, 11%)",R25 (5); T32 (3); OT2 (1)
Simona Volpi,NHGRI,9,2026,,"ZHG1-HGR (9, 100%); ZHG1 (1, 11%)",U01 (5); R01 (2); U24 (1); R35 (1)
Sonia S Arteaga,OD,9,2026,,"ZRG1-EPH (9, 100%)",UG3 (6); UH3 (2); U2C (1)
Teri L Greenfield,NIAID,9,2026,,"ZAI1-KKS (3, 33%); ZAI1-CD (3, 33%); ZAI1-RCU (2, 22%); ZAI1-RB (1, 11%)",UM1 (9)
Whitney Barfield-Steward,NCI,9,2026,"NCI-F (2, 22%)","ZCA1-SRB (6, 67%); ZCA1-RPRB (1, 11%)",U54 (6); R25 (2); U24 (1)
Wynne E Norton,NCI,9,2026,"SIHH (5, 56%)","ZCA1-RPRB (4, 44%)",UG3 (5); R21 (1); R33 (1); R01 (1); UH3 (1)
Abisola Kafayat Tepede,NICHD,8,2026,,"ZHD1-DSR (7, 88%); ZRG1-KUDS (1, 12%)",UG1 (6); U24 (1); UG3 (1)
Ajay Pillai,OD,8,2025,,"ZOD1-SRC (6, 75%); ZRG1 (1, 12%); ZRG1-MCST (1, 12%)",OT2 (6); U24 (1); R44 (1)
Alice Chen,NCATS,8,2026,,"ZTR1-CG (5, 62%); ZTR1-RD (2, 25%); ZRG1-SCIL (1, 12%)",R13 (6); R21 (2)
Carrie Fried Mulford,NIDA,8,2024,"SIHH (2, 25%); IPTA (2, 25%); ODHS (1, 12%); MESH (1, 12%)","ZRG1-F16 (1, 12%); ZRG1-F18 (1, 12%)",R01 (3); K23 (2); F30 (1); R36 (1); R34 (1)
Gabriela Riscuta,NCI,8,2025,"CPSS (4, 50%)","ZCA1-SRB (2, 25%); ZRG1-HDM (1, 12%); ZCA1-RPRB (1, 12%)",R01 (6); U01 (1); R21 (1)
Heather Marie Brockway,NICHD,8,2025,"ICER (1, 12%); CIDO (1, 12%); PN (1, 12%); POMD (1, 12%); BMDM (1, 12%)","ZRG1-F18 (1, 12%)",R01 (4); R21 (2); F31 (1); R03 (1)
Hector Nelson Aguila,NCI,8,2026,,"ZCA1-SRB (8, 100%); ZCA1 (1, 12%)",P20 (8)
Huann-Sheng Chen,NCI,8,2026,"BMRD (5, 62%); ASPB (2, 25%); ASPA (1, 12%)","ZCA1-GRB (1, 12%); ZCA1-SRB (1, 12%)",R01 (6); R35 (1); U01 (1)
Ismail Mohammad Safi,NHGRI,8,2026,"CE (1, 12%); GNOM-G (1, 12%); GCAT (1, 12%); BDMA (1, 12%)","ZHG1-HGR (3, 38%); ZRG1-GGG (1, 12%)",R01 (5); R21 (1); K01 (1); T32 (1)
Jack Moye,NICHD,8,2026,"HCCS (1, 12%); ICSC (1, 12%); HVCD (1, 12%); RPPH (1, 12%); IHD (1, 12%)","ZRG1-F18 (1, 12%); ZRG1-AARR (1, 12%); ZRG1-SCIL (1, 12%)",R01 (5); R21 (2); F31 (1)
Julia Charlene Gage,NCI,8,2026,"SIHH (1, 12%); ODHS (1, 12%); PPAH (1, 12%); IGIS (1, 12%)","ZRG1-CCHI (1, 12%); ZRG1-HDM (1, 12%); ZRG1-IMST (1, 12%); ZRG1-BBBT (1, 12%)",R33 (3); R01 (3); R21 (2)
Krzysztof Ptak,NCI,8,2026,"NCI-A (6, 75%)","ZCA1-RTRB (2, 25%); ZCA1 (1, 12%)",P30 (8)
Lina Fernanda Garcia,NINDS,8,2026,,"ZNS1-SRB (7, 88%); ZNS1 (1, 12%); ZRG1-CFS (1, 12%)",U01 (3); U19 (2); U24 (2); UG3 (1)
Michelle Jones,NINDS,8,2024,,"ZNS1-SRB (8, 100%); ZNS1 (1, 12%)",R25 (8)
Natalia Volfovsky,NINDS,8,2026,"ASPA (1, 12%)","ZNS1-SRB (6, 75%); ZNS1 (1, 12%); ZRG1-BST (1, 12%); ZRG1-BBBT (1, 12%)",R61 (3); R33 (3); U24 (1); R01 (1)
Paul C Pearlman,NCI,8,2025,,"ZRG1-IMST (4, 50%); ZRG1-HDM (3, 38%); ZRG1-BTC (1, 12%)",R33 (6); R21 (1); U01 (1)
Paula T Einhorn,NHLBI,8,2024,"CHSB (2, 25%); ASG (1, 12%); ODHS (1, 12%); ASPB (1, 12%); CDMA (1, 12%)","ZHL1-CSR (2, 25%)",R01 (8)
Robb Kenneth Rowley,NHGRI,8,2024,"GVE (1, 12%); BMRD (1, 12%)","ZHG1-HGR (6, 75%)",U01 (3); R01 (3); U24 (1); R35 (1)
Ruben Paul Alvarez,NIMH,8,2025,"APDA (1, 12%); ISD (1, 12%); BNVT (1, 12%)","ZRG1-ETTN (2, 25%); ZRG1-NV (2, 25%); ZRG1-BCMB (1, 12%)",R01 (6); R03 (1); DP1 (1)
Shahrzad Mavandadi,NIMH,8,2024,"SERV (4, 50%)","ZMH1-ERB (3, 38%); ZRG1-HDM (1, 12%)",R01 (4); R34 (2); P01 (1); P50 (1)
Stacie Marie Gutowski,NIBIB,8,2026,,"ZRG1-ISB (5, 62%); ZCA1-TCRB (1, 12%); ZRG1-MSOS (1, 12%); ZRG1-MCST (1, 12%)",R44 (5); R41 (1); SB1 (1); R43 (1)
Tamara Haegerich,NIDA,8,2024,"CIHB (2, 25%); ODHS (2, 25%); HSOD (1, 12%)","ZRG1-HSS (3, 38%)",R01 (7); K08 (1)
Wendy J Weber,NCCIH,8,2024,"CHSA (1, 12%)","ZAT1-PS (2, 25%); ZAT1-SN (2, 25%); ZAT1-SUP (1, 12%); ZAT1-SM (1, 12%); ZAT1-JM (1, 12%)",R01 (2); K24 (2); K01 (1); U24 (1); UG3 (1); R33 (1)
Abhi Rao,NCI,7,2026,,"ZCA1-RTRB (2, 29%); ZCA1-RPRB (2, 29%); ZCA1-SRB (2, 29%); ZCA1-TCRB (1, 14%)",U01 (7)
Bettina D Buhring,OD,7,2026,,"ZRG1-EMS (4, 57%); ZRG1-EMNR (2, 29%); ZRG1 (2, 29%); ZRG1-BBBP (2, 29%); ZRG1-IFCN (1, 14%)",P51 (7)
Carlos Cesar Faraco,NINDS,7,2026,"ANIE (2, 29%); EITN (1, 14%); BIND (1, 14%); CIDH (1, 14%)","ZRG1-NINC (1, 14%); ZRG1-HSS (1, 14%)",R01 (6); R21 (1)
Dina Marie Lyon,NINDS,7,2026,,"ZNS1-SRB (6, 86%); ZNS1 (1, 14%); ZRG1-BN (1, 14%)",U01 (5); OT2 (2)
"Gregg A, Roby",NIAID,7,2026,,"ZAI1-CD (3, 43%); ZAI1-KKS (2, 29%); ZAI1-RCU (1, 14%); ZAI1-RB (1, 14%)",UM1 (7)
Jan-Michael Axel Klapproth,NIDDK,7,2024,"DNPD (4, 57%); EITA (1, 14%); IGIS (1, 14%); GMPB (1, 14%)",,R01 (7)
Jennifer Hamilton Barnes,NINDS,7,2026,,"ZNS1-SRB (7, 100%)",U24 (5); UG3 (1); UH3 (1)
Jose Serrano,NIDDK,7,2024,"DNPD (3, 43%); MSFC (1, 14%)","ZRG1-DNPD (2, 29%); ZRG1-DKUS (1, 14%)",R01 (7)
Kathleen M Castro,NCI,7,2024,"CMGC (1, 14%); ODHS (1, 14%); HSOD (1, 14%); BMHO (1, 14%); NRCS (1, 14%)","ZCA1-TCRB (1, 14%); ZRG1-HDM (1, 14%)",R01 (6); U34 (1)
Kyungsook Gartrell,NIGMS,7,2025,,"ZGM1-RCB (6, 86%); ZRG1-HDM (1, 14%); ZGM1 (1, 14%)",P20 (6); S06 (1)
Lori Ducharme,NIDA,7,2024,"NIDA-K (2, 29%); SIHH (1, 14%)","ZDA1-SKM (2, 29%); ZRG1-F16 (1, 14%); ZDA1 (1, 14%)",R25 (4); F31 (1); U2C (1); K23 (1)
Lucia Hindorff,OD,7,2026,"CFOT (01) (6, 86%)","ZHG1-HGR (1, 14%)",OT2 (6); R25 (1)
Mark Parascandola,NCI,7,2026,"DIRH (2, 29%); HIBI (1, 14%)","ZCA1 (2, 29%); ZRG1-BTC (1, 14%); ZRG1-CCHI (1, 14%)",R01 (4); U54 (2); U01 (1)
May Esmat Montasser,NHLBI,7,2026,"CRD (3, 43%); AIMR (1, 14%)","ZRG1-MGG (1, 14%); ZRG1-EPH (1, 14%); ZRG1-IVBH (1, 14%)",R01 (3); R03 (2); U01 (1); R21 (1)
Michelle Doose,NCI,7,2026,"DIRH (1, 14%); HHD (1, 14%); HPC (1, 14%)","ZCA1-TCRB (2, 29%); ZRG1-MOSS (1, 14%); ZRG1-HSS (1, 14%)",R01 (3); U34 (2); U01 (1); R37 (1)
Mohamed Hachicha,NINDS,7,2026,,"ZNS1-SRB (5, 71%); ZRG1-NV (2, 29%)",UG3 (4); UH3 (3)
Paula Schum,NHLBI,7,2026,"CCHS (3, 43%); MESH (1, 14%); AVI (1, 14%)","ZHL1-CSR (1, 14%); ZRG1-IVBH (1, 14%)",R01 (5); R44 (1); R03 (1)
Rebecca N Lenzi,NIAMS,7,2026,,"ZAR1-AJ (3, 43%); ZNS1-SRB (1, 14%); ZAR1-SRC (1, 14%); ZRG1-CCHI (1, 14%); ZRG1-BP (1, 14%)",UC2 (4); T90 (1); R90 (1); R01 (1)
Sheethal Jose,NHGRI,7,2026,"GNOM(O1)-G (1, 14%); GNOM-G (1, 14%)","ZRG1-SEIR (5, 71%)",R01 (2); R21 (2); K01 (1); R25 (1); R13 (1)
Steven J Zalcman,NIMH,7,2026,,"ZMH1-ERB (6, 86%); ZRG1-BP (1, 14%)",P50 (7)
Vaurice Starks,NCI,7,2026,"CBSS (1, 14%); IHD (1, 14%); CHD (1, 14%); CHSB (1, 14%)","ZRG1-OBT (1, 14%); ZRG1-EPH (1, 14%); ZRG1-AARR (1, 14%)",R01 (4); U01 (2); R37 (1)
Yolanda F Vallejo,NCATS,7,2026,,"ZTR1-CI (4, 57%); ZTR1-SRC (3, 43%); ZTR1 (2, 29%)",U24 (4); KL2 (1); TL1 (1); UL1 (1)
Alfonso Joseph Alfini,NHLBI,6,2025,"MESH (1, 17%); MPOR(MA) (1, 17%); MTI(OA) (1, 17%); CRD (1, 17%); CDMA (1, 17%)","ZRG1-RCCS (1, 17%)",R01 (3); R41 (1); K23 (1); K25 (1)
Amaziah Trishata Qiana Coleman,NIAID,6,2026,"LCMI (3, 50%); CRD (1, 17%)","ZAI1-AM (1, 17%); ZRG1-RCCS (1, 17%)",R01 (4); U01 (1); R21 (1)
Amber Shryer Linde,NIAID,6,2024,"VPI (2, 33%); CMIA (1, 17%); MCV (1, 17%); DBTD (1, 17%); IMII (1, 17%)",,R21 (4); R01 (2)
Donald Johnsey,NCI,6,2026,,"ZCA1-SRB (6, 100%); ZCA1-TCRB (3, 50%)",UG1 (6)
Edward Richard Sauter,NCI,6,2026,"CPSS (4, 67%); IGIS (1, 17%)","ZRG1-CDPT (1, 17%)",R01 (5); R21 (1)
Fatima D Jones,NIAID,6,2026,"AIDS (1, 17%); HIBI (1, 17%); HCAC (1, 17%)","ZAI1-CD (1, 17%); ZRG1-IDM (1, 17%); ZAI1-LR (1, 17%)",R01 (3); U01 (2); K23 (1)
Frederick L Tyson,NIEHS,6,2025,"GCAT (1, 17%); XNDA (1, 17%); EDD (1, 17%); MG (1, 17%)","ZES1-LWJ (1, 17%); ZRG1-F05 (1, 17%)",R01 (2); R21 (1); R56 (1); R35 (1); F31 (1)
Gina M Tesauro,NCI,6,2025,,"ZCA1-RTRB (4, 67%); ZCA1-RPRB (2, 33%); ZCA1 (1, 17%)",U19 (4); U01 (2)
Jennifer Theresa Fox,NIA,6,2024,"ASG (1, 17%)","ZAG1-ZIJ (5, 83%)",U01 (3); U44 (1); R01 (1); U24 (1)
Jill Reedy,NCI,6,2026,"ASPB (1, 17%); PRDP (1, 17%)","ZCA1-SRB (1, 17%); ZDK1-GRB (1, 17%); ZRG1-EMNR (1, 17%); ZRG1-VH (1, 17%)",R01 (3); U01 (1); R37 (1); U24 (1)
Lauren Geniene Friedman,NINDS,6,2026,,"ZNS1-SRB (4, 67%); ZRG1-NV (1, 17%); ZRG1-AN (1, 17%)",UG3 (3); UH3 (2); U44 (1)
Merideth Brown Shifflett,NEI,6,2026,"CMGC (1, 17%); CRD (1, 17%); HHD (1, 17%)","ZEY1-VSN (1, 17%); ZRG1-SCIL (1, 17%); ZRG1-HSS (1, 17%)",R01 (4); R34 (1); U01 (1)
Michelle R Hamlet,OD,6,2026,,"ZOD1-SRC (6, 100%)",OT2 (6)
Michelle Olive,NHLBI,6,2026,"AICS (1, 17%); AVI (1, 17%); HLBP (OA) (1, 17%); HLBP-R (1, 17%); HLBP-R(OA) (1, 17%)","ZHL1-CSR (3, 50%)",R01 (2); U01 (2); R35 (1); P01 (1)
Nidhi Gera,NHLBI,6,2026,"MPPB (1, 17%)","ZHL1-CSR (3, 50%); ZRG1-ISB (2, 33%)",R33 (2); R01 (1); R44 (1); R43 (1); R61 (1)
Rui Carlos Pereira De Sa,NLM,6,2026,"ASPB (2, 33%); BCHI (1, 17%); BLR (1, 17%)","ZRG1-CVRS (1, 17%); ZLM1-ZH (1, 17%)",R01 (2); R21 (2); DP2 (1); R44 (1)
Steven Paul Hafner,NIDA,6,2026,,"ZTR1-OTHR (5, 83%); ZTR1-SRC (1, 17%)",OT2 (6)
Sujata Vijh,NIAID,6,2026,"HIVD (2, 33%); HVCD (1, 17%)","ZAI1-PP (1, 17%); ZAI1-VS (1, 17%); ZRG1-F17A (1, 17%)",R01 (2); U19 (2); F31 (1); R56 (1)
Yantian Zhang,NCI,6,2024,"ITD (1, 17%); EITA (1, 17%)","ZRG1-SBIB (1, 17%); ZRG1 (1, 17%); ZRG1-CTIS (1, 17%); ZCA1-RPRB (1, 17%); ZRG1-IVBH (1, 17%)",R01 (5); R35 (1)
Cecilia H Lee,NCI,5,2026,"MFSR (1, 20%); CONC (1, 20%); BMHO (1, 20%); CHD (1, 20%)","ZRG1-CCHI (1, 20%)",R01 (2); R37 (2); R21 (1)
Courtney Leigh Gallen,NICHD,5,2024,"PDRP (2, 40%); SPIP (1, 20%)","ZRG1-F16 (1, 20%); ZRG1-BP (1, 20%)",R01 (4); F31 (1)
Cynthia Leonard Gonzalez,NHLBI,5,2026,"LCBH (2, 40%); BMHO (1, 20%); CMGC (1, 20%); CCHS (1, 20%)",,R01 (5)
David Worth Dean,NCI,5,2024,"LCBH (3, 60%); CHD (1, 20%); PRDP (1, 20%)",,R01 (5)
David Alan Jett,NINDS,5,2024,"DDR (1, 20%); DMPB (1, 20%); NSD-A (1, 20%)","ZRG1 (2, 40%); ZRG1-BBBP (1, 20%); ZRG1-PSE (1, 20%)",R01 (4); R33 (1)
Ellen S Richmond,NCI,5,2024,"BMHO (2, 40%); ICSC (1, 20%)","ZCA1-RPRB (1, 20%); ZRG1-SBIB (1, 20%)",R01 (3); P01 (1); R21 (1)
Felicia M Qashu,OD,5,2024,"DCMM(50) (3, 60%)","ZOD1-SRC (2, 40%)",OT3 (3); OT2 (2)
Johnan Augustine Kaleeba,NCI,5,2026,,"ZCA1-TCRB (3, 60%); ZRG1-AARR (1, 20%); ZCA1 (1, 20%); ZCA1-RTRB (1, 20%)",U54 (3); R01 (2)
Judith Cooper,NIDCD,5,2025,"LCOM (3, 60%); CDRC (1, 20%)","ZRG1-MOSS (1, 20%); ZRG1 (1, 20%)",R01 (3); R21 (1); U01 (1)
Kathy M Mann Koepke,NICHD,5,2024,"BNRS (1, 20%); BRLE (1, 20%)","ZHD1-DSR (1, 20%); ZRG1-BBBP (1, 20%); ZRG1-CB (1, 20%)",R01 (3); P20 (1); R25 (1)
Krishna B Balakrishnan,NCATS,5,2026,,"ZRG1-MCST (4, 80%); ZRG1-MBBC (1, 20%)",R44 (2); R41 (2); R42 (1)
Laura Rowland,NIMH,5,2024,,"ZMH1-ERB (5, 100%)",R01 (4); R21 (1)
Leeann Odette Bailey,NCI,5,2026,,"ZCA1-SRB (5, 100%)",U54 (4); R03 (1)
Marge Good,NCI,5,2024,"SMEP (1, 20%); CPSS (1, 20%); ICSC (1, 20%); BNRS (1, 20%)","ZCA1-RTRB (1, 20%)",R01 (4); U01 (1)
Meena Uma Rajagopal,NCATS,5,2026,,"ZRG1-BBBT (2, 40%); ZRG1-MCST (2, 40%); ZTR1-SBIR (1, 20%)",R44 (2); R43 (2); R41 (1)
Meghan Ann Hartwick,NIAID,5,2026,,"ZRG1-IVBH (4, 80%); ZAI1-VSR (1, 20%)",R01 (4); U54 (1)
Michael A Sesma,NIGMS,5,2024,"MRAD (1, 20%)","ZGM1-RCB (2, 40%); ZRG1 (1, 20%); ZGM1 (1, 20%)",R16 (2); R35 (2); R00 (1)
Milton Maciel,NIAID,5,2026,,"ZAI1-JP (2, 40%); ZAI1-DNV (1, 20%); ZAI1-RCU (1, 20%); ZRG1-F17A (1, 20%)",R33 (2); P01 (1); R01 (1); F31 (1)
Miranda Marguerite Broadney,NIDDK,5,2024,"DDK-B (1, 20%); BMHO (1, 20%)","ZDK1-GRB (3, 60%)",U01 (2); R01 (2); K23 (1)
Naana G Cleland,NIAID,5,2026,"AIDS (1, 20%)","ZAI1-SS (1, 20%); ZAI1-RB (1, 20%); ZAI1-CD (1, 20%); ZAI1-KSW (1, 20%)",UM1 (3); K08 (1); U01 (1)
Partha Bhattacharyya,NIA,5,2025,"SSPB (1, 20%)","ZAG1-ZIJ (4, 80%)",P30 (2); U24 (1); R01 (1); R43 (1)
Patrick Brown,NCATS,5,2026,,"ZTR1-SRC (5, 100%)",UL1 (2); KL2 (2); TL1 (1)
Ronald Dobbins,NIDA,5,2024,,"ZDA1-GXM (5, 100%)",UG1 (5)
Sekai Rutendo Chideya-Chihota,NCCIH,5,2025,,"ZAT1-BH (2, 40%); ZAT1-MH (2, 40%); ZAT1-PS (1, 20%)",R33 (2); R01 (1); R34 (1); K23 (1)
Stacey Chambers,NINDS,5,2026,"NST-2 (1, 20%); NAME (1, 20%)","ZRG1-BDCN (2, 40%); ZRG1-CN (1, 20%)",R01 (3); R00 (1); D43 (1)
Sylvia Elisabeth Long,NINR,5,2024,"NRRC(85) (2, 40%); HDEP (1, 20%); NRRC(81) (1, 20%)","ZNR1-REV (1, 20%)",F31 (3); R01 (2)
Tram K Lam,NCI,5,2026,"CHSB (1, 20%); CHD (1, 20%)","ZCA1-TCRB (1, 20%); ZCA1-PCRB (1, 20%); ZCA1-SRB (1, 20%)",R01 (3); U01 (1); U24 (1)
Andrea L Dicarlo-Cohen,NIAID,4,2026,"RTB (2, 50%)","ZAI1-KJK (1, 25%); ZRG1-DKUS (1, 25%)",R21 (2); U01 (1); R44 (1)
Antonello Punturieri,NHLBI,4,2024,"LIRR (1, 25%)","ZRG1-IDIB (1, 25%); ZRG1-PSE (1, 25%); ZHL1-SRC (1, 25%)",R01 (3); OT2 (1)
Barbara Ann Oudekerk,NIDA,4,2026,,"ZTR1-OTHR (4, 100%)",OT2 (4)
Brenda D Larkin,NIAID,4,2026,,"ZAI1-MFH (4, 100%)",UM1 (4)
Brittany Sean Connors,NCI,4,2026,,"ZRG1-OTC (1, 25%); ZRG1-CCHI (1, 25%); ZCA1-TCRB (1, 25%); ZCA1-RPRB (1, 25%)",R44 (3); R43 (1)
Carol B Hubner,NIDA,4,2026,"NIDA-L (4, 100%)",,UG3 (3); U01 (1)
Daniel Eric Janes,NIMH,4,2025,,"ZMH1-ERB (4, 100%)",R24 (2); U24 (1); RF1 (1)
David Yeung,NIAID,4,2026,,"ZRG1-RCCS (2, 50%); ZRG1-ETTN (1, 25%); ZRG1-MBBC (1, 25%)",R44 (2); R43 (1); R41 (1)
Denise Lewis,NCI,4,2026,"ASPB (1, 25%); HHD (1, 25%); CHD (1, 25%)","ZRG1-IVBH (1, 25%)",R01 (3); R21 (1)
Elaine S Collier,NCATS,4,2025,,"ZRG1-BBBP (4, 100%)",R01 (4)
Elizabeth M Ginexi,NCCIH,4,2024,"SIHH (1, 25%)","ZAT1-SUP (2, 50%); ZAT1-AM (1, 25%)",R01 (2); R34 (1); K23 (1)
Eric Wk Sid,NCATS,4,2026,,"ZRG1-SCIL (3, 75%); ZTR1-CG (1, 25%)",R13 (4)
Geetha Senthil,NCATS,4,2026,,"ZRG1-CDB (1, 25%); ZRG1-ISB (1, 25%); ZRG1-MCST (1, 25%); ZTR1-SBIR (1, 25%)",R44 (2); U24 (1); R43 (1)
Hala Makhlouf,NCI,4,2025,,"ZCA1-SRB (4, 100%)",U24 (4)
Heather Baker,NCATS,4,2026,,"ZTR1-CI (3, 75%); ZRG1-MBBC (1, 25%)",T32 (4)
Hyun Joo Cho,NINDS,4,2024,"CNN (2, 50%); NST-1 (1, 25%)","ZRG1-SMEP (1, 25%)",R01 (3); K23 (1)
Jaclyn D'Anne Smith,NIDA,4,2026,,"ZTR1-OTHR (4, 100%)",OT2 (4)
Jason L Yovandich,NCI,4,2026,"GDD (1, 25%); MCT1 (1, 25%)","ZCA1-TCRB (1, 25%); ZRG1-MBBC (1, 25%)",R37 (1); U01 (1); R01 (1); DP1 (1)
Jenese Tucker,NIAID,4,2026,,"ZAI1-RB (2, 50%); ZAI1-RCU (1, 25%); ZAI1 (1, 25%); ZAI1-KKS (1, 25%)",UM1 (4)
Jessica R Landis,NIAID,4,2026,,"ZAI1-RB (2, 50%); ZAI1-CD (2, 50%); ZAI1 (1, 25%)",UM1 (4)
John Phillips,NIA,4,2024,"SSPA (2, 50%); ASPB (1, 25%)","ZRG1-AN (1, 25%)",R01 (4)
Kajal Biswas,NCI,4,2026,,"ZCA1-SRB (3, 75%); ZRG1-CDPT (1, 25%)",UG3 (3); R21 (1)
Kathleen A Cronin,NCI,4,2026,"CHSA (1, 25%); CHSB (1, 25%); HDEP (1, 25%); HSOD (1, 25%)",,R01 (2); R37 (2)
Kenneth L Wiley,NCATS,4,2026,,"ZTR1-CI (2, 50%); ZRG1-CDB (1, 25%); ZRG1-HSS (1, 25%)",U24 (2); UG3 (1); R43 (1)
Kyung Moon,NIAID,4,2026,,"ZRG1-DCAI (3, 75%); ZAI1-BLG (1, 25%)",P01 (3); UM1 (1)
Laritza Maria Rodriguez,NCI,4,2024,"NCI-J (2, 50%)","ZCA1 (1, 25%); ZCA1-SRB (1, 25%)",P20 (2); K08 (2)
Magdalena Thurin,NCI,4,2026,"CBSS (1, 25%)","ZCA1-SRB (3, 75%)",U24 (2); R01 (1); R21 (1)
Maria Carolina Mendoza-Puccini,NINDS,4,2026,"NSD-K (1, 25%); CNTN (1, 25%)","ZNS1-SRB (2, 50%); ZRG1-AN (1, 25%)",U01 (4)
Mary Theresa Macdonald,NIDA,4,2026,"NIDA-L (2, 50%); DMPB (1, 25%)","ZRG1-F03B (1, 25%)",U01 (1); F31 (1); R01 (1); UG3 (1)
Patricia D D'Souza,NIAID,4,2026,"HIVD (2, 50%)","ZAI1-SS (1, 25%); ZAI1-RCU (1, 25%)",R01 (3); UM1 (1)
Rachel Ann Hanisch,NCI,4,2026,"SIHH (1, 25%)","ZCA1-SRB (2, 50%); ZCA1 (1, 25%); ZRG1-ISB (1, 25%)",U54 (2); R01 (1); R21 (1)
Richard V Mazurchuk,NCI,4,2024,"SBCA (1, 25%); MCDC (1, 25%)","ZRG1-ISB (1, 25%); ZRG1-SBIB (1, 25%)",R01 (4)
Sheila Lenette James,OD,4,2026,,"ZOD1-SRC (4, 100%)",OT2 (4)
Teresa L Z Jones,NIDDK,4,2024,,"ZDK1-GRB (4, 100%)",R33 (4)
Theresa Devasia,NCI,4,2026,"ASPB (2, 50%); BMRD (1, 25%); CDMA (1, 25%)",,R01 (2); R21 (2)
Thomas J Hiltke,NIAID,4,2026,,"ZAI1-KAR (4, 100%)",U01 (4)
Traci Mondoro,NHLBI,4,2026,,"ZHL1-SRC (4, 100%)",OT3 (3); OT2 (1)
Winfred F Malone,NCI,4,2024,"CPSS (1, 25%); HCAC (1, 25%)","ZRG1-OTC (1, 25%); ZCA1-SRB (1, 25%)",R01 (3); R21 (1)
Yong Ray Crosby,OD,4,2026,,"ZOD1-SRC (3, 75%); ZOD1 (1, 25%)",OT2 (4)
Akinlolu O Ojumu,NIAID,3,2026,"PPAH (1, 33%)","ZAI1 (1, 33%); ZAI1-JBS (1, 33%); ZAI1-CD (1, 33%)",UM1 (2); R01 (1)
Alexandria Skye Alfarano,OD,3,2025,,"ZOD1-SRC (3, 100%)",OT2 (3)
Andrew Ian Koemeter-Cox,NINDS,3,2024,"NST-2 (1, 33%); CDIN (1, 33%); SMN (1, 33%)",,R01 (2); F32 (1)
Angelica Suzette Alton,OD,3,2025,,"ZOD1-SRC (3, 100%)",OT2 (3)
Ashley Xia,NIDDK,3,2026,,"ZDK1-GRB (3, 100%)",U24 (3)
Benmei Liu,NCI,3,2026,"ASPA (1, 33%); HHD (1, 33%)","ZRG1-BBBT (1, 33%)",R01 (2); R21 (1)
Blanca E Castillo,NIAID,3,2026,,"ZAI1-RCU (3, 100%)",UM1 (3)
Carol Merchant,NCATS,3,2025,,"ZTR1-SRC (2, 67%); ZTR1-CI (1, 33%)",UL1 (1); KL2 (1); U01 (1)
Charles L Cywin,NINDS,3,2024,,"ZNS1-SRB (3, 100%)",UH3 (3)
Christopher Kinsinger,OD,3,2025,,"ZRG1-BBBT (2, 67%); ZOD1-SRC (1, 33%)",U24 (2); OT2 (1)
Cindy Karen Coates,NIAID,3,2026,,"ZAI1-RB (1, 33%); ZAI1-CD (1, 33%); ZAI1-RCU (1, 33%)",UM1 (3)
Courte Christian Wirth Van Voorhees,NIDA,3,2024,"CLHP (1, 33%); HPC (1, 33%)","ZRG1-BP (1, 33%)",R01 (2); R25 (1)
Craig Hopp,NCCIH,3,2024,"XNDA (1, 33%); NSD-A (1, 33%); CDMA (1, 33%)",,R01 (2); R61 (1)
Cynda Gay Hall,NIAID,3,2025,,"ZAI1-MFH (3, 100%)",UM1 (3)
Daniel Shaughnessy,NIEHS,3,2024,"SIEE (1, 33%); CE (1, 33%)","ZRG1-F08 (1, 33%)",R03 (1); F31 (1); R01 (1)
David Michael Means,NIAID,3,2026,,"ZAI1-RB (1, 33%); ZAI1-CD (1, 33%); ZAI1-KKS (1, 33%)",UM1 (3)
Deborah B Greenberg,NCI,3,2026,,"ZCA1-RPRB (3, 100%)",U01 (3)
Eric Lorenzo,NICHD,3,2024,,"ZHD1-DSR (3, 100%)",R21 (3)
Erin E Smith,NHLBI,3,2026,"CCHS (1, 33%); HSQE (1, 33%); HHD (1, 33%)",,R01 (2); R21 (1)
Flora N Katz,FIC,3,2024,,"ZRG1 (3, 100%)",D43 (3)
Gary Dellazanna,NCI,3,2026,"NCI-I (1, 33%); CHD (1, 33%); BMHO (1, 33%)",,R00 (1); R01 (1); R37 (1)
Gila I Neta,NCI,3,2026,"SEDH (1, 33%)","ZRG1-SEIR (1, 33%); ZCA1-SRB (1, 33%)",R01 (1); R03 (1); R21 (1)
Jennifer B Collins,NIEHS,3,2025,,"ZES1-LWJ (2, 67%); ZES1-LAT (1, 33%)",R35 (2); R01 (1)
Jennifer Lyn Guida,NCI,3,2024,"BMIO (1, 33%); LCBH (1, 33%); CMGC (1, 33%)",,R01 (2); R21 (1)
Jessica Michelle Lukacs,NIDA,3,2025,,"ZDA1-SKM (3, 100%); ZDA1 (1, 33%)",UE5 (3)
John T Sheridan,NHLBI,3,2026,"GDD (1, 33%); DBTD (1, 33%)","ZRG1-F10A (1, 33%)",R01 (2); F31 (1)
Kamil Elie Barbour,NIAMS,3,2026,"MRS (1, 33%); SBSR (1, 33%)","ZRG1-F18 (1, 33%)",R01 (2); F31 (1)
Kathy Jung,NIAAA,3,2026,"AA-1 (2, 67%); HBPP (1, 33%)","ZRG1-SCIL (1, 33%)",R13 (2); R01 (1)
Keehwan Kwon,NIAID,3,2026,,"ZAI1-LG (3, 100%); ZAI1 (1, 33%)",U19 (3)
Laurel Catherine Kuxhaus,OD,3,2026,"STOD (2, 67%); DCMM (1, 33%)",,C06 (2); OT2 (1)
Malcolm M Smith,NCI,3,2026,,"ZCA1-SRB (1, 33%); ZCA1 (1, 33%); ZCA1-RPRB (1, 33%)",UM1 (2); U01 (1)
Maria Carranza,NIA,3,2025,,"ZRG1-F01B (1, 33%); ZRG1-F03C (1, 33%); ZRG1-F18 (1, 33%)",F31 (2); F30 (1)
Maria Isabel Guerra,NIAID,3,2026,,"ZAI1-RB (2, 67%); ZAI1-KKS (1, 33%)",UM1 (3)
Maria Lopez-Class,OD,3,2026,,"ZOD1-SRC (3, 100%)",OT2 (3)
Matthew Warner Rice,NINDS,3,2026,,"ZNS1-SRB (3, 100%)",UH3 (3)
Matthew Alan Seager,NIDA,3,2026,"NIDA-L (2, 67%); NIDA-S-L (1, 33%)",,UG3 (2); U01 (1)
Md Mizanur Rahman,OD,3,2026,,"ZOD1-SRC (3, 100%)",OT2 (3)
Michael G Espey,NCI,3,2024,"RTB (1, 33%)","ZCA1-TCRB (2, 67%)",U19 (1); R01 (1); U24 (1)
Michael Nicholas N Weber,OD,3,2026,,"ZOD1-SRC (2, 67%); ZHL1-SRC (1, 33%)",OT2 (3)
Michele McGuirl,NIGMS,3,2025,,"ZGM1-RCB (3, 100%); ZGM1 (1, 33%)",P20 (3)
Mihaela Stefania Stefan,NHLBI,3,2025,"CIDH (1, 33%)","ZHL1-CSR (2, 67%)",R01 (2); R35 (1)
Ming Zhan,NIDA,3,2026,,"ZMH1-ERB (3, 100%)",RF1 (1); U24 (1); R24 (1)
Mohamed E Nasr,NIAID,3,2026,"HVCD (1, 33%); DBDT (1, 33%)","ZRG1-F04A (1, 33%)",R01 (1); F31 (1); R21 (1)
Nicole M Farhat,NINDS,3,2026,,"ZNS1-SRB (2, 67%); ZRG1-ISB (1, 33%)",U01 (2); UG3 (1)
Nicole McNeil Ford,OD,3,2026,,"ZOD1-SRC (3, 100%)",OT2 (3)
Odav Mardea Jallah,NIAID,3,2026,,"ZAI1-CD (1, 33%); ZAI1-RB (1, 33%); ZAI1-RCU (1, 33%)",UM1 (3)
Olivia Cahn Sparer,NIAID,3,2026,,"ZAI1-MFH (3, 100%)",UM1 (3)
Rina Das,NIMHD,3,2025,,"ZMD1-MLS (1, 33%); ZMD1-JT (1, 33%); ZMD1 (1, 33%)",U54 (2); R44 (1)
Sahana Nalini Kukke,OD,3,2026,"CFOT (01) (1, 33%); CFOT(01)-1 (1, 33%)","ZOD1-SRC (2, 67%)",OT2 (3)
Sangita C Sinha,NIGMS,3,2025,"MRAA (1, 33%)","ZRG1-BCMB (1, 33%); ZRG1-MCST (1, 33%)",R35 (1); R01 (1); R41 (1)
Sara Bethany Lioi,OD,3,2026,"STOD (3, 100%)",,C06 (3)
Stephanie Majer Gubb,NIAID,3,2026,,"ZAI1-KKS (2, 67%); ZAI1-RCU (1, 33%); ZAI1 (1, 33%)",UM1 (3)
Stephanie Santos,NHLBI,3,2026,"HHD (1, 33%)","ZHL1-CSR (1, 33%); ZHL1 (1, 33%); ZRG1-HSS (1, 33%)",R21 (2); U24 (1)
Steven F Nothwehr,NCI,3,2024,,"ZCA1-SRB (2, 67%); ZCA1-RPRB (1, 33%)",R50 (1); P50 (1); U01 (1)
Sydney Jayd McMaster,OD,3,2026,,"ZOD1-SRC (3, 100%)",OT2 (3)
Tara Dutka,OD,3,2026,,"ZOD1-SRC (3, 100%)",OT2 (3)
Wiriya Rutvisuttinunt,NIAID,3,2024,,"ZAI1-RK (3, 100%)",U24 (3)
Alison M Deckhut-Augustine,NIAID,2,2025,"AITC (1, 50%); MID (1, 50%)",,R00 (2)
Ananth Velugaleti Charya,NHLBI,2,2025,"RIBT (1, 50%)","ZRG1-RCCS (1, 50%)",R01 (1); R43 (1)
Andrew James Burnham,NIAID,2,2026,,"ZAI1-MFH (2, 100%)",UM1 (2)
Aritro Sen,NICHD,2,2024,"CHHD-A (1, 50%)","ZRG1-PSE (1, 50%)",K23 (1); R01 (1)
Ashish Pathak,NIAID,2,2026,,"ZAI1-CAB (2, 100%)",U19 (2)
Britny Renee Bock,NIDDK,2,2026,,"ZGM1-RCB (1, 50%); ZRG1-EMS (1, 50%)",R16 (2)
Catherine Ann Schweppe,NCI,2,2024,"NRCS (1, 50%); BMHO (1, 50%)",,R01 (2)
Daniella Livnat,NIAID,2,2026,,"ZAI1-SS (1, 50%); ZRG1-IIDA (1, 50%)",UM1 (1); R24 (1)
Edward Andrew Townsend,NIDA,2,2026,"BRLE (1, 50%)","ZRG1-BBBT (1, 50%)",R16 (1); R01 (1)
Elizabeth Gillanders,NCI,2,2026,,"ZCA1-TCRB (2, 100%)",U2C (2)
Enrique Michelotti,NIMH,2,2024,"DMPB (2, 100%)",,R01 (1); R03 (1)
Faith Theresa Blackburne,OD,2,2026,,"ZOD1-SRC (2, 100%)",OT2 (2)
Feng Li,NIDA,2,2026,"DBDT (1, 50%)","ZDA1-SKP (1, 50%)",R21 (1); R01 (1)
Irene Prabhudas,OD,2,2026,,"ZOD1-SRC (2, 100%)",OT2 (2)
Irina Lubensky,NCI,2,2024,,"ZCA1-SRB (2, 100%)",U24 (2)
Joel T Sherrill,NIMH,2,2026,,"ZMH1-ERB (2, 100%)",P50 (1); U24 (1)
Julia Solarczyk Donnelly,NIDA,2,2026,"IPTA (2, 100%)",,R01 (2)
Kelly D Blake,NCI,2,2024,"CIHB (1, 50%)","ZRG1-CCHI (1, 50%)",R01 (2)
Kelly Will Sheppard,NINDS,2,2026,"NSD-B (1, 50%)","ZRG1-CTH (1, 50%)",UH3 (1); UG3 (1)
Leighton A Thomas,NIAID,2,2026,,"ZAI1-TC (1, 50%); ZAI1-KGH (1, 50%)",UM1 (1); U01 (1)
Linda S Brady,NIMH,2,2026,,"ZMH1-ERB (2, 100%)",U01 (2)
Lu Wang,NIDCR,2,2026,,"ZRG1-MSOS (1, 50%); ZRG1-BBBT (1, 50%)",R01 (1); U24 (1)
Lynne Slaughter Padgett,NIMHD,2,2024,"HHD (1, 50%)","ZMD1-MLS (1, 50%)",P50 (1); R01 (1)
Mariela Shirley,NIAAA,2,2024,"AA-4 (1, 50%); AA-3 (1, 50%)",,R13 (1); R01 (1)
Marina Lee,NIAID,2,2026,,"ZAI1-AWA (1, 50%); ZAI1-MFH (1, 50%)",UM1 (2)
Marion Koso-Thomas,NICHD,2,2024,"CMGC (1, 50%)","ZHD1-DSR (1, 50%)",K99 (1); R21 (1)
Michael Eugene Mussolino,NHLBI,2,2025,"CHSA (1, 50%); CRD (1, 50%)",,R01 (2)
Michael N Pensiero,NIAID,2,2026,,"ZAI1-JBS (1, 50%); ZAI1-CD (1, 50%)",U19 (1); P01 (1)
Michael Wolfson,NIBIB,2,2026,,"ZEB1-OSR (2, 100%); ZEB1 (2, 100%)",U54 (2)
Monica Epstein,NCI,2,2026,"CONC (1, 50%)","ZRG1-CDPT (1, 50%)",R01 (2)
Patricia A Weber,NCI,2,2024,,"ZRG1-CDPT (1, 50%); ZRG1-RPHB (1, 50%)",R44 (2)
Richard T Benson,NINDS,2,2025,,"ZNS1-SRB (2, 100%)",U13 (1); R25 (1)
Robert C Rivers,NHGRI,2,2024,,"ZHG1-HGR (1, 50%); ZRG1-EMNR (1, 50%)",R21 (1); R01 (1)
Rose Mills,NCI,2,2026,,"ZCA1-PCRB (2, 100%)",R13 (2)
Samantha Jasmine Caesar-Johnson,NCI,2,2026,,"ZRG1-MGG (1, 50%); ZRG1-SCIL (1, 50%)",R15 (1); R13 (1)
Sandra H Bridges,NIAID,2,2026,"HVCD (1, 50%)","ZAI1-JBS (1, 50%)",R01 (1); UM1 (1)
Sean E Hanlon,NCI,2,2025,,"ZCA1-RTRB (1, 50%); ZRG1-BST (1, 50%)",U24 (1); U01 (1)
Shahrooz Vahedi,NCI,2,2024,"NCI-J (2, 100%)",,K01 (2)
Stephanie Melania Alexander-Troupe,OD,2,2026,,"ZOD1-SRC (2, 100%)",OT2 (2)
Stephen O'Connor,NIMH,2,2024,,"ZMH1-ERB (2, 100%)",P50 (2)
Steven Thomas Poole,NIAID,2,2026,,"ZAI1-VS (1, 50%); ZRG1-AIDC (1, 50%); ZAI1 (1, 50%)",U19 (1); R44 (1)
Sundania J W Wonnum,NIMHD,2,2025,,"ZMD1 (1, 50%); ZMD1-MLS (1, 50%)",U54 (1); P50 (1)
Suryanarayana Vepa,NCATS,2,2026,,"ZRG1-MBBC (1, 50%); ZRG1-MCST (1, 50%)",R44 (1); R43 (1)
Susan Soo Park Ochsner,NIAID,2,2024,"MCV (1, 50%)","ZAI1-MMO (1, 50%)",R16 (1); R01 (1)
Suzanne Tydlacka Garcia,NIMH,2,2026,,"ZMH1-ERB (2, 100%)",U24 (2)
Thomas James Calder,NIAID,2,2026,,"ZAI1-AL (1, 50%); ZAI1-CD (1, 50%)",UM1 (2)
Tommie W McKoy,NCI,2,2026,,"ZCA1-RPRB (2, 100%)",U01 (1); U24 (1)
Valentina Di Francesco,NHGRI,2,2024,,"ZHG1-HGR (2, 100%)",U24 (1); R01 (1)
Wen-Chun Amy Huang,NHLBI,2,2026,"SSPT(MA) (1, 50%)","ZRG1-IVBH (1, 50%)",R34 (1); K01 (1)
Abigail Adebisi Soyombo-Shoola,NIMH,1,2026,"DBD (1, 100%)",,R01 (1)
Ahmed Abdullahi Elmi,OD,1,2026,,"ZOD1-SRC (1, 100%)",OT2 (1)
Allison Marie Mandich,OD,1,2026,,"ZPM1 (1, 100%)",OT2 (1)
Amy Yung Tsou,NINDS,1,2026,,"ZNS1-SRB (1, 100%)",R25 (1)
Ana Ines Robles,NCI,1,2026,"CONC (1, 100%)",,R01 (1)
Ancy Dimpy Nalli,NCI,1,2024,"CPSS (1, 100%)",,R21 (1)
Andrew J Kurtz,NCI,1,2026,,"ZCA1-SRC (1, 100%)",OT2 (1)
Anne Elizabeth Mayer Bridwell,NIAID,1,2025,,"ZAI1-FDS (1, 100%)",U19 (1)
Bariatu Smith,NIAID,1,2026,,"ZAI1-RCU (1, 100%)",UM1 (1)
Barna Dey,NIAID,1,2024,,"ZRG1-IIDB (1, 100%)",R01 (1)
Bernard W Parker,NCI,1,2026,"CPSS (1, 100%)",,R01 (1)
Beth Kristen Jaworski,OD,1,2025,,"ZPM1 (1, 100%)",OT2 (1)
Bethanie Ruth Parrish-Salaam,OD,1,2026,,"ZOD1-SRC (1, 100%)",OT2 (1)
Carol Vinton Nguyen,NIA,1,2025,,"ZAG1-ZIJ (1, 100%)",R61 (1)
Carolina Aguiar Cerrone,OD,1,2024,,"ZOD1-SRC (1, 100%)",OT2 (1)
Chunyan He,NIA,1,2024,,"ZRG1-EMS (1, 100%)",U54 (1)
Clara M Cheng,NICHD,1,2024,"NANO (1, 100%)",,R01 (1)
Cristan Smith,NLM,1,2024,,"ZLM1-ZH (1, 100%)",G08 (1)
Dale R Burwen,NCATS,1,2026,,"ZTR1-CI (1, 100%)",U24 (1)
David R Cassatt,NIAID,1,2026,,"ZRG1-CTH (1, 100%)",R42 (1)
Dawei Lin,NIAID,1,2025,"BDMA (1, 100%)",,R03 (1)
Deborah Hodge,NIAID,1,2024,,"ZAI1-TC (1, 100%)",U19 (1)
Erica Martinez,OD,1,2024,,"ZOD1-SRC (1, 100%)",OT2 (1)
Erica K Rosemond,NCATS,1,2026,,"ZRG1-VH (1, 100%)",U54 (1)
Gniesha Yvonne Dinwiddie,NHLBI,1,2026,,"ZHL1-SRC (1, 100%)",OT2 (1)
Henry Rodriguez,NCI,1,2024,,"ZRG1-OBT (1, 100%)",R01 (1)
James J McClain,OD,1,2025,,"ZOD1-OTA (1, 100%)",OT2 (1)
Jane Acri,NIDA,1,2024,"NIDA-L (1, 100%)",,UH3 (1)
Jean C Zenklusen,NCI,1,2024,,"ZCA1 (1, 100%)",U01 (1)
John Paul Giannini,OD,1,2026,,"ZPM1 (1, 100%)",OT2 (1)
Jon T Warren,NIAID,1,2024,,"ZAI1-DNV (1, 100%)",P01 (1)
Joseph T Bruder,NINDS,1,2025,,"ZNS1-SRB (1, 100%)",UG3 (1)
Judith A Miller,NIAID,1,2024,"HCCS (1, 100%)",,R01 (1)
Julia Berzhanskaya,NHLBI,1,2025,,"ZRG1-HSS (1, 100%)",R01 (1)
Kathleen Elizabeth Mercure,NIA,1,2024,,"ZAG1-ZIJ (1, 100%); ZAG1 (1, 100%)",U24 (1)
Krishan Arora,NIGMS,1,2024,,"ZGM1-RCB (1, 100%)",P20 (1)
Kylee Mae Probert Diulus,NIDA,1,2024,,"ZDA1-SAI (1, 100%)",R61 (1)
Leonie Misquitta,NLM,1,2024,"BLR (1, 100%)",,R01 (1)
Lewei Duan,NIA,1,2024,"SSPB (1, 100%)",,R01 (1)
Luisa Marie Russell,NIBIB,1,2026,,"ZEB1-OSR (1, 100%)",U24 (1)
Lumy Sawaki-Adams,NINDS,1,2024,"ASG (1, 100%)",,R01 (1)
Madelaine Balois Ouellette,NHLBI,1,2026,,"ZRG1-IVBH (1, 100%)",K23 (1)
Malgorzata E Wojtowicz,NCI,1,2024,"CPSS (1, 100%)",,R01 (1)
Mandi Yu,NCI,1,2025,,"ZCA1-TCRB (1, 100%)",U01 (1)
Margaret J Ochocinska,OD,1,2026,"CFOT (1, 100%)",,OT2 (1)
Marie D Ricciardone,NCI,1,2024,,"ZCA1 (1, 100%)",U01 (1)
Mark Caulder,OD,1,2024,,"ZRG1-HDM (1, 100%)",U24 (1)
Megan Marie Morsheimer,NIAID,1,2026,"TTT (1, 100%)",,R01 (1)
Michelle C Turner,NCI,1,2026,,"ZCA1-RTRB (1, 100%)",U24 (1)
Mir M Ali,NIA,1,2026,,"ZRG1-EPH (1, 100%)",U24 (1)
Mukesh Verma,NCI,1,2026,"ASPB (1, 100%)",,R03 (1)
Nancy R Miller,NIAID,1,2024,"HIVD (1, 100%)",,R01 (1)
Naomi Antoinette Aspaas,OD,1,2025,,"ZOD1-SRC (1, 100%)",OT2 (1)
Natasha Kay Stout,NCI,1,2026,,"ZRG1-HSS (1, 100%)",R01 (1)
Neeraj Kumar Saxena,NCI,1,2026,,"ZCA1-RTRB (1, 100%)",R00 (1)
Nick B Langhals,NINDS,1,2025,,"ZNS1-SRB (1, 100%)",UH3 (1)
Nicole Alexandra Garcia-Quijano,OD,1,2024,,"ZOD1-SRC (1, 100%)",OT2 (1)
Oreisa Nicole O'Neil-Mathurin,NINDS,1,2026,"NSD-B (1, 100%)",,R25 (1)
Patrick Sanz,NIAID,1,2026,,"ZAI1-CAB (1, 100%)",U19 (1)
Pothur R Srinivas,NCI,1,2025,,"ZRG1-EMNR (1, 100%)",U24 (1)
Rabih Said,NCI,1,2024,,"ZCA1-SRB (1, 100%)",U54 (1)
Rajan Prasad Adhikari,NIAID,1,2026,,"ZAI1-CAB (1, 100%)",U19 (1)
Ray F Ebert,NHLBI,1,2024,,"ZHL1-SRC (1, 100%)",OT2 (1)
Regina M Bures,NHLBI,1,2026,,"ZHL1-SRC (1, 100%)",OT3 (1)
Rhonda Juanita Moore,OD,1,2025,,"ZOD1-SRC (1, 100%)",OT2 (1)
Robert C Palmer,NIAID,1,2024,,"ZHL1-CSR (1, 100%)",U01 (1)
Robert F Tamburro,NICHD,1,2024,"HSOD (1, 100%)",,R01 (1)
Romuladus Emeka Azuine,OD,1,2026,,"ZOD1-SRC (1, 100%)",OT2 (1)
Shannon K Hughes,NCI,1,2024,,"ZCA1-TCRB (1, 100%)",U01 (1)
Shawn R Gaillard,NIGMS,1,2024,,"ZRG1 (1, 100%)",R35 (1)
Shilpa Harshad Amin,NIMHD,1,2024,,"ZMD1 (1, 100%)",U54 (1)
Sonia M Rosenfield,NCI,1,2026,,"ZCA1-SRB (1, 100%)",U24 (1)
Stephanie Murphy,OD,1,2025,,"ZRG1-CB (1, 100%); ZRG1 (1, 100%)",U42 (1)
Stephen J Korn,NINDS,1,2024,,"ZNS1 (1, 100%)",T32 (1)
Stephen T Smiley,NIAID,1,2024,,"ZAI1 (1, 100%)",P01 (1)
Stuart Charles Sweet,NIAID,1,2024,"XNDA (1, 100%)",,R01 (1)
Susan Gregurick,OD,1,2026,,"ZOD1-SRC (1, 100%)",OT2 (1)
Sweta Akshay Ladwa,NHLBI,1,2026,,"ZHL1-SRC (1, 100%)",OT2 (1)
Trinh T Ly,NIDCD,1,2024,,"ZDC1-SRB (1, 100%)",U01 (1)
Viviana Perez Montes,NIA,1,2026,,"ZAG1-ZIJ (1, 100%)",U24 (1)
Wendy F Davidson,NIAID,1,2024,,"ZAI1-TC (1, 100%)",U19 (1)
Wendy Nelson,NCI,1,2024,"LCBH (1, 100%)",,R37 (1)
Yang Liu,NIAID,1,2026,,"ZAI1-SAG (1, 100%)",U19 (1)
Yanqin Yang,OD,1,2026,,"ZOD1-SRC (1, 100%)",OT2 (1)
Yohansa Fernandez,NIDA,1,2024,,"ZDA1-SKM (1, 100%)",R25 (1)
